s1_id	true_match_id	source	country	raw_name_s1	raw_name_target	raw_address_s1	raw_address_target	which_blocking_passes_failed	why_candidate_was_missed
S1-965667	S2-681193310	S2	US	Maure Williams Colombier Inc	Maure Wilblims Colombier Inc	85 Wayne Avenue, Ticonderoga, NY		all_current_passes	no_key_intersection_or_cap
S1-965667	S3-775321672	S3	US	Maure Williams Colombier Inc	Dréxkor	85 Wayne Avenue, Ticonderoga, NY	85 Wanye Avenue, Ticonderoga Townshiip, New York	all_current_passes	no_key_intersection_or_cap
S1-965667	S3-11291185	S3	US	Maure Williams Colombier Inc	maurewilliamscolombier.com	85 Wayne Avenue, Ticonderoga, NY	Wayne Ave, Ticonderoga Townshiip, New York	all_current_passes	no_key_intersection_or_cap
S1-656753428	S2-153058913	S2	India	Ss Food Private Limited	एसएस फूड प्राइवेट लिमिटेड	Af-684, Nandgram Near Mother India Public School. Ph. 989, 9487203, Ghaziabad, Uttar Pradesh	AF-0684, NANDGRAM NEAR MOTHER INDIA PUBLIC SCHOOL. PH. 989, GHAZIABAD, 9487203, उत्तर प्रदेश	all_current_passes	no_key_intersection_or_cap
S1-656753428	S2-24659151	S2	India	Ss Food Private Limited	एसएस फूड प्राइवेट लिमिटेड	Af-684, Nandgram Near Mother India Public School. Ph. 989, 9487203, Ghaziabad, Uttar Pradesh	AF-0684, Uttar Pradesh, GHAZIABAD, 9487203	all_current_passes	no_key_intersection_or_cap
S1-7293388	S3-523120965	S3	India	Chordia & Partners	Smt Chordia  & Center	Faridabad, 1038 Sector 9, Haryana	#1038 Sector 9, Faridabad, हरियाणा	all_current_passes	no_key_intersection_or_cap
S1-546142636	S3-729771680	S3	US	Crystal Staffing Solutions LLC	LLC Crystal Shaffing Solutions	8706 Kentucky Derby Drive, Waxhaw, NC	870 Kentucky Derby Drive, Waxhaw, North Carolina	all_current_passes	no_key_intersection_or_cap
S1-561341312	S2-483615364	S2	India	Balaji Investment Private Limited	బాలాజీ ఇన్వెస్ట్‌మెంట్ ప్రైవేట్ లిమిటెడ్	Plot No. D-88 & D-90, Hyd, Telangana, Hyderabad, Jeedimetla	H.NO 00516 PLOT NO. D-88 & D-90, JEEDIMETLA, HYD, HYDERABAD, Telangana	all_current_passes	no_key_intersection_or_cap
S1-561341312	S3-619529814	S3	India	Balaji Investment Private Limited	Balaji Insvstemnt Private Limited	Plot No. D-88 & D-90, Hyd, Telangana, Hyderabad, Jeedimetla	Plot No. D-88 & D-90, Hyd, Shapurnagar, TG	all_current_passes	no_key_intersection_or_cap
S1-777597828	S3-413669121	S3	US	Uptown Pub	Solkeloquo	6114 10th Avenue, Spokane Valley, WA	6114 Tenth Ave, Spokane Valley, Washington	all_current_passes	no_key_intersection_or_cap
S1-567308588	S2-191200521	S2	US	Zander Blue Co	zblue.com	9236 Meadowmont View Drive, Charlotte, NC	9238 MEADOWMONT VIEW DR, CHRALOTTE CITY, NC	all_current_passes	no_key_intersection_or_cap
S1-567308588	S2-226928496	S2	US	Zander Blue Co	Zander Blrie Co	9236 Meadowmont View Drive, Charlotte, NC	9238 MEADOWMONT VIEW DR, CHRALOTTE CITY, NC	all_current_passes	no_key_intersection_or_cap
S1-567308588	S3-21806256	S3	US	Zander Blue Co	zanderblue.com	9236 Meadowmont View Drive, Charlotte, NC	Charlotte, 9236 Meadowmont View Dr, North Carolina	all_current_passes	no_key_intersection_or_cap
S1-292935703	S3-942647343	S3	US	Cozy Grill	Cozy Gle	617 Fourth Street, Watseka, IL	617 4th Street, Watseka, Illinois	all_current_passes	no_key_intersection_or_cap
S1-525304403	S2-293401164	S2	India	True Factory Ltd	truefactory.com	C/O Sri G P Srivastva At, Idagah Mohall, Dehri-On-S, Dehri, Rohtas, Bihar	C/O SRI G P SRIVASTVA AT, IDAGAH MOHALL, DEHRI-ON-S, DEHRI, बिहार	all_current_passes	no_key_intersection_or_cap
S1-314714647	S3-192802051	S3	India	Seabird (India) Projects-Lucknow	Xylonexbrix	Lucknow, 3/77, Lucknow, Vipul Khand, Opp. Study Hall School Gomtinagar, Uttar Pradesh	3/7, Lucknow, UP	all_current_passes	no_key_intersection_or_cap
S1-616588883	S2-603899205	S2	US	Cao Assets Inc	Cao Aofianehs Inc	769 Sir Philip Drive, Salt Lake City, UT	69 SIR PHILIP DR, SALT LAKE CITY, UT	all_current_passes	no_key_intersection_or_cap
S1-72310418	S2-516305116	S2	India	Burger Solution Limited	Sri Burger  Solution	Flat No. A702, 1St Main, Mantri Classic, 8Th Cross S.T. Bed Layout, Koramangala, Bangalore, Karnataka	DOOR NO 25 FLAT NO. A702, 1ST MAIN, MANTRI CLASSIC, 8TH CROSS S.T. BED LAYOUT, KORAMANGALA, BANGALORE, Karnataka	all_current_passes	no_key_intersection_or_cap
S1-72310418	S2-11779506	S2	India	Burger Solution Limited	Burger Solutino Limited	Flat No. A702, 1St Main, Mantri Classic, 8Th Cross S.T. Bed Layout, Koramangala, Bangalore, Karnataka	NO 25 FLAT NO. A702, 1ST MAIN, MANTRI CLASSIC, 8TH CROSS S.T. BED LAYOUT, KORAMANGALA, BANGALORE, Karnataka	all_current_passes	no_key_intersection_or_cap
S1-72310418	S3-570980846	S3	India	Burger Solution Limited	Burger Shutgon Limited	Flat No. A702, 1St Main, Mantri Classic, 8Th Cross S.T. Bed Layout, Koramangala, Bangalore, Karnataka	Flat No. A702, Bangalore, KA	all_current_passes	no_key_intersection_or_cap
S1-72310418	S3-731160199	S3	India	Burger Solution Limited	Burgersolution.Com	Flat No. A702, 1St Main, Mantri Classic, 8Th Cross S.T. Bed Layout, Koramangala, Bangalore, Karnataka	Flat No. A702, Bangalore, KA	all_current_passes	no_key_intersection_or_cap
S1-9962387	S3-160760047	S3	India	Systel Buildstructure (India) Private Limited	systelbuildstructureindia.com	1401, 14Th Floor, Plot -161, Raheja Majestic Manorama Nagarkar Marg, Taikalwadi, Mahi, M, Mumbai, Mumbai City, Maharashtra	#162 1401, 14Th Floor, Plot -161, Raheja Majestic Manorama Nagarkar Marg, Taikalwadi, Mahi, M, Mumbai, Mumbai City, MH	all_current_passes	no_key_intersection_or_cap
S1-463669205	S2-301757320	S2	US	Beacon Municipals LLC	Beacon Mumnicilpas LLC	15602 60, Borden, IN	1560 60, BORDEN, IN	all_current_passes	no_key_intersection_or_cap
S1-116043204	S3-85523430	S3	India	Red Consultants Pvt. Ltd.	Red Pvt. Ltd. Center	C/O Tapas Kumar Betal, Bhogpur, Purba Medinipur, Panskura, East Midnapore, West Bengal		all_current_passes	no_key_intersection_or_cap
S1-818149988	S3-965578558	S3	US	Vadyne Inc	Vagdyae Inc	Greensboro, 1604 Washington Street, NC	01604 Washington Street, PMB 841, Greensboro, North Carolina	all_current_passes	no_key_intersection_or_cap
S1-876102895	S2-358560681	S2	US	Physical Therapy Clinic	PHYSlCAL THERAPY CLINIC	5208 Beacon Falls Drive, Fl 1, Columbia, MO	BEACON FALLS DR, COLUMBIA, MO	all_current_passes	no_key_intersection_or_cap
S1-473377609	S3-433876173	S3	India	Wave & Brothers Ltd	Belobrixlum	Plot No. 65, Mahada Colony, Sai Nagar, Nagpur, Maharashtra	Door No 65, Mahada Colony, Sai Nagar, Nagpur, MH	all_current_passes	no_key_intersection_or_cap
S1-574308285	S3-875723263	S3	US	Atlantic Coalition	Atlantic  Center	104 Noel Cove Circle, Nashville, TN	Noel Cove Cir, Hermitage, Tennessee	all_current_passes	no_key_intersection_or_cap
S1-686913759	S2-584238851	S2	US	Behavioral Health Clinic	BEHAVIORALHEALTHCLINIC.COM	2493 Pennwood Court, Round Lake Beach, IL	2493 PENNWOOD CT, ROUND LAKE BEACH, IL	all_current_passes	no_key_intersection_or_cap
S1-686913759	S3-446980961	S3	US	Behavioral Health Clinic	Behavioral Health	2493 Pennwood Court, Round Lake Beach, IL	2493 Pennwood Ct, Illinois, Round Lake Beach	all_current_passes	no_key_intersection_or_cap
S1-731397769	S2-811548929	S2	US	Fasoft Midwest Biopharma	Fasoft Mdfiwst Biopharma	112 Hummingbird Hill Road, Franklin, NC	HUMMINGBIRD HILL RD, FRANKLIN, NC	all_current_passes	no_key_intersection_or_cap
S1-518197819	S2-891724637	S2	US	Primary Care Clinic LLC	PRIMARY CARE LLC CENTER	351 11th Street, Washington, DC	35 11TH STREET, WASHINGTON, DC	all_current_passes	no_key_intersection_or_cap
S1-957102563	S3-368033022	S3	India	Vadodara Industries Pvt Ltd	vadodaraindustries.com	5Th Floor, E/504-A, Lalita Tower Jetalpur Road, Vadodara, Gujarat	Door No #5Th Floor, E/504-a, Lalita Tower Jetalpur Road, Baroda, Vadodara, ગુજરાત	all_current_passes	no_key_intersection_or_cap
S1-693111833	S3-736726288	S3	India	Viraaj Brokerage (India) Corporation	Viraaj (India) Corporation Partners	16 Tara Chand Dutta Street, 3Rd Floor, Kolkata, Kolkata, Howrah, West Bengal	পশ্চিমবঙ্গ, Tara Chand Dutta Street, 3Rd Floor, Kolkata, Kolkata	all_current_passes	no_key_intersection_or_cap
S1-244810289	S3-742580559	S3	India	Celestial Memorial Trust	celestialmemorialtrust.com	No. 35, Brentwood Apartments, Defence Colony, 2Nd Main, Indiranagar, Bangalore, Karnataka	Door No 35, Brentwood Apartments, Defence Colony, 2Nd Main, Indiranagar, Bangalore, KA	all_current_passes	no_key_intersection_or_cap
S1-553375105	S3-150800481	S3	US	Kozlowski, Lopez & Smith LLC	lopezkozlowski.com	5842 Baileys Ridge Drive, New Kent County, VA	5842-D Baileys Ridge Drive, Providence Forge, Virginia	all_current_passes	no_key_intersection_or_cap
S1-152222475	S3-784413899	S3	India	Ram Maa Logistics Private Limited	PRIVATE RAM MAA LOGISTICS LIMITED	G-1, Floor-Grd, One Avighna Park, Mahadeo Palav Marg, Curry Road Parel, Mumbai, Maharashtra	Mumbai, G-1, MH, Mira-bhayandar	all_current_passes	no_key_intersection_or_cap
S1-790589419	S3-46701641	S3	India	Christy Tech (India) Limited	Christy (India) Limited Services	House No 707, 2 At Sarole, Post Vanasgoan, Niphad, Nashik, Maharashtra	House No 707, Niphad, Nashik, MH	all_current_passes	no_key_intersection_or_cap
S1-790589419	S3-213905796	S3	India	Christy Tech (India) Limited	Christy (India)-Limited Services	House No 707, 2 At Sarole, Post Vanasgoan, Niphad, Nashik, Maharashtra	House No 707, 2 At Sarole, Post Vanasgoan, Niphad, Nashik, MH	all_current_passes	no_key_intersection_or_cap
S1-365634347	S2-368827389	S2	US	Modern Soulpower LLC	Modern  LLC Center	1002 Kensington Circle, Fredericksburg City, VA	KENSINGTON CIRCLE, FREDERICKSBURG CITY, VA	all_current_passes	no_key_intersection_or_cap
S1-652339606	S2-731383297	S2	India	Libra Service Limited	Sri LIBRA  SERVICE LIMITED	2 Rwm, Ravwala Soubhagya, Ravwala, Bajju, Kolayat, Bikaner, Rajasthan		all_current_passes	no_key_intersection_or_cap
S1-502736054	S3-82080725	S3	India	First Seven Exports Pvt Ltd	@Firstseven	Maharashtra, At Shahagad Tq. Ambad, Jalna	At Shahgad Tq. Ambad, Jalna, MH	all_current_passes	no_key_intersection_or_cap
S1-502736054	S3-537652714	S3	India	First Seven Exports Pvt Ltd	फर्स्ट सेवन एक्सपोर्ट्स प्रा. लि.	Maharashtra, At Shahagad Tq. Ambad, Jalna	At Shahagad Tq. Ambad, Jalna, MH	all_current_passes	no_key_intersection_or_cap
S1-649259801	S2-654066445	S2	India	Guru Solutions Pvt Ltd	ಗುರು ಸೊಲ್ಯೂಷನ್ಸ್ ಪ್ರೈವೇಟ್ ಲಿಮಿಟೆಡ್	443 Kantharaju Urs Road T K Layout, Mysore, Karnataka	C-443 KANTHARAJU URS ROAD T K LAYOUT, MYSORE, Karnataka	all_current_passes	no_key_intersection_or_cap
S1-927655670	S3-708159263	S3	India	Jain Marketing Private Limited	Yumariza fka Jain Marketing Private Limited	Bihar, Mashrakh, Mashrakh Near Bsm Global School, Saran, Plot No 6560	Plot No 6560, Mashrakh Near Bsm Global School, Mashrakh, Saran, Bihar	all_current_passes	no_key_intersection_or_cap
S1-385608858	S3-393804899	S3	India	Janashakti (India) Square Private Limited	Mr janashaktiindiasquare.com	105, Mangalmurti Sapphire, Nr Omkar School, 90 Ft Rd, Kalyan, Thane, Maharashtra	Mangalmurti Sapphire, Nr Omkar School, 90 Ft Rd, 105, Kalyan, MH, Thane	all_current_passes	no_key_intersection_or_cap
S1-185938539	S3-880695057	S3	India	Sai (India) (india) Private Limited	Private Sai (India) (india) Límited	12, B. T. Road, Khardah, P. O - Sukchar, Kolkata, Howrah, West Bengal	9-12, Kolkata, Howrah, WB	all_current_passes	no_key_intersection_or_cap
S1-185938539	S3-846884848	S3	India	Sai (India) (india) Private Limited	Saiindiaindia.Com	12, B. T. Road, Khardah, P. O - Sukchar, Kolkata, Howrah, West Bengal	9-12, B. T. Road, Khardah, P. O - Sukchar, Kolkata, Howrah, WB	all_current_passes	no_key_intersection_or_cap
S1-654156225	S2-775493531	S2	India	KBM Research Private Limited	Private KBM Research Ltd	C/O Arvind Kumar, S/O Ram Sujan Prasad, Asochak, Police Station-Ramkrishan Nagar, Patna, Bihar	C/O ARVIND KUMAR, S/O RAM SUJAN PRASAD, ASOCHAK, POLICE STATION-RAMKRISHAN NAGAR, PATNA, Bihar	all_current_passes	no_key_intersection_or_cap
S1-654156225	S2-200519662	S2	India	KBM Research Private Limited	kbmresearch.c0m	C/O Arvind Kumar, S/O Ram Sujan Prasad, Asochak, Police Station-Ramkrishan Nagar, Patna, Bihar	C/O ARVIND KUMAR, S/O RAM SUJAN PRASAD, ASOCHAK, POLICE STATION-RAMKRISHAN NAGAR, PATNA, Bihar	all_current_passes	no_key_intersection_or_cap
S1-654156225	S3-855861296	S3	India	KBM Research Private Limited	KBM Retsrahc Private Limited	C/O Arvind Kumar, S/O Ram Sujan Prasad, Asochak, Police Station-Ramkrishan Nagar, Patna, Bihar	C/o Arvind Kumar, Patna, BR	all_current_passes	no_key_intersection_or_cap
S1-541270202	S3-31133661	S3	US	Sofie Greenman, O.D.	sofiegreenmanod.com	356 Bell Factory Road, Huntsville, AL	0356 Bell Factory Road, Huntsville, Alabama	all_current_passes	no_key_intersection_or_cap
S1-212509374	S2-598327313	S2	US	Hines Liberty Produce LLC	hineslibertyproduce.com	1286 Kents Ridge Road, Richlands Town, VA	1286 1/2 KENTS RIDGE RD, RICHLANDS TOWN, VA	all_current_passes	no_key_intersection_or_cap
S1-295437535	S3-651788103	S3	India	Kerala (India) Granites Limited	Keralaindiagranites.Com	Medak, Telangana, Shivajinagar, Siddipet, 8-2-67/1/A/3/1	Andhra Pradesh, Medak, 8-2-67/1/A/3/1, Siddipet	all_current_passes	no_key_intersection_or_cap
S1-618246590	S2-955993024	S2	India	Pretty Constructions Corporation	Smt PRETTY CONSTRUCTIONS (CORP)	#12 Ward No 22, 2Nd Cross, Rahamaniya Nagar, Ramanagar, Bangalore Rural, Karnataka	NO 12 WARD NO 22, 2ND CROSS, RAHAMANIYA NAGAR, RAMANAGAR, Karnataka	all_current_passes	no_key_intersection_or_cap
S1-539763792	S2-26500789	S2	US	Internal Medicine Silver Care	Internal Medicine Silver Silver Care	129 Geneva Road, New Bern, NC	129 GENEVA ROAD, NEW BERN, NC	all_current_passes	no_key_intersection_or_cap
S1-292900819	S2-791548670	S2	India	Services Tycon Connect Partners	SERVICES TÉTONC CONNECT PARTNERS	Shop No. G-01-C, Mangalam - Residency Apartment, Pragati Nagar, Ajmer, Rajasthan		all_current_passes	no_key_intersection_or_cap
S1-292900819	S2-285810778	S2	India	Services Tycon Connect Partners	Services Services Tycón	Shop No. G-01-C, Mangalam - Residency Apartment, Pragati Nagar, Ajmer, Rajasthan	SHOP NO. G-D/01-C, MANGALAM - RESIDENCY APARTMENT, PRAGATI NAGAR, AJMER, Rajasthan	all_current_passes	no_key_intersection_or_cap
S1-531928114	S2-127219034	S2	US	Tri-State Guild	Tri-State Gúild (ID: 93967)	2915 Dares Beach Road, Prince Frederick, MD	DARES BEACH RD, PRINCE FREDERICK, MD	all_current_passes	no_key_intersection_or_cap
S1-531928114	S3-110146591	S3	US	Tri-State Guild	tristateguild.com	2915 Dares Beach Road, Prince Frederick, MD	915 Dares Beach Rd, PMB 6098, Prince Frederick CDP, Maryland	all_current_passes	no_key_intersection_or_cap
S1-531928114	S3-754675415	S3	US	Tri-State Guild	Yumaflux Formerly Tri-State Guild	2915 Dares Beach Road, Prince Frederick, MD	2915 Dares Beach Road, Prince Frederick, MD	all_current_passes	no_key_intersection_or_cap
S1-741937259	S3-196963273	S3	US	Lavinia Oehler, DDS	Tavocalo t/a Lavinia Oehler, DDS	MA, 452 Whistleberry Drive, Barnstable	452 Whistleberry Drive, Barnstable, MA	all_current_passes	no_key_intersection_or_cap
S1-83647344	S2-777713487	S2	India	New India Private Limited	Shri New India  Private Ltd	Fl 401, Telangana, Sri Niketan Abhinandana Aprt. Ayyappa Society, Nr.Cgr Int. Pl.250 251, Madhapur, Hyderabad, Rangareddy	FL 40, SRI NIKETAN ABHINANDANA APRT. AYYAPPA SOCIETY, NR.CGR INT. PL.250 251, MADHAPUR, HYDERABAD, తెలంగాణ	all_current_passes	no_key_intersection_or_cap
S1-83647344	S3-383555916	S3	India	New India Private Limited	@newindia	Fl 401, Telangana, Sri Niketan Abhinandana Aprt. Ayyappa Society, Nr.Cgr Int. Pl.250 251, Madhapur, Hyderabad, Rangareddy	Rangareddy, #240 Fl 401, Hyderabad, Sri Niketan Abhinandana Aprt. Ayyappa Society, Nr.cgr Int. Pl.250 251, Madhapur, Andhra Pradesh	all_current_passes	no_key_intersection_or_cap
S1-83647344	S3-248378176	S3	India	New India Private Limited	Sri New India Private	Fl 401, Telangana, Sri Niketan Abhinandana Aprt. Ayyappa Society, Nr.Cgr Int. Pl.250 251, Madhapur, Hyderabad, Rangareddy	Door No 240 Fl 401, Sri Niketan Abhinandana Aprt. Ayyappa Society, Nr.cgr Int. Pl.250 251, Madhapur, Rangareddy, Hyderabad, Andhra Pradesh	all_current_passes	no_key_intersection_or_cap
S1-83647344	S3-175231511	S3	India	New India Private Limited	New Private Limited 5ervices	Fl 401, Telangana, Sri Niketan Abhinandana Aprt. Ayyappa Society, Nr.Cgr Int. Pl.250 251, Madhapur, Hyderabad, Rangareddy		all_current_passes	no_key_intersection_or_cap
S1-307962633	S2-415653047	S2	US	Historical Committee Inc.	HÍSTORICALCOMMITTEE.COM	3823 Hidden Cove Court, Rockwall, TX	HIDDEN COVE CT, PMB 4364, ROCKWWALL, TX	all_current_passes	no_key_intersection_or_cap
S1-971070058	S3-259186358	S3	US	Slate Associates	5late Asoccatbes	OH, 356 Reed Avenue, Akron	356 Reed Ave, Akron, Ohio	all_current_passes	no_key_intersection_or_cap
S1-971070058	S3-997282939	S3	US	Slate Associates	Rizalum trading as Slate Associates	OH, 356 Reed Avenue, Akron	Akron, 356 Reed Avenue, OH	all_current_passes	no_key_intersection_or_cap
S1-466277913	S3-280749539	S3	US	Sterling Eastern Inc	Inc 5terling Eastern	8526 Kensley Lane, Lakesite, TN	Tennessee, Hixson, Kensley Ln	all_current_passes	no_key_intersection_or_cap
S1-759513870	S2-464637188	S2	US	Nixa Literacy Association	nixaliteracyassociation.com	874 Celtic Court, Nixa, MO	CELTIC CT, NIXA, MO	all_current_passes	no_key_intersection_or_cap
S1-254440362	S3-734943831	S3	US	West Surgical, Inc.	West 5udilc, Inc.	400 Holstein Street, Unit Unit 2, Bridgeport Borough, PA		all_current_passes	no_key_intersection_or_cap
S1-425631822	S2-932399936	S2	US	Modern Precision Laboratories	Services Laboratories Modern	10824 Edgewood Road, Harrison, OH	1082 EDGEWOOD RD, HARRISON, OH	all_current_passes	no_key_intersection_or_cap
S1-425631822	S3-577199638	S3	US	Modern Precision Laboratories	Modem Precision Laboratories Corp	10824 Edgewood Road, Harrison, OH	0010824 Edgewood Road, Harrison, Ohio	all_current_passes	no_key_intersection_or_cap
S1-432931957	S2-596145832	S2	US	Internal Medicine Signature Associates L.L.C.	Internal Medicine Stcnnacure Associates (L.L.C.)	2780 Rock Creek Road, Creston, NC	CRESTON, NC, 2780-2782 ROCK CREEK ROAD	all_current_passes	no_key_intersection_or_cap
S1-432931957	S3-284924975	S3	US	Internal Medicine Signature Associates L.L.C.	Internal Medicine Signature L.L.C. Center	2780 Rock Creek Road, Creston, NC	002780 Rock Creek Road, Creson Township, North Carolina	all_current_passes	no_key_intersection_or_cap
S1-730297501	S2-913826284	S2	US	Gutierrez Service of Mesa Inc	Inc 6utierrez Service of Mesa	2121 Main Street, Unit 2050, Mesa, AZ	2121 MADN STREET, PMB 4411, MESA, AZ	all_current_passes	no_key_intersection_or_cap
S1-424976769	S3-296472077	S3	India	BS Projects	Gildcalo	Shop No.- 4, Ground Floor, 59/101 Kanhaiya Plaza, Dalmandi, Canal Road, Kanpur, Uttar Pradesh	Shop No.- 4, Ground Floor, 59/101 Kanhaiya Plaza, Dalmandi, Canal Road, Kanpur, Uttar Pradesh	all_current_passes	no_key_intersection_or_cap
S1-369720553	S2-736703322	S2	India	Station Global Co	Smt Station  Global Co	No. 309, Shreshtabhumi No. 87, K.R. Road. Shankarapuram, Bangalore, Karnataka	DOOR NO #309 , SHRESHTABHUMI NO. 87, K.R. ROAD. SHANKARAPURAM, BANGALORE, Karnataka	all_current_passes	no_key_intersection_or_cap
S1-369720553	S2-309368741	S2	India	Station Global Co	Station Gdeonal Co	No. 309, Shreshtabhumi No. 87, K.R. Road. Shankarapuram, Bangalore, Karnataka		all_current_passes	no_key_intersection_or_cap
S1-216137765	S2-190915441	S2	India	Gold Projects Pvt Ltd	ಗೋಲ್ಡ್ ಪ್ರಾಜೆಕ್ಟ್ಸ್ ಪ್ರೈವೇಟ್ ಲಿಮಿಟೆಡ್	Flat No.A-1101, 11Th Floor, Advaitha Aksha Apartment A Block, Jakkasandra Grama, Bangalore South, Bangalore, Karnataka	FLAT NO.A-G-1101, 11TH FLOOR, ADVAITHA AKSHA APARTMENT A BLOCK, JAKKASANDRA GRAMA, BANGALORE, BANGALORE SOUTH, Karnataka	all_current_passes	no_key_intersection_or_cap
S1-216137765	S2-680612609	S2	India	Gold Projects Pvt Ltd	ಗೋಲ್ಡ್ ಪ್ರಾಜೆಕ್ಟ್ಸ್ ಪ್ರೈವೇಟ್ ಲಿಮಿಟೆಡ್	Flat No.A-1101, 11Th Floor, Advaitha Aksha Apartment A Block, Jakkasandra Grama, Bangalore South, Bangalore, Karnataka	FLAT NO.A-G-1101, 11TH FLOOR, ADVAITHA AKSHA APARTMENT A BLOCK, JAKKASANDRA GRAMA, BANGALORE, BANGALORE SOUTH, Karnataka	all_current_passes	no_key_intersection_or_cap
S1-216137765	S2-904465183	S2	India	Gold Projects Pvt Ltd	ಗೋಲ್ಡ್ ಪ್ರಾಜೆಕ್ಟ್ಸ್ ಪ್ರೈವೇಟ್ ಲಿಮಿಟೆಡ್	Flat No.A-1101, 11Th Floor, Advaitha Aksha Apartment A Block, Jakkasandra Grama, Bangalore South, Bangalore, Karnataka	ಕರ್ನಾಟಕ, BANGALORE SOUTH, BANGALORE, 11TH FLOOR, ADVAITHA AKSHA APARTMENT A BLOCK, JAKKASANDRA GRAMA, FLAT NO.A-G-1101	all_current_passes	no_key_intersection_or_cap
S1-216137765	S3-818304481	S3	India	Gold Projects Pvt Ltd	ಗೋಲ್ಡ್ ಪ್ರಾಜೆಕ್ಟ್ಸ್ ಪ್ರೈವೇಟ್ ಲಿಮಿಟೆಡ್	Flat No.A-1101, 11Th Floor, Advaitha Aksha Apartment A Block, Jakkasandra Grama, Bangalore South, Bangalore, Karnataka	Fat No.a-101, 11Th Floor, Advaitha Aksha Apartment A Block, Jakkasandra Grama, Bangalore, Bangalore South, KA	all_current_passes	no_key_intersection_or_cap
S1-9455909	S3-384632970	S3	India	Seven Sun Producer Private Limited	सेवन सन प्रोड्यूसर प्राइवेट लिमिटेड	Unit 508, Crescent Business Square, 5Th Floor, Opp Gundecha Onclave, Khairani Road, Andheri East, Mumbai, Maharashtra	Mumbai, Mumbai Region, Unit 08, MH	all_current_passes	no_key_intersection_or_cap
S1-9455909	S3-393934040	S3	India	Seven Sun Producer Private Limited	Priavfe Seven Sun Producer Limited	Unit 508, Crescent Business Square, 5Th Floor, Opp Gundecha Onclave, Khairani Road, Andheri East, Mumbai, Maharashtra	MH, Mumbai Region, Unit 08, Mumbai	all_current_passes	no_key_intersection_or_cap
S1-9455909	S3-133372803	S3	India	Seven Sun Producer Private Limited	सेवन सन प्रोड्यूसर प्राइवेट लिमिटेड	Unit 508, Crescent Business Square, 5Th Floor, Opp Gundecha Onclave, Khairani Road, Andheri East, Mumbai, Maharashtra	Unit 08, Mumbai Region, Mumbai, MH	all_current_passes	no_key_intersection_or_cap
S1-796816825	S2-347326271	S2	India	Red Global Limited	রেড গ্লোবাল লিমিটেড	West Bengal, Panchagram, Badkulla, C/O: Malay Sarkar, Hanskhali, Nadia	C/O: MALAY SARKAR, PANCHAGRAM, BADKULLA, HANSKHALI, BADKULLA, West Bengal	all_current_passes	no_key_intersection_or_cap
S1-796816825	S3-896547694	S3	India	Red Global Limited	রেড গ্লোবাল লিমিটেড	West Bengal, Panchagram, Badkulla, C/O: Malay Sarkar, Hanskhali, Nadia	C/o: Malay Sarkar, Panchagram, Badkulla, Kolkata Region, Hanskhali, WB	all_current_passes	no_key_intersection_or_cap
S1-922626199	S3-286175400	S3	India	Sarasiya Consulting Private Limited	The  Sarasiya Consulting Private Limited	Plot No- 271-A, Vipin Garden Uttam Nagar, New Delhi, West Delhi, Delhi		all_current_passes	no_key_intersection_or_cap
S1-922626199	S3-841777268	S3	India	Sarasiya Consulting Private Limited	Private Sarasiya Consulting Ltd	Plot No- 271-A, Vipin Garden Uttam Nagar, New Delhi, West Delhi, Delhi	Door No 2-68 Plot No- 271-A, New Delhi, West Delhi, DL	all_current_passes	no_key_intersection_or_cap
S1-862024840	S3-187313683	S3	India	South Estate Private Limited	साउथ एस्टेट प्राइवेट लिमिटेड	12, Gali No-16, Vijay Colony, Burari, New Delhi, Delhi	12/2, Gali No-16, Vijay Colony, Burari, New Delhi, DL	all_current_passes	no_key_intersection_or_cap
S1-91229135	S3-776763819	S3	India	Pawan Pharmaceuticals Clinic	Jaxfaye DBA: Pawan Pharmaceuticals Clinic	Bangalore, Chikkatogur, Bangalore South, Karnataka, #No 9 K No 95/121	Bangalore South, Bangalore, #No 9 K No 95/121, Chikkatogur, Karnataka	all_current_passes	no_key_intersection_or_cap
S1-854284989	S2-54609117	S2	US	Kimble Society	Kimble Sgcoiy	125 Guest Street, Unit 421, Boston, MA	181 GUEST STREET, BRIGHTON, MA	all_current_passes	no_key_intersection_or_cap
S1-446697179	S3-787413121	S3	India	Jain Law Chambers	Halolum+ a/k/a Jain Law Chambers	Flat No. 8, Varun Apartment 2 Ashar Estate, Upnagar Stop, Nashik, Maharashtra	Flat No. 8, Varun Apartment 2 Ashar Estate, Upnagar Stop, Nashik, Maharashtra	all_current_passes	no_key_intersection_or_cap
S1-996012175	S2-168466570	S2	US	Ferguson Webster PLLC	PLLC Ferguson Wedtsre	880 June Terrace, Unit UNIT 270, Lake Zurich, IL	LAKE ZRUICH CDP, IL, 880 JUNE TERRACE	all_current_passes	no_key_intersection_or_cap
S1-424050882	S3-37198119	S3	India	Ram Foods LLP	Ram LLP Service Service	Haryana, Cabin No.1, 2Nd Floor, Sector 16, Panchkula, Sco No. 18, Panchkula	Sco No. 18, Panchkula, HR	all_current_passes	no_key_intersection_or_cap
S1-894049089	S2-972003483	S2	India	Swastik Marketing	स्वस्तिक मार्केटिंग	1301, 13Th Floor, Peninsula Business Park, Tower B, Senapatibapat Marg, Lower Parel, (West), Mumbai, Mumbai City, Maharashtra	1301/8, 13TH FLOOR, PENINSULA BUSINESS PARK, TOWER B, SENAPATIBAPAT MARG, LOWER PAREL, (WEST), NALA SOPARA DIST THANE, MUMBAI CITY, महाराष्ट्र	all_current_passes	no_key_intersection_or_cap
S1-683515854	S2-756250340	S2	India	Shiva Exports	शिवा एक्सपोर्ट्स	Charitravan Buxar Infront Of Mv College, Buxar, Bihar	DOOR NO 559 CHARITRAVAN BUXAR INFRONT OF MV COLLEGE, BUXAR, Bihar	all_current_passes	no_key_intersection_or_cap
S1-297294757	S2-831679005	S2	India	Aarvita Fabric Pvt. Ltd.	Pvt. Aarvita Fabric Ltd.	C/O Indrani, K.1, 1St Cross, Bangalore South, Bangalore, Karnataka	H.NO 340 C/O INDRANI, BANGALORE SOUTH, BANGALORE, Karnataka	all_current_passes	no_key_intersection_or_cap
S1-297294757	S3-802514980	S3	India	Aarvita Fabric Pvt. Ltd.	Aarvita Fbcaric Pvt. Ltd.	C/O Indrani, K.1, 1St Cross, Bangalore South, Bangalore, Karnataka	C/o Indrani, K.1, 1St Cross, Bangalore South, Bangalore, ಕರ್ನಾಟಕ	all_current_passes	no_key_intersection_or_cap
S1-477776195	S2-871236056	S2	US	Dynamic Biomedical Networks LLC	dynamicbiomedicalnetworks.com	270 School Hill Road, Cecil Township, PA	27 SCHOOL HILL ROAD, CANONSBURG, PA	all_current_passes	no_key_intersection_or_cap
S1-821434436	S3-869884588	S3	US	Pediatric Dental Medicine PC	dpmedicine.com	4735 Heber Springs Road, Ida, AR	4735 Heber Springs Road, Ida, Arkansas	all_current_passes	no_key_intersection_or_cap
S1-93741603	S3-981096747	S3	US	Aguilar Diversified LLC	Aguilar Diervsmfeid LLC	21255 Summit Drive, Sheridan, OR		all_current_passes	no_key_intersection_or_cap
S1-573706294	S2-20524568	S2	India	Awesome Projects Private Limited	Private Awes0me Projects Limited	Chennai, Tamil Nadu, Chennai, No 107 Pondy Bazzar Thiyagaraya Road, T Nagar	NO 107 PONDY BAZZAR THIYAGARAYA ROAD, Tamil Nadu, CHENNAI	all_current_passes	no_key_intersection_or_cap
S1-879276752	S3-144339303	S3	US	Bryan Square LLC	bryansquare.com	850 Gorman Road, Gatesville, TX	Gatesville, Texas, Gorman Rd	all_current_passes	no_key_intersection_or_cap
S1-906428444	S3-129054940	S3	US	Oncology Medicine Inc	oncologymedicine.com	711 9th Street, Etowah, TN	711 Ninth Street, Etwah, Tennessee	all_current_passes	no_key_intersection_or_cap
S1-505333132	S3-551152157	S3	US	Clemons Silver Eastern Inc	Clemons Silvre  Eastern Inc	1619 Julia Park Drive, Spring, TX	Julia Park Drive, Spring, Texas	all_current_passes	no_key_intersection_or_cap
S1-549559960	S2-848203707	S2	India	Hari Urban Ventures Pvt Ltd	హరి అర్బన్ వెంచర్స్ ప్రైవేట్ లిమిటెడ్	8-491, Sai Nilayam, Flat No Ff-1, Srls Colony, Vijayawada (Rural), Krishna, Andhra Pradesh	9-491, VIJAYAWADA (RURAL), KRISHNA, Andhra Pradesh	all_current_passes	no_key_intersection_or_cap
S1-549559960	S3-292200508	S3	India	Hari Urban Ventures Pvt Ltd	హరి అర్బన్ వెంచర్స్ ప్రైవేట్ లిమిటెడ్	8-491, Sai Nilayam, Flat No Ff-1, Srls Colony, Vijayawada (Rural), Krishna, Andhra Pradesh	7-491, Sai Nilayam, Flat No Ff-1, Srls Colony, Vijayawada (Rural), Krishna, AP	all_current_passes	no_key_intersection_or_cap
S1-549559960	S3-231650119	S3	India	Hari Urban Ventures Pvt Ltd	హరి అర్బన్ వెంచర్స్ ప్రైవేట్ లిమిటెడ్	8-491, Sai Nilayam, Flat No Ff-1, Srls Colony, Vijayawada (Rural), Krishna, Andhra Pradesh	7-491, Sai Nilayam, Flat No Ff-1, Srls Colony, Krishna, Vijayawada (Rural), AP	all_current_passes	no_key_intersection_or_cap
S1-237739500	S3-679029492	S3	India	Perfect Exports Pvt Ltd	परफेक्ट एक्सपोर्ट्स प्रा. लि.	Jaipur, Samridhi Tower, Iiird Floor, Near Sbi Bank Jda Central Market, Amrapali Circle, Vais, Hali Nagar, S-1, Rajasthan, Jaipur	Jaipur, Doro No ##719 S-1, Jaipur, RJ	all_current_passes	no_key_intersection_or_cap
S1-967724835	S3-682315461	S3	India	Jagsakti (India) Infotech Co	Shri Jagsakti Infotech Co Center	Mumbai, Maharashtra, 301 Elphinstone House 17Marzban Rd Fort Opp Sterling Road	0301 Elphinstone House 17Marzban Rd Fort Opp Sterling Road, Mumbai, MH	all_current_passes	no_key_intersection_or_cap
S1-924630389	S2-143853453	S2	India	Piyush Educational Society	PIYUSH SOCIETY EDCUTRBEIOLEAL	No.A/4, Rahat Garden Apartments, Sakthi Nagar First Main Road, Jamin Pall, Avaram, Chennai, Tamil Nadu	Tamil Nadu, NO.A/4, RAHAT GARDEN APARTMENTS, SAKTHI NAGAR FIRST MAIN ROAD, JAMIN PALL, AVARAM, CHENNAI	all_current_passes	no_key_intersection_or_cap
S1-924630389	S3-831568644	S3	India	Piyush Educational Society	Piyush Partners Society	No.A/4, Rahat Garden Apartments, Sakthi Nagar First Main Road, Jamin Pall, Avaram, Chennai, Tamil Nadu	No.a/##4, Rahat Garden Apartments, Sakthi Nagar First Main Road, Jamin Pall, Avaram, Chennai, TN	all_current_passes	no_key_intersection_or_cap
S1-924630389	S3-10826619	S3	India	Piyush Educational Society	Piyush	No.A/4, Rahat Garden Apartments, Sakthi Nagar First Main Road, Jamin Pall, Avaram, Chennai, Tamil Nadu	No.A/4, Rahat Garden Apartments, Sakthi Nagar First Main Road, Jamin Pall, Avaram, Chennai, Tamil Nadu	all_current_passes	no_key_intersection_or_cap
S1-557991692	S2-88682972	S2	India	Vinay Tele	Vinay Toetle	48 Manuja Bhavancentral Avenue Road, Nagpur, Maharashtra		all_current_passes	no_key_intersection_or_cap
S1-557991692	S3-176178171	S3	India	Vinay Tele	vinaytele.com	48 Manuja Bhavancentral Avenue Road, Nagpur, Maharashtra	Nagpur, 48 Manuja Bhavancentral Avenue Road, MH, Nagpur	all_current_passes	no_key_intersection_or_cap
S1-8713989	S3-20459433	S3	US	Li Sterling Technology LP	Li Sterlnig Technology LP #8180	8057 Little Circle Road, Noblesville, IN		all_current_passes	no_key_intersection_or_cap
S1-945360052	S3-993303669	S3	India	Rachana Reality	#rachanareality	West Bengal, Kolkata, 170/1 Lower Circuler Road, Howrah, Kolkata	170/1 Lower Circuler Road, Kolkata, Hugli, Kolkata, WB	all_current_passes	no_key_intersection_or_cap
S1-555242352	S2-810626996	S2	India	Prime Media Pvt Ltd	प्राइम मीडिया प्रा. लि.	C/O Ramesh Bhagchand Ginnare Dharampuri, Khandwa, Indore, Madhya Pradesh	C/O RAMESH BHAGCHNAD GINNARE DHARAMPURI, KHANDWA, INDORE, Madhya Pradesh	all_current_passes	no_key_intersection_or_cap
S1-555242352	S2-253027494	S2	India	Prime Media Pvt Ltd	प्राइम मीडिया प्रा. लि.	C/O Ramesh Bhagchand Ginnare Dharampuri, Khandwa, Indore, Madhya Pradesh	C/O RAMESH BHAGCHAND GINNARE DHARAMPURI, INDORE, KHANDWA, मध्य प्रदेश	all_current_passes	no_key_intersection_or_cap
S1-555242352	S2-256698756	S2	India	Prime Media Pvt Ltd	प्राइम मीडिया Pvt Ltd	C/O Ramesh Bhagchand Ginnare Dharampuri, Khandwa, Indore, Madhya Pradesh	C/O RAMESH BHAGCHAND GINNARE DHARAMPURI, INDORE, Madhya Pradesh, KHANDWA	all_current_passes	no_key_intersection_or_cap
S1-477515156	S3-979362679	S3	India	Aksha Trading Pvt Ltd	Aksha Pvt Ltd Center	Gurgaon, Dlf Phase 5, Sector 43, Golf Course Road, We Work Dlf Two Horizon Centre, Dlf Qe, Haryana	We Work Dlf Two Horizon Centre, Dlf Qe, Gurgaon, HR	all_current_passes	no_key_intersection_or_cap
S1-149024193	S3-604630789	S3	India	Om Investment	Om Services	C/O Dharm Vir, Dg-695/1, Sethan Mohalla Ward No.7, Kaithal, Haryana	C/o Dharm Vir, Dg-695/1, Sethan Mohalla Ward No.7, Kaithal, HR	all_current_passes	no_key_intersection_or_cap
S1-754023472	S2-420202495	S2	US	Tri-State Aldel LLC	Tri-State Aldel Aldel	340 Deerfield Cove, Somerville, TN	340  DEERFIELD COVE, SOMERVILLE, TN	all_current_passes	no_key_intersection_or_cap
S1-754023472	S3-176329043	S3	US	Tri-State Aldel LLC	Center Tri-State LLC	340 Deerfield Cove, Somerville, TN	340 Deerfield Cv, Somerville, Tennessee	all_current_passes	no_key_intersection_or_cap
S1-609996572	S3-366128148	S3	India	Future Management Pvt Ltd	फ्यूचर मैनेजमेंट प्रा. लि.	C 199, Third Floor Sarvodaya Enclave, New Delhi, South Delhi, Delhi	New Delhi, South Delhi, Third Floor Sarvodaya Enclave, DL, C 199	all_current_passes	no_key_intersection_or_cap
S1-238175541	S2-558978413	S2	US	VWQ Brookfield LLC	VB	Unit Apartment 1, 52 Losson Road, NY, Cheektowaga	BUFFALO CITY, NY, 52 LOSSON ROAD	all_current_passes	no_key_intersection_or_cap
S1-238175541	S3-905308312	S3	US	VWQ Brookfield LLC	VWQ Biookfield LLC	Unit Apartment 1, 52 Losson Road, NY, Cheektowaga	0052 Losson Road, Unit Apartment 1, Buffalo, New York	all_current_passes	no_key_intersection_or_cap
S1-849670817	S3-188936373	S3	US	Strategic Praetorian	Strategic Praetman	702 N Street, Washington, DC	702 1/2 N St, Washington, District of Columbia	all_current_passes	no_key_intersection_or_cap
S1-849670817	S3-57849762	S3	US	Strategic Praetorian	strategicpraetorian.com	702 N Street, Washington, DC	702 1/2 N St, Washington, District of Columbia	all_current_passes	no_key_intersection_or_cap
S1-445868199	S3-527067015	S3	US	Physical Therapy Group Inc	Physicaltherapygroup.Com	7311 Madison Commons Lane, Houston, TX	Texas, 7311 Madison Commons Lane, Houston	all_current_passes	no_key_intersection_or_cap
S1-54193164	S2-676269902	S2	India	Bardia Charitable Trust	M/s Bardia  Charitab1e Trust	Plot No.12 Flat No.03, Shri Radhe Apartment Opp. Sndl Office, Wardhaman Nagar, Nagpur, Maharashtra	PLOT NO.12 FLAT NO.03, SHRI RADHE APARTMENT OPP. SNDL OFFICE, WARDHAMAN NAGAR, NAGPUR, Maharashtra	all_current_passes	no_key_intersection_or_cap
S1-54193164	S3-486621278	S3	India	Bardia Charitable Trust	Quokor	Plot No.12 Flat No.03, Shri Radhe Apartment Opp. Sndl Office, Wardhaman Nagar, Nagpur, Maharashtra	Plot No.12 Flat No.03, Shri Radhe Apartment Opp. Sndl Office, Wardhaman Nagar, Nagpur, Maharashtra	all_current_passes	no_key_intersection_or_cap
S1-508701481	S2-712560178	S2	India	Red Energy Pvt Ltd	ରେଡ୍ ଏନର୍ଜି ପ୍ରାଇଭେଟ୍ ଲିମିଟେଡ୍	Plot No-371/1519, Uttampur, Near Meera Mandap, Cuttack Sadar, Cuttack, Orissa	PLOT NO-371/1519, UTTAMPUR, NEAR MEERA MANDAP, BHUBANESHWAR, CUTTACK, Odisha	all_current_passes	no_key_intersection_or_cap
S1-508701481	S3-444227012	S3	India	Red Energy Pvt Ltd	Red ଏନର୍ଜି Pvt Ltd	Plot No-371/1519, Uttampur, Near Meera Mandap, Cuttack Sadar, Cuttack, Orissa	Plot No-371/1519, Cuttack Sadar, Orissa	all_current_passes	no_key_intersection_or_cap
S1-140763859	S2-672232195	S2	US	Pediatric Dentistry Clinic of Northbrook	DENTISTRYPEDIATRIC.COM	2501 Mayapple Court, Northbrook, IL	2501 MAYAPPLE CT, NORTHBROOK, IL	all_current_passes	no_key_intersection_or_cap
S1-140763859	S3-912364563	S3	US	Pediatric Dentistry Clinic of Northbrook	dentistryclinic.com	2501 Mayapple Court, Northbrook, IL	Northbrook, 2501 Mayapple Ct, Illinois	all_current_passes	no_key_intersection_or_cap
S1-705293979	S3-967828286	S3	US	Poulsbo Express Fortress	Poulsbo Poulsbo Express	470 Sommerseth Street, Poulsbo, WA	Washington, Poulsbo, 70 Sommerseth St	all_current_passes	no_key_intersection_or_cap
S1-618624562	S2-14084129	S2	US	Foot & Ankle Specialists	FOOT and ANKLE	117 Daring Paintbrush Cove, San Marcos, TX	DARING PAINTBRUSH COVE, SAN MARCOS, TX	all_current_passes	no_key_intersection_or_cap
S1-618624562	S3-441239023	S3	US	Foot & Ankle Specialists	Foot &-Ankle	117 Daring Paintbrush Cove, San Marcos, TX	117 Daring Paintbrush Cv, San Marcos, Texas	all_current_passes	no_key_intersection_or_cap
S1-997802413	S2-261550171	S2	India	Devotion Dealmark Pvt. Ltd.	Devotion  Derfalmmark Pvt. Ltd.	Vashiplaza1St Floorbwingofficeno380Sec-17Vashi, Navi Mumbai, Maharashtra	VASHIPLAZAG-1ST FLOORBWINGOFFICENO380SEC-17VASHI, NAVI MUMBAI, Maharashtra	all_current_passes	no_key_intersection_or_cap
S1-679550141	S2-876234727	S2	India	Vijay Universal Exports Pvt Ltd	ವಿಜಯ್ ಯುನಿವರ್ಸಲ್ ಎಕ್ಸ್‌ಪೋರ್ಟ್ಸ್ ಪ್ರೈವೇಟ್ ಲಿಮಿಟೆಡ್	478/1, Bangalore North, Karnataka, Bangalore, Mshc Layout, Anandnagar, Hebbal, Anandnagar (Bangalore)	00478/1, MSHC LAYOUT, ANANDNAGAR, HEBBAL, ANANDNAGAR (BANGALORE), BANGALORE NORTH, BANGALORE, Karnataka	all_current_passes	no_key_intersection_or_cap
S1-679550141	S2-803016719	S2	India	Vijay Universal Exports Pvt Ltd	ವಿಜಯ್ ಯುನಿವರ್ಸಲ್ Exports Pvt Ltd	478/1, Bangalore North, Karnataka, Bangalore, Mshc Layout, Anandnagar, Hebbal, Anandnagar (Bangalore)	00478/1, MSHC LAYOUT, ANANDNAGAR, HEBBAL, ANANDNAGAR (BANGALORE), BANGALORE NORTH, BANGALORE, Karnataka	all_current_passes	no_key_intersection_or_cap
S1-679550141	S3-805670560	S3	India	Vijay Universal Exports Pvt Ltd	universalexportsvijay.com	478/1, Bangalore North, Karnataka, Bangalore, Mshc Layout, Anandnagar, Hebbal, Anandnagar (Bangalore)	H.no 654 478/1, Mshc Layout, Anandnagar, Hebbal, Anandnagar (Bangalore), Bangalore North, Bangalore, ಕರ್ನಾಟಕ	all_current_passes	no_key_intersection_or_cap
S1-73533983	S3-785488951	S3	US	Orthopedic Specialists Inc	Orth0pedic Specialists (Inc)	2701 France Avenue, Minneapolis, MN	France Avenue, Minneapolis, Minnesota	all_current_passes	no_key_intersection_or_cap
S1-472424906	S2-221481547	S2	US	Foot & Ankle Associates Inc	>> Foot & Ankle Associates Inc Commission	2407 Wood Avenue, Kansas City, KS	WOOD AVENUE, KANSAS CITY, KS	all_current_passes	no_key_intersection_or_cap
S1-472424906	S2-814158570	S2	US	Foot & Ankle Associates Inc	Center Foot Ankle Associates Inc	2407 Wood Avenue, Kansas City, KS	2407 WOOD AVENUE, KS, KANSAS CITY	all_current_passes	no_key_intersection_or_cap
S1-472424906	S3-346286668	S3	US	Foot & Ankle Associates Inc	Foot  & Ankle Adsociltes Inc - 1196752834	2407 Wood Avenue, Kansas City, KS	2407 Wood Ave, Kansas City, Kansas	all_current_passes	no_key_intersection_or_cap
S1-472424906	S3-869369045	S3	US	Foot & Ankle Associates Inc	Footanklecom	2407 Wood Avenue, Kansas City, KS	2407 Wrod Ave, Kansas City, Kansas	all_current_passes	no_key_intersection_or_cap
S1-472424906	S3-386776122	S3	US	Foot & Ankle Associates Inc	Zetahalo doing business as Foot & Ankle Associates Inc	2407 Wood Avenue, Kansas City, KS	2407 Wood Avenue, Kansas City, KS	all_current_passes	no_key_intersection_or_cap
S1-849274176	S2-34421487	S2	India	Aarvita Biosciences Private Limited	Jaxrizagild	No.41, Ponnambalam Salai, K.K.Nagar, Chennai, Tamil Nadu	41, CHENNAI CITY REGION, தமிழ்நாடு	all_current_passes	no_key_intersection_or_cap
S1-776686932	S3-653415229	S3	India	Bn Technologies Ltd	#bntechnologies	Kallingalakathchennara P O Mangalam, Malapuram, Kerala	Malapuram, Malappuram, KL, Kallingalakathchennara P O Mangalam	all_current_passes	no_key_intersection_or_cap
S1-61094929	S3-899083547	S3	US	Hayes Holdings	hayesholdings.com	121 Green Gables Way, Durham, NC	Durham, 121 Green Gables Way, North Carolina	all_current_passes	no_key_intersection_or_cap
S1-660909577	S3-49358837	S3	US	Oncology Physicians of Gorham Corp	Oncologyphysiciansgorham.Com	3662 364, Gorham, NY	03662 364, PMB 181, Gorham, New York	all_current_passes	no_key_intersection_or_cap
S1-679981169	S3-559602234	S3	US	Behavioral Health Specialists	Behavioral Specialists Hddlth	TN, Maryville, 701 Old Glory Road	701 Old Glmry Rd, PMB 1423, Maryville, Tennessee	all_current_passes	no_key_intersection_or_cap
S1-852122558	S2-836861185	S2	India	Prime Good Healthcare Private Limited	ప్రైమ్ గుడ్ హెల్త్‌కేర్ ప్రైవేట్ లిమిటెడ్	1St Floor Block B Road 14, Telangana, Hyderabad, Khairatabad, Sai Raghavendra Icon	NO 1ST FLOOR BLOCK B ROAD 14, SAI RAGHAVENDRA ICON, KHAIRATABAD, HYDERABAD, Telangana	all_current_passes	no_key_intersection_or_cap
S1-852122558	S3-541486453	S3	India	Prime Good Healthcare Private Limited	ప్రైమ్ గుడ్ హెల్త్‌కేర్ ప్రైవేట్ లిమిటెడ్	1St Floor Block B Road 14, Telangana, Hyderabad, Khairatabad, Sai Raghavendra Icon	#001St Floor Block B Road 14, Sai Raghavendra Icon, Khairatabad, Hyderabad, TG	all_current_passes	no_key_intersection_or_cap
S1-654078241	S2-27298391	S2	India	Southern Estate	सदर्न एस्टेट	F-21, S/F, Lado Sarai, New Delhi, South West Delhi, Delhi	F-22, S/F, LADO SARAI, NEW DELHI, SOUTH WEST DELHI, Delhi	all_current_passes	no_key_intersection_or_cap
S1-574271583	S2-567264163	S2	India	Thakkar Beauty Private Limited	Private Thakkar Beauty Limited	C/O Dr.(Mrs) Mina Sinha, Flat No-401, 4Th Floor, Vijayshree Complex, Kankarbagh, Sampatchak, Patna, Bihar	Bihar, SAMPATCHAK, PATNA, C/O DR.(MRS) MINA SINHA	all_current_passes	no_key_intersection_or_cap
S1-658984896	S2-696163364	S2	India	Royal & Co Private Limited	PRIVATE ROYAL & CO LTD	2 & 3, Sterling Shopping Centre Opp. Himalaya Mall, Drive-In Road, Bodak, Dev, Ahmedabad, Gujarat	AHMADABAD, #2 & 3, AHMEDABAD, STERLING SHOPPING CENTRE OPP. HIMALAYA MALL, DRIVE-IN ROAD, BODAK, DEV, Gujarat	all_current_passes	no_key_intersection_or_cap
S1-657325262	S3-461081164	S3	US	Miller & Perry P.C.	Miller + Pry P.C.	3824 Cedar Ridge Drive, Norman, OK	3824c Cedar Ridge Dr, PO Box 4731, Norman, Oklahoma	all_current_passes	no_key_intersection_or_cap
S1-331538406	S2-796474854	S2	India	Southern Properties Private Limited	सदर्न प्रॉपर्टीज प्राइवेट लिमिटेड	Pune, S. No. 14, Glitterati Bldg., C 1103, Nr. Midori Tower, Maharashtra	PUNE, Maharashtra, S. NO. 14, PUNE	all_current_passes	no_key_intersection_or_cap
S1-331538406	S3-132376439	S3	India	Southern Properties Private Limited	सदर्न प्रॉपर्टीज प्राइवेट लिमिटेड	Pune, S. No. 14, Glitterati Bldg., C 1103, Nr. Midori Tower, Maharashtra	###544 S. No. 14, Glitterati Bldg., C 1103, Nr. Midori Tower, Pune, महाराष्ट्र	all_current_passes	no_key_intersection_or_cap
S1-144239108	S2-894769041	S2	India	Mumbai Marketing Private Limited	Mumbai Makteing Private [Limited]	Flat No.5, 2Nd Floor, Nalini Apartment, Plot No.347/A, Linking Road, Khar West, Mumbai, Mumbai City, Maharashtra	H.NO 5- , 2ND FLOOR, NALINI APARTMENT, PLOT NO.347/A, LINKING ROAD, KHAR WEST, MUMBAI, Maharashtra	all_current_passes	no_key_intersection_or_cap
S1-144239108	S3-172928912	S3	India	Mumbai Marketing Private Limited	Onyxcira	Flat No.5, 2Nd Floor, Nalini Apartment, Plot No.347/A, Linking Road, Khar West, Mumbai, Mumbai City, Maharashtra	Flat No.5, 2Nd Floor, Nalini Apartment, Plot No.347/a, Linking Road, Khar West, Raigad, Mumbai City, MH	all_current_passes	no_key_intersection_or_cap
S1-30407062	S2-71016918	S2	India	Jainsons Homes	JAINSONS PARTNERS	No.4/56, Kodambakkam Varadarajapet Main Road, Chennai, Tamil Nadu	4/56. , KODAMBAKKAM VARADARAJAPET MAIN ROAD, CHENNAI, Tamil Nadu	all_current_passes	no_key_intersection_or_cap
S1-30407062	S3-217933567	S3	India	Jainsons Homes	Jainsons  Services	No.4/56, Kodambakkam Varadarajapet Main Road, Chennai, Tamil Nadu	H.no 4/56, Kodambakkam Varadarajapet Main Road, Madras, Chennai, TN	all_current_passes	no_key_intersection_or_cap
S1-438778357	S3-869399325	S3	India	Astrid Farms Pvt Ltd	Astrid Fíamrs Pvt Ltd	G-2 Friends Ashiana Master Plan Road, Khandari, Agra, Uttar Pradesh	G-02 Friends Ashiana Master Plan Road, Khandari, Agra, UP	all_current_passes	no_key_intersection_or_cap
S1-438778357	S3-480050557	S3	India	Astrid Farms Pvt Ltd	Astrid Ffmrsslb Pvt Ltd	G-2 Friends Ashiana Master Plan Road, Khandari, Agra, Uttar Pradesh	G-02 Friends Ashiana Master Plan Road, Agra, उत्तर प्रदेश	all_current_passes	no_key_intersection_or_cap
S1-95631098	S2-396676093	S2	US	Stewart, Giroux & Goodman LLC	Stewart, Gir0ux-+ Goodman LLC	921 Veterans Lane, Crown Point, IN	921B Veterans Lane, CROWN POINT, IN	all_current_passes	no_key_intersection_or_cap
S1-6536886	S3-492584127	S3	India	Moon Analytics Private Limited	moonanalytics.com	W/O Sh.Sanjai Kothar Pro., Samriddhi Shory Noda, Ajmer, Rajasthan	राजस्थान, Ajmer, Samriddhi Shory Noda, Ajmer, W/o Sh.sanjai Kothar Pro.	all_current_passes	no_key_intersection_or_cap
S1-574902381	S2-537298124	S2	US	Wilson, Chon and Ashe Corp	wilsonchonashe.com	1108 Clay Street, Glenwood, AR	AR, GLENWOOD, #1108 CLAY SAINT	all_current_passes	no_key_intersection_or_cap
S1-635996806	S2-756480026	S2	India	Global Consultants Private Limited	ग्लोबल कंसल्टेंट्स प्राइवेट लिमिटेड	Mumbai, Maharashtra, Mumbai City, 306, Sangeet Plaza, Opp. Marol Fire Brigade, Marol Maroshi Road, Marol, Andheri (East, ).	306/2, MUMBAI CITY, MUMBAI, महाराष्ट्र	all_current_passes	no_key_intersection_or_cap
S1-635996806	S2-445999214	S2	India	Global Consultants Private Limited	G1obal Consultants Private Limited	Mumbai, Maharashtra, Mumbai City, 306, Sangeet Plaza, Opp. Marol Fire Brigade, Marol Maroshi Road, Marol, Andheri (East, ).	306/2, SANGEET PLAZA, OPP. MAROL FIRE BRIGADE, MAROL MAROSHI ROAD, MAROL, ANDHERI (EAST, )., MUMBAI, MUMBAI CITY, Maharashtra	all_current_passes	no_key_intersection_or_cap
S1-266344604	S2-568551176	S2	India	Dream Construction Private Limited	ড্রিম কনস্ট্রাকশন প্রাইভেট লিমিটেড	4A, 4Th Flr, Ram Krishna Abashan Phase-Ii Dr.B.C Roy Sarani, Jyangra, Baguiati, Kolkata, Parganas North, West Bengal	4A, NORTH 24 PARGANAS, KOLKATA, West Bengal	all_current_passes	no_key_intersection_or_cap
S1-266344604	S3-300641912	S3	India	Dream Construction Private Limited	ড্রিম কনস্ট্রাকশন প্রাইভেট লিমিটেড	4A, 4Th Flr, Ram Krishna Abashan Phase-Ii Dr.B.C Roy Sarani, Jyangra, Baguiati, Kolkata, Parganas North, West Bengal	4A, Kolkata, Parganas North, পশ্চিমবঙ্গ	all_current_passes	no_key_intersection_or_cap
S1-536166111	S3-773720262	S3	India	HBH Infotech Private Limited	Private HBH Ioonch Limited	Bhopal, Huzur, Madhya Pradesh, Motiya Park, Near Kele Wali Masjid, H.No.72	H.no.72, Motiya Park, Near Kele Wali Masjid, Huzur, N/A, मध्य प्रदेश	all_current_passes	no_key_intersection_or_cap
S1-536166111	S3-441934598	S3	India	HBH Infotech Private Limited	Noviectowex Sys DBA: HBH Infotech Private Limited	Bhopal, Huzur, Madhya Pradesh, Motiya Park, Near Kele Wali Masjid, H.No.72	H.No.72, Motiya Park, Near Kele Wali Masjid, Huzur, Bhopal, Madhya Pradesh	all_current_passes	no_key_intersection_or_cap
S1-793444283	S2-970830420	S2	US	Foot & Ankle Care Associates	F0OT & ANKLE CARE  ASSOCIATES	115 Hampton Circle, Georgetown, TX	115- HAMPTON CIR, GEORGETOWN, TX	all_current_passes	no_key_intersection_or_cap
S1-793444283	S3-929731081	S3	US	Foot & Ankle Care Associates	Foot and Care Ank1e Associates	115 Hampton Circle, Georgetown, TX	115 Hampton Cir, Georgetown, Texas	all_current_passes	no_key_intersection_or_cap
S1-342756019	S2-86156493	S2	US	Giralda Greenwood, D.O., PC	Giralda Geenwood, D.O., PC	184 Turbine 7 Road, Refugio County, TX	TX, REFUGIO COUNTY, TURBINE 7 RD	all_current_passes	no_key_intersection_or_cap
S1-521254993	S2-391342801	S2	India	Life Healthcare Private Limited	लाइफ हेल्थकेयर प्राइवेट लिमिटेड	C/O Ketan Rajendra Mande, Dahiwad, Amalner, Amalner, Jalgaon, Maharashtra	JALGAON, AMALNER, Maharashtra, C/O KETAN RAJENDRA MANDE	all_current_passes	no_key_intersection_or_cap
S1-521254993	S3-543206384	S3	India	Life Healthcare Private Limited	Shri Life Healthcare Private Private	C/O Ketan Rajendra Mande, Dahiwad, Amalner, Amalner, Jalgaon, Maharashtra	C/o Ketan Rajendra Mande, Jalgaon, महाराष्ट्र	all_current_passes	no_key_intersection_or_cap
S1-521254993	S3-96785772	S3	India	Life Healthcare Private Limited	लाइफ हेल्थकेयर प्राइवेट लिमिटेड	C/O Ketan Rajendra Mande, Dahiwad, Amalner, Amalner, Jalgaon, Maharashtra	C/o Ketan Rajendra Mande, Dahiwad, Amalner, Amalner, Jalgaon, MH	all_current_passes	no_key_intersection_or_cap
S1-612484899	S2-639169093	S2	US	Physical Therapy Care Associates Center	PHYSICALTHERAPYCARE.COM	1168 Mere Point Road, Brunswick, ME	1168 Mere Point Rd, BRUNSWICK, ME	all_current_passes	no_key_intersection_or_cap
S1-612484899	S3-841814343	S3	US	Physical Therapy Care Associates Center	Physical Therapy Associates Center Services	1168 Mere Point Road, Brunswick, ME	1168 Mere Point Rd, Brunswick, Maine	all_current_passes	no_key_intersection_or_cap
S1-315874798	S3-22789765	S3	India	Changodar Services	>> Changodar Sevcis	44 C Ashwamegh Industrial Estate Sarkhej-Bavla Highway, Tal- Sanand, Vill., Changodar, Ahmedabad, Gujarat	C Ashwamegh Industrial Estate Sarkhej-bavla Highway, Tal- Sanand, Vill., Ahmedabad, GJ	all_current_passes	no_key_intersection_or_cap
S1-103101914	S3-464737380	S3	US	Midwest Trusted Management Inc	Midwest Management lnc Center	OK, Kingfisher, 16058 820 Road		all_current_passes	no_key_intersection_or_cap
S1-818389760	S3-673029335	S3	US	Hernandez's Spa	hernandezs.com	5057 Macnamara Drive, Spotsylvania County, VA	005057 Macnamara Drive, Fredericksburg, Virginia	all_current_passes	no_key_intersection_or_cap
S1-818389760	S3-909659440	S3	US	Hernandez's Spa	The Hernandez'S Spa	5057 Macnamara Drive, Spotsylvania County, VA	005057 Macnamara Drive, Fredericksburg, Virginia	all_current_passes	no_key_intersection_or_cap
S1-772737756	S3-203926449	S3	US	YK Computing	The YK Computing	118 Gladys Street, Houma, LA	Louisiana, Houma, 118 Gladys St	all_current_passes	no_key_intersection_or_cap
S1-103117232	S3-396890083	S3	US	Holguin Appliance, Inc.	H0lguin Appliance,	1316 Dellwood Avenue, Baltimore, MD	Dellwood Avenue, Baltimore, Maryland	all_current_passes	no_key_intersection_or_cap
S1-60587840	S2-477249487	S2	India	Galaxy Anand Technology Private Limited	गैलेक्सी आनंद टेक्नोलॉजी प्राइवेट लिमिटेड	101 Hariom Apartment, Depalpur, Indore, Shreeram Kamal Residenci, Madhya Pradesh	C-101 HARIOM APARTMENT, GORAKHPUR, INDORE, Madhya Pradesh	all_current_passes	no_key_intersection_or_cap
S1-984142916	S3-301749053	S3	US	Rushin, Johnson & Nishioka Associates	RUSHlN, JOHNSON & NISHIOKA ASSOCIATES	19414 Woodhill Street, Rialto, CA	9414 Woodhill St, Rialto, California	all_current_passes	no_key_intersection_or_cap
S1-22787740	S2-919846730	S2	India	Shiv Consultancy Limited	शिव कंसल्टेंसी लिमिटेड	S. No. 116/4, Wallstreet, 3Rd Floor, Office No. 308, Pune City, Pune, Maharashtra	S. NO. 16/4, WALLSTREET, 3RD FLOOR, OFFICE NO. 308, PUNE CITY, PUNE, Maharashtra	all_current_passes	no_key_intersection_or_cap
S1-22787740	S3-337828913	S3	India	Shiv Consultancy Limited	Shiv Conusltancy Limited	S. No. 116/4, Wallstreet, 3Rd Floor, Office No. 308, Pune City, Pune, Maharashtra	S. No. 116/4, Pune City, Pune, MH	all_current_passes	no_key_intersection_or_cap
S1-365033919	S3-201940235	S3	US	Koch Premier Newbury	K0ch Newbury Premier	1175 El Valle Drive, Chino Valley, AZ	El Valle Drive, Chino Valley, Arizona	all_current_passes	no_key_intersection_or_cap
S1-486019406	S2-908177369	S2	India	Jmp Solutions Pvt Ltd	Pvt Jmp Sosluhinos Ltd	Z.P.Member Anjanadri, 4Thmain, 2Nd Crossp.C Extn, Kolar, Karnataka	4THMAIN, 2ND CROSSP.C EXTN, #942 Z.P.MEMBER ANJANADRI, Karnataka, KOLAR	all_current_passes	no_key_intersection_or_cap
S1-486019406	S2-729883804	S2	India	Jmp Solutions Pvt Ltd	Smt Jmp Solutions Pvt	Z.P.Member Anjanadri, 4Thmain, 2Nd Crossp.C Extn, Kolar, Karnataka	942 Z.P.MEMBER ANJANADRI, 4THMAIN, 2ND CROSSP.C EXTN, KOLAR, ಕರ್ನಾಟಕ	all_current_passes	no_key_intersection_or_cap
S1-22633084	S2-680658950	S2	India	Premier Foundation Limited	प्रीमियर फाउंडेशन लिमिटेड	Gurgaon, Sushant Lok Phase 1 Near Park Plaza, Gurgaon, Haryana, C-329	C-329, GURGAON, Haryana	all_current_passes	no_key_intersection_or_cap
S1-22633084	S3-912074059	S3	India	Premier Foundation Limited	प्रीमियर फाउंडेशन लिमिटेड	Gurgaon, Sushant Lok Phase 1 Near Park Plaza, Gurgaon, Haryana, C-329	No. 616 C-329, Gurgaon, HR	all_current_passes	no_key_intersection_or_cap
S1-555737979	S3-463357539	S3	US	Pediatric Dental Clinic LLC	pediatricdentalclinic.com	1892 Cardinal Circle, West Norriton Township, PA	892 Cardinal Circle, West Norriton Township, Pennsylvania	all_current_passes	no_key_intersection_or_cap
S1-100166899	S3-548424106	S3	India	Green Services Limited	Sri Green Services	House No- 42, Guriani, Rewari, Guriani, Rewari, Haryana	House No- 92, Guriani, Rewari, Guriani, Rewari, HR	all_current_passes	no_key_intersection_or_cap
S1-308262271	S2-696354721	S2	India	Royal Surya Management	रॉयल सूर्य मैनेजमेंट	605, 6Th Floor, Hallmark Business Plaza, Opp. Guru Nanak Hospital, Bandra (East), Mumbai, Mumbai City, Maharashtra	MUMBAI CITY, 605, MUMBAI, महाराष्ट्र	all_current_passes	no_key_intersection_or_cap
S1-308262271	S3-149565445	S3	India	Royal Surya Management	Royal सूर्य मैनेजमेंट	605, 6Th Floor, Hallmark Business Plaza, Opp. Guru Nanak Hospital, Bandra (East), Mumbai, Mumbai City, Maharashtra	605, Mumbai City, Mumbai, MH	all_current_passes	no_key_intersection_or_cap
S1-845031035	S3-40724734	S3	US	Division of Public Works	Veoavi	228 Lace Bark Drive, Dover, DE	228-230 Lace Bark Dr, Dover Township, Delaware	all_current_passes	no_key_intersection_or_cap
S1-445268029	S2-371928720	S2	India	FD Digital Associates	FD Digital Associates LLP	Plot No. 71 Ishanika Town, Raypur Bhitauli, Ramnagar, Barabanki, Uttar Pradesh	0071 ISHANIKA TOWN, RAYPUR BHITAULI, RAMNAGAR, Uttar Pradesh	all_current_passes	no_key_intersection_or_cap
S1-829232083	S3-248865687	S3	India	Buildtech Electrotech Pvt Ltd	Smt Buildtech Electrotech Pvt  Ltd	Y.L.Randive House, A.S.Road A.S.Road, Thane, Maharashtra	Plot ##311 Y.l.randive House, A.s.road A.s.road, Thane, MH	all_current_passes	no_key_intersection_or_cap
S1-829232083	S3-919114016	S3	India	Buildtech Electrotech Pvt Ltd	buildtechelectrotech.com	Y.L.Randive House, A.S.Road A.S.Road, Thane, Maharashtra	Plot ##311 Y.l.randive House, Thane, MH	all_current_passes	no_key_intersection_or_cap
S1-708400226	S2-737021373	S2	US	Trinity Lutheran Church	TRINITY LUTSHRN CHURCH	1023 Dakota Street, Spring Valley, IL	DAKOTA ST, SPRING VALLEY, IL	all_current_passes	no_key_intersection_or_cap
S1-414440524	S2-425190015	S2	US	Lumis Dollar LLC	LUMIS LLC CENTER	4780 Kempsville Greens Parkway, Virginia Beach City, VA	KEMPSVILLE GREENS PKWY, VIRGINIA BEACH CITY, VA	all_current_passes	no_key_intersection_or_cap
S1-392583935	S3-887301550	S3	India	Script Tech Private Limited	Private Script Tech Limited	Sr No 1420, Near, Pune Vidhyarthi Gruha, Pune City, Pune, Maharashtra	Sr No 1420, Near, Pune Vidhyarthi Gruha, Pune, Pune City, MH	all_current_passes	no_key_intersection_or_cap
S1-528834818	S3-543011232	S3	US	Terese Leon Consulting Inc	Terese Lrn Consulting [Inc]	1399 Fairmont Avenue, WV, Fairmont	001399 Fairmont Avenue, Fairmont, West Virginia	all_current_passes	no_key_intersection_or_cap
S1-528834818	S3-417069994	S3	US	Terese Leon Consulting Inc	The Terese Leon Consulting Inc	1399 Fairmont Avenue, WV, Fairmont	001399 Fairmont Ave, Fairmont, West Virginia	all_current_passes	no_key_intersection_or_cap
S1-958113941	S2-994219982	S2	India	Swarnabhoomi & Brothers Private Limited	swarnabhoomibrothers.com	Shed No.1148, Bangalore, Westof Chordroad, Ii Stage, Opp:Avanishankarmutt, Maha, Karnataka, Lakshmipuram	NO. 52 SHED NO.1148, WESTOF CHORDROAD, II STAGE, OPP:AVANISHANKARMUTT, MAHA, BANGALORE, Karnataka	all_current_passes	no_key_intersection_or_cap
S1-180353640	S2-333591506	S2	India	Gold Media Private Limited	ગોલ્ડ મીડિયા પ્રાઇવેટ લિમિટેડ	402 Golden Petal Opposite Lucky Duplex Survey No 517 1, Behind Sunrise Arcade Opposite Vishala Circle Juhapura Sarkhej Road, Ahmadabad City, Ahmedabad, Gujarat	DOOR NO 402 GOLDEN PETAL OPPOSITE LUCKY DUPLEX SURVEY NO 517 1, AHMADABAD CITY, AHMEDABAD, Gujarat	all_current_passes	no_key_intersection_or_cap
S1-180353640	S3-415461067	S3	India	Gold Media Private Limited	ગોલ્ડ મીડિયા પ્રાઇવેટ લિમિટેડ	402 Golden Petal Opposite Lucky Duplex Survey No 517 1, Behind Sunrise Arcade Opposite Vishala Circle Juhapura Sarkhej Road, Ahmadabad City, Ahmedabad, Gujarat	H.no 402 Golden Petal Opposite Lucky Duplex Survey No 517 1, Ahmadabad City, Ahmedabad, ગુજરાત	all_current_passes	no_key_intersection_or_cap
S1-180353640	S3-375486976	S3	India	Gold Media Private Limited	ગોલ્ડ મીડિયા પ્રાઇવેટ લિમિટેડ	402 Golden Petal Opposite Lucky Duplex Survey No 517 1, Behind Sunrise Arcade Opposite Vishala Circle Juhapura Sarkhej Road, Ahmadabad City, Ahmedabad, Gujarat	H.no 402 Golden Petal Opposite Lucky Duplex Survey No 517 1, Ahmadabad City, Ahmedabad, GJ	all_current_passes	no_key_intersection_or_cap
S1-342623084	S3-638458303	S3	India	Beta Industries Private Limited	@betaindustries	60A Kali Krishna Tagore St, Kolkata, Calcutta, West Bengal	Kolkata, 60A Kali Krishna Tagore St, WB, Kolkata	all_current_passes	no_key_intersection_or_cap
S1-482014426	S3-634613862	S3	India	Genius Brothers Pvt Ltd	Genius Pvt Ltd [Services]	2Nd Floor, Plot No. 4, Minarch Tower, Sector-44, Haryana, Sector -45, Gurgaon, Haryana	Sector -45, Doro No #2Nd Floor, हरियाणा, Plot No. 4, Minarch Tower, Sector-44, Haryana, Gurgaon	all_current_passes	no_key_intersection_or_cap
S1-806616139	S2-512833764	S2	India	Golden Power Pvt Ltd	gpower.com	431, 441 F/F Front Side, Gali No.5 Guru Ram Dass N, East Delhi, Delhi	431, दिल्ली, EAST DELHI, 441 F/F FRONT SIDE, GALI NO.5 GURU RAM DASS N, EAST DELHI	all_current_passes	no_key_intersection_or_cap
S1-806616139	S3-380458323	S3	India	Golden Power Pvt Ltd	Pvt Golden Power Ltd.	431, 441 F/F Front Side, Gali No.5 Guru Ram Dass N, East Delhi, Delhi	31, East Delhi, DL	all_current_passes	no_key_intersection_or_cap
S1-806616139	S3-837289282	S3	India	Golden Power Pvt Ltd	Golden Powgr Pvt Ltd	431, 441 F/F Front Side, Gali No.5 Guru Ram Dass N, East Delhi, Delhi	31, East Delhi, DL	all_current_passes	no_key_intersection_or_cap
S1-883281842	S2-470387998	S2	India	Style Multi Pvt. Ltd.	M/s STYLE MÚRLT PVT. LTD.	105, Park Street, R, Kolkata, Kolkata, Howrah, West Bengal		all_current_passes	no_key_intersection_or_cap
S1-883281842	S2-165103426	S2	India	Style Multi Pvt. Ltd.	Pvt. Style Multi Limited	105, Park Street, R, Kolkata, Kolkata, Howrah, West Bengal	105, KOLKATA, HOWRAH, West Bengal	all_current_passes	no_key_intersection_or_cap
S1-314686399	S3-808877842	S3	India	Enterprises Navigator Producer Public Limited	#Enterprisesnavigator	Gujarat, Kachchh, Plot No. 199, Dc-2, Gandhidham, Gf	Gf, Plot No. 199, Dc-2, Gandhidham, Kachchh, ગુજરાત	all_current_passes	no_key_intersection_or_cap
S1-337241318	S2-511770959	S2	India	Aditesh Foundation Private Limited	ADITESH FUOTNDATION PRIVATE LIMITED	Tamil Nadu, No.26, Chennai, Kothari Nagar, 1St Street, Ramapuram	NO.D/26 , KOTHARI NAGAR, 1ST STREET, RAMAPURAM, CHENNAI, Tamil Nadu	all_current_passes	no_key_intersection_or_cap
S1-337241318	S3-866595649	S3	India	Aditesh Foundation Private Limited	Pirave Aditesh Foundation Limited	Tamil Nadu, No.26, Chennai, Kothari Nagar, 1St Street, Ramapuram	Chennai, #26, Chennai, TN	all_current_passes	no_key_intersection_or_cap
S1-977682665	S2-816951244	S2	India	Premier International Private Limited	பிரீமியர் இன்டர்நேஷனல் பிரைவேட் லிமிடெட்	No 6/913, 4Th Cross, Nethaji Nagar, Trichy Road, Namakkal, Namakkal, Tamil Nadu	#6/913, NAMAKKAL, Tamil Nadu	all_current_passes	no_key_intersection_or_cap
S1-349683786	S2-983792162	S2	India	All Global Private Limited	PRIVATE ALL GL0BAL LIMITED	508, Bhaveshwar Complex, Station Road, Vidyavihar (West), Mumbai, Mumbai City, Maharashtra	508, MUMBAI CITY, BOMBAY, Maharashtra	all_current_passes	no_key_intersection_or_cap
S1-3118239	S2-384807569	S2	India	Silver Products Private Limited	ಸಿಲ್ವರ್ ಪ್ರೊಡಕ್ಟ್ಸ್ ಪ್ರೈವೇಟ್ ಲಿಮಿಟೆಡ್	19/1 New High School Road, Vv Puram, Bangalore South, Bangalore, Karnataka	NO 19/1 NEW HGH SCHOOL ROAD, VV PURAM, BANGALORE SOUTH, HYDERABAD, Karnataka	all_current_passes	no_key_intersection_or_cap
S1-3118239	S2-184568209	S2	India	Silver Products Private Limited	ಸಿಲ್ವರ್ ಪ್ರೊಡಕ್ಟ್ಸ್ ಪ್ರೈವೇಟ್ ಲಿಮಿಟೆಡ್	19/1 New High School Road, Vv Puram, Bangalore South, Bangalore, Karnataka	NO 19/1 NEW HIGH SCHOOL ROAD, VV PURAM, BANGALORE SOUTH, HYDERABAD, ಕರ್ನಾಟಕ	all_current_passes	no_key_intersection_or_cap
S1-3118239	S3-966155454	S3	India	Silver Products Private Limited	ಸಿಲ್ವರ್ ಪ್ರೊಡಕ್ಟ್ಸ್ ಪ್ರೈವೇಟ್ ಲಿಮಿಟೆಡ್	19/1 New High School Road, Vv Puram, Bangalore South, Bangalore, Karnataka	Bangalore South, 19/1 New High School Road, KA, Vv Puram, Bangalore	all_current_passes	no_key_intersection_or_cap
S1-435197119	S2-23416594	S2	India	Arihant Properties	ଅରିହନ୍ତ ପ୍ରୋପର୍ଟିଜ୍	Plot No.569/1400, Kuakhai Nagar, Lane-2, Bhubaneswar, Khordha, Orissa	PLOT NO.569/1400, KHORDHA, Odisha	all_current_passes	no_key_intersection_or_cap
S1-435197119	S2-976363731	S2	India	Arihant Properties	ଅରିହନ୍ତ ପ୍ରୋପର୍ଟିଜ୍	Plot No.569/1400, Kuakhai Nagar, Lane-2, Bhubaneswar, Khordha, Orissa	PLOT NO.569/1400, KHORDHA, Odisha	all_current_passes	no_key_intersection_or_cap
S1-435197119	S3-960556230	S3	India	Arihant Properties	Drexbelo Co F/K/A Arihant Properties	Plot No.569/1400, Kuakhai Nagar, Lane-2, Bhubaneswar, Khordha, Orissa	Plot No.569/1400, Kuakhai Nagar, Lane-2, Bhubaneswar, Khordha, Orissa	all_current_passes	no_key_intersection_or_cap
S1-47773771	S2-163907414	S2	US	Primary Care Specialists Inc.	Primary Care Specaiiltss Inc.	141-08 71 Road, Flushing, NY	141-08 71 RD, NULL, FLUSHING, NY	all_current_passes	no_key_intersection_or_cap
S1-47773771	S3-514311755	S3	US	Primary Care Specialists Inc.	Belocalo	141-08 71 Road, Flushing, NY	141-08b 71 Road, Flushign, New York	all_current_passes	no_key_intersection_or_cap
S1-47773771	S3-312828212	S3	US	Primary Care Specialists Inc.	Primary Care Stpianlsts Inc.	141-08 71 Road, Flushing, NY	141-08b 71 Rd, Flushign, New York	all_current_passes	no_key_intersection_or_cap
S1-955236847	S3-825674254	S3	US	Tocci Vision	Wexlyra Co trading as Tocci Vision	TX, 5105 Remus Drive, Houston	5105 Remus Drive, Houston, TX	all_current_passes	no_key_intersection_or_cap
S1-536974738	S2-187648463	S2	US	Primary Care Associates of Rotterdam	@primarycare	2236 Helderberg Avenue, Rotterdam, NY	2236 HELDERBERG AVE, SCHENECTADY, NY	all_current_passes	no_key_intersection_or_cap
S1-256655652	S3-414220347	S3	US	Asset Building Custom Fund	assetcustombuilding.com	401 Clark Street, Franklin, KY	401 Clark St, Franklni CDP, Kentucky	all_current_passes	no_key_intersection_or_cap
S1-344951721	S3-377348825	S3	US	Star Flex LLC	Star Fx [LLC]	2238 Williamsburg Road, Glen Dale, WV	Williamsburg Road, Glen Dale, West Virginia	all_current_passes	no_key_intersection_or_cap
S1-639237507	S2-461139678	S2	US	Blessing Industrial Inc	BLESSINGINDUSTRIAL.COM	1807 Central Avenue, Sidney, MT	SIDNEY, MT, 1807  CENTRAL AVENUE	all_current_passes	no_key_intersection_or_cap
S1-685871904	S3-740323634	S3	US	Gonzalez Keycorp LLC	Gonzalez LLC Center Enterprises	314 Cornell Avenue, Endicott, NY		all_current_passes	no_key_intersection_or_cap
S1-874660306	S2-279857860	S2	US	Physical Therapy Associates Group	Group Physical Therapy Asseatiaes	4303 Elkins Avenue, Unit B, Nashville, TN	004303 ELKINS AVE, PO BOX 5980, NASHVILLE, TN	all_current_passes	no_key_intersection_or_cap
S1-874660306	S3-289365741	S3	US	Physical Therapy Associates Group	Physical Therapy	4303 Elkins Avenue, Unit B, Nashville, TN	4303 Elkins Ave, # B, Nashville, Tennessee	all_current_passes	no_key_intersection_or_cap
S1-798312676	S2-126005750	S2	India	Vision Impex Private Limited	विजन इम्पेक्स प्राइवेट लिमिटेड	Flat No - 003, B-23, R N B Bldg, Anand Nagar, Dahisar East, Mumbai, Maharashtra	FLAT NO - 0-03, B-23, R N B BLDG, ANAND NAGAR, DAHISAR EAST, MUMBAI, Maharashtra	all_current_passes	no_key_intersection_or_cap
S1-798312676	S3-243209227	S3	India	Vision Impex Private Limited	Vision इम्पेक्स Private Limited	Flat No - 003, B-23, R N B Bldg, Anand Nagar, Dahisar East, Mumbai, Maharashtra	महाराष्ट्र, Mumbai, Flat No - 003, B-23, R N B Bldg, Anand Nagar, Dahisar East	all_current_passes	no_key_intersection_or_cap
S1-798312676	S3-256208237	S3	India	Vision Impex Private Limited	Lumarc	Flat No - 003, B-23, R N B Bldg, Anand Nagar, Dahisar East, Mumbai, Maharashtra	Flat No - 003, Dahisar East, Mumbai, MH	all_current_passes	no_key_intersection_or_cap
S1-452365054	S2-171624648	S2	India	Varsha Healthcare Limited	VARSHA LIMITED CENTER	No.887, L.I.G - I Type, Tnhb Phase - Iii Ambattur, Chennai, Tamil Nadu	DOOR NO 7-887 , L.I.G - I TYPE, TNHB PHASE - III AMBATTUR, CHENNAI, தமிழ்நாடு	all_current_passes	no_key_intersection_or_cap
S1-452365054	S3-59980699	S3	India	Varsha Healthcare Limited	Deltabelo Co aka Varsha Healthcare Limited	No.887, L.I.G - I Type, Tnhb Phase - Iii Ambattur, Chennai, Tamil Nadu	Tamil Nadu, L.I.G - I Type, Tnhb Phase - Iii Ambattur, No.887, Chennai	all_current_passes	no_key_intersection_or_cap
S1-392556227	S3-974771944	S3	US	Leora Young Amc Inc.	Onyxevo	7848 Ogden Avenue, Norfolk City, VA	7848 Ogen Ave, Norfolk City, Virginia	all_current_passes	no_key_intersection_or_cap
S1-392556227	S3-486250442	S3	US	Leora Young Amc Inc.	Quodrexcalo D.B.A. Leora Young Amc Inc.	7848 Ogden Avenue, Norfolk City, VA	VA, 7848 Ogden Avenue, Norfolk City	all_current_passes	no_key_intersection_or_cap
S1-944739248	S2-945201800	S2	US	Chamblee Platinum Staked LLC	chambleeplatinumstaked.com	5733 Whistling Winds Walk, Clarksville, MD	CLARKSVILLE, Whistling Winds Walk, MD	all_current_passes	no_key_intersection_or_cap
S1-170974075	S2-412422463	S2	US	Jones Kongsberg	ORBIDOVADELTA	48 Mcclain Avenue, Scottsburg, IN	SCOTTSBURG, 48 MCCLAIN AVE, IN	all_current_passes	no_key_intersection_or_cap
S1-591389430	S2-822409969	S2	India	Solutions Royalstar Engineers Corporation	Synyuma	Flat No 404 Plot No 164, Sector 02, Panvel, Raigarh(Mh), Maharashtra	FLAT NO 404 PLOT NO 164, RAIGARH(MH), PANVEL, Maharashtra	all_current_passes	no_key_intersection_or_cap
S1-280910635	S2-642298659	S2	India	Inch Productions Private Limited	PRIVATE lNCH PRODUCTIONS LTD	H.No. 4 78/1, Lokeshwaram Nirmal, Adilabad, Telangana	DOOR NO 4 78/1, ADILABAD, Telangana	all_current_passes	no_key_intersection_or_cap
S1-310087226	S3-19364259	S3	US	HRH Strategic Block LLC	The HRH Strategic Block LLC	588 Gettysburg Drive, TN, Jackson	588 1/2 Gettysburg Dr, Jacksn, Tennessee	all_current_passes	no_key_intersection_or_cap
S1-251261466	S3-772097493	S3	US	Sykes Charter School LLC	The Sykes Charter School LLC	900 Medical Village Drive, Edgewood, KY	00900 Medical Village Dr, Edgewood, Kentucky	all_current_passes	no_key_intersection_or_cap
S1-32868848	S2-158294062	S2	US	Interstate Atlas LLC	ínterstateatlas.com	Unit 8207, GA, 600 Garson Drive, Atlanta	ATLANTA, GA, 00600 GARSON DR	all_current_passes	no_key_intersection_or_cap
S1-32868848	S3-47483283	S3	US	Interstate Atlas LLC	The Interstate At1as LLC	Unit 8207, GA, 600 Garson Drive, Atlanta	00 Garson Dr, # 8207, Atl, Georgia	all_current_passes	no_key_intersection_or_cap
S1-172144933	S2-65681863	S2	India	Saffron Lab Pvt Ltd	Shri SAFFRON LAB PVT LTD.	6 Dr, Jagabandhu Lane, Kolkata, Kolkata, Howrah, West Bengal	West Bengal, ##6 DR, JAGABANDHU LANE, KOLKATA, KOLKATA	all_current_passes	no_key_intersection_or_cap
S1-172144933	S2-761061968	S2	India	Saffron Lab Pvt Ltd	M/s Saffron Pvt Ltd Services	6 Dr, Jagabandhu Lane, Kolkata, Kolkata, Howrah, West Bengal	DOOR NO ##6 DR, JAGABANDHU LANE, KOLKATA, KOLKATA, West Bengal	all_current_passes	no_key_intersection_or_cap
S1-172144933	S2-886255235	S2	India	Saffron Lab Pvt Ltd	Sri Saffron Lab Pvt Ltd.	6 Dr, Jagabandhu Lane, Kolkata, Kolkata, Howrah, West Bengal	West Bengal, ###6 DR, JAGABANDHU LANE, KOLKATA, KOLKATA	all_current_passes	no_key_intersection_or_cap
S1-296476213	S2-186467125	S2	India	Mumbai Extruders Limited	Mumbai Limited Center	Conference Room No.4, Taj Wellington Mews 33, Nathalal Parekh Marg, Mumbai, Mumbai City, Maharashtra	BLOCK F-117 CONFERENCE ROOM NO.4, TAJ WELLINGTON MEWS 33, NATHALAL PAREKH MARG, MUMBAI, Maharashtra	all_current_passes	no_key_intersection_or_cap
S1-296476213	S2-5802395	S2	India	Mumbai Extruders Limited	Mumbai  Limited 5ervices	Conference Room No.4, Taj Wellington Mews 33, Nathalal Parekh Marg, Mumbai, Mumbai City, Maharashtra	BLOCK F-117 CONFERENCE ROOM NO.4, TAJ WELLINGTON MEWS 33, NATHALAL PAREKH MARG, MUMBAI, Maharashtra	all_current_passes	no_key_intersection_or_cap
S1-681402684	S2-38516840	S2	US	Big 15 Bakery	BIG 15	8220 Sunday Drive, Henrico County, VA	VA, 220 SUNDAY DR, HENRICO	all_current_passes	no_key_intersection_or_cap
S1-681402684	S3-764107988	S3	US	Big 15 Bakery	big15bakery.com	8220 Sunday Drive, Henrico County, VA	8220-8222 Sunday Dr, Henrico County, Virginia	all_current_passes	no_key_intersection_or_cap
S1-464933567	S3-565398475	S3	India	Media Shelters Private Limited	Zetaorbi	# 139/1, Jail Land, Ambala City, Ambala, Haryana	139, Jail Land, Ambala City, Ambala, HR	all_current_passes	no_key_intersection_or_cap
S1-289688571	S2-241013252	S2	India	Jain Care LLP	जैन केयर एलएलपी	Shop No. 2, A Wing, Shivom Galaxy, Ground Flr, Kalyan, Thane, Maharashtra	SHOP NO. 2, A WING, SHIVOM GALAXY, GROUND FLR, KALYAN, THANE, Maharashtra	all_current_passes	no_key_intersection_or_cap
S1-103306577	S2-972889340	S2	US	Board of Buildings	Board of	IL, Kincaid, 1308 Springfield Road	308 SPRINGFIELD ROAD, KINCAID, IL	all_current_passes	no_key_intersection_or_cap
S1-992497458	S3-686954906	S3	US	Prime Staffing Worldwide	primestaffingworldwide.com	475 Front Street, El Paso, IL	El Paso, 475 Front St, Illinois	all_current_passes	no_key_intersection_or_cap
S1-75337893	S2-895463394	S2	India	Technologies Grameen Pulses Private Limited	PRIVATE TECHNOLOGIES GRAMEEN PULSES LTD	Jaipur, Heerapura, P.No.- 442 Vardhman Nagar-B, Jaipur, Rajasthan	Rajasthan, P.NO.- 442 VARDHMAN NAGAR-B, JAIPUR	all_current_passes	no_key_intersection_or_cap
S1-75337893	S2-808291368	S2	India	Technologies Grameen Pulses Private Limited	Technologies Ggameen Pulses Private Limited	Jaipur, Heerapura, P.No.- 442 Vardhman Nagar-B, Jaipur, Rajasthan	P.NO.- 442 VARDHMAN NAGARB-, HEERAPURA, JAIPUR, Rajasthan	all_current_passes	no_key_intersection_or_cap
S1-618676054	S3-504013768	S3	US	Swanson Golden Foods Corp	Goldenfoods.Com	106 Sundew Lane, Cary, NC	106 1/2 Sundew Ln, Cary, North Carolina	all_current_passes	no_key_intersection_or_cap
S1-401953962	S3-121288016	S3	US	Vasquez Supply	Orbivera formerly known as Vasquez Supply	1432 Hemlock St, Louisville, KY	KY, 1432 Hemlock St, Louisville	all_current_passes	no_key_intersection_or_cap
S1-205963340	S2-616502408	S2	US	Secure Marketing Technologies LLC	technologiesmarketing.com	982 Willman Pike, Hartford City, IN	HARTFORD CITY, WILLMAN PIKE, IN	all_current_passes	no_key_intersection_or_cap
S1-914122601	S3-121424381	S3	US	Mireles Ashford	Mireles Center	125 Park Row Avenue, Ventura, CA	California, Park Row Avenue, Ventura, PMB 7848	all_current_passes	no_key_intersection_or_cap
S1-136329156	S3-518441474	S3	India	Baba Care Pvt Ltd	பாபா கேர் பிரைவேட் லிமிடெட்	No.43, Vgn Mahalakshmi Nag, Iiird Main Road, Poonamallee, Tiruvallur, Tamil Nadu	Door No 43, Tiruvallur, Poonamallee, TN	all_current_passes	no_key_intersection_or_cap
S1-394680937	S2-193773299	S2	India	Royal Developers Private Limited	PRÍVATE ROYAL DEVELOPERS LTD	Xii/682, Kottilil Complex, Thrissur Road, Kechery P.O.Kechery, Choondal Gramapanchayath, Thrissur, Kerala	XII/82, KOTTILIL COMPLEX, THRISSUR ROAD, KECHERY P.O.KECHERY, THRISSUR, Kerala	all_current_passes	no_key_intersection_or_cap
S1-394680937	S2-844589916	S2	India	Royal Developers Private Limited	-- R0yal  Developers Private Limited	Xii/682, Kottilil Complex, Thrissur Road, Kechery P.O.Kechery, Choondal Gramapanchayath, Thrissur, Kerala	XII/82, KOTTILIL COMPLEX, THRISSUR ROAD, KECHERY P.O.KECHERY, THRISSUR, Kerala	all_current_passes	no_key_intersection_or_cap
S1-394680937	S2-373660175	S2	India	Royal Developers Private Limited	@r0yaldevelopers	Xii/682, Kottilil Complex, Thrissur Road, Kechery P.O.Kechery, Choondal Gramapanchayath, Thrissur, Kerala	XII/82, KOTTILIL COMPLEX, THRISSUR ROAD, KECHERY P.O.KECHERY, THRISSUR, Kerala	all_current_passes	no_key_intersection_or_cap
S1-335017093	S2-138767226	S2	US	Blaylock Universal Inc	The Blaylock Universal Inc	5055 University Drive, Unit C61, Mesa, AZ	UNIVERSITY DR, MESA, AZ	all_current_passes	no_key_intersection_or_cap
S1-335017093	S3-303562385	S3	US	Blaylock Universal Inc	Blaylock Inc Partners	5055 University Drive, Unit C61, Mesa, AZ	University Drive, # C61, Messa, Arizona	all_current_passes	no_key_intersection_or_cap
S1-639870859	S2-10444918	S2	US	Eye Partners LLC	THE EYE PARTNERS LLC	MD, 1422 Broadway Road, Lutherville	1422. BROADWAY RD, LUTHERVILLE TIMONIUM, MD	all_current_passes	no_key_intersection_or_cap
S1-639870859	S3-978876100	S3	US	Eye Partners LLC	eyepartners.com	MD, 1422 Broadway Road, Lutherville	Maryland, 1422d Broadway Rd, Lutherville Timonium	all_current_passes	no_key_intersection_or_cap
S1-779938927	S3-899335159	S3	India	Green Care Private Limited	গ্রীন কেয়ার প্রাইভেট লিমিটেড	Sonee House, 2Nd Floor, 21 Sarkar Bye Lane, Kolkata, Kolkata, Howrah, West Bengal	Kolkata, Sonee House, Howrah, পশ্চিমবঙ্গ, 2Nd Floor, 21 Sarkar Bye Lane, Kolkata	all_current_passes	no_key_intersection_or_cap
S1-595843047	S2-666936974	S2	US	Red Hair Studio	Jaxkor	N8230 Wainer Drive, Town Of Trego, WI	N8230 WAIAER DR, TREGO, WI	all_current_passes	no_key_intersection_or_cap
S1-40678525	S3-151381602	S3	US	Board of Sanitation	Board of (Saninttation)	17945 Rockwell Avenue, Homewood, IL		all_current_passes	no_key_intersection_or_cap
S1-984233875	S3-655782584	S3	India	Good Business Limited	Limited Good Bufses	5, Shivam Estate, Dantali Gidc, Nr. Deepkiran Foods, Kalol, Gandhi Nagar, Gujarat	5/2, Gandhi Nagar, Kalol, GJ	all_current_passes	no_key_intersection_or_cap
S1-984233875	S3-553238033	S3	India	Good Business Limited	ગુડ બિઝનેસ લિમિટેડ	5, Shivam Estate, Dantali Gidc, Nr. Deepkiran Foods, Kalol, Gandhi Nagar, Gujarat	5/2, Shivam Estate, Dantali Gidc, Nr. Deepkiran Foods, Gandhi Nagar, Kalol, GJ	all_current_passes	no_key_intersection_or_cap
S1-984233875	S3-772997222	S3	India	Good Business Limited	Good Bdugess Limited	5, Shivam Estate, Dantali Gidc, Nr. Deepkiran Foods, Kalol, Gandhi Nagar, Gujarat	5/2, Gandhi Nagar, GJ	all_current_passes	no_key_intersection_or_cap
S1-55140214	S2-796678806	S2	India	Commodities Elabs Private Limited	COMMODITIESELABS.COM	C/O Sh. Nirwail Singh, Hazipur, Sultanpur Lodhi, Kapurthala, Sultanpur Lodhi, Kapurthala, Punjab	C/O SH. NIRWAIL SINGH, HAZIPUR, SULTANPUR LODHI, KAPURTHALA, SULTANPUR LODHI, Punjab	all_current_passes	no_key_intersection_or_cap
S1-55140214	S3-937002706	S3	India	Commodities Elabs Private Limited	commodities commodities elabs private limited	C/O Sh. Nirwail Singh, Hazipur, Sultanpur Lodhi, Kapurthala, Sultanpur Lodhi, Kapurthala, Punjab	C/o Sh. Nirwail Singh, Hazipur, Sultanpur Lodhi, Kapurthala, Sultanpur Lodhi, Kapurthala, PB	all_current_passes	no_key_intersection_or_cap
S1-209805544	S3-261416111	S3	India	Urban (India) Star Private Limited	Urban (nIdni)a Star Private Limited	Sy. No. 150/B1, Main Road, Vivekananda Nagar, Sirsi, Uttara Kannada, Karnataka	Sy. No. 150/B1, Sirsi, Uttar Kannada, KA	all_current_passes	no_key_intersection_or_cap
S1-817863581	S2-282874881	S2	India	Swastik Estate LLP	स्वस्तिक एस्टेट एलएलपी	D-127/4 Sangam Vihar, Delhi, New Delhi, Delhi	D-00127/4 SANGAM VIHAR, NEW DELHI, DELHI	all_current_passes	no_key_intersection_or_cap
S1-221292843	S3-992425258	S3	India	International Builders Private Limited	इंटरनेशनल बिल्डर्स प्राइवेट लिमिटेड	A-203, Vikas Tower, Pvr Complex, Vikas Puri, New Delhi, Delhi	A-a-203, Vikas Puri, New Delhi, DL	all_current_passes	no_key_intersection_or_cap
S1-612712472	S2-95911733	S2	India	Maa Industries Private Limited	മാ ഇൻഡസ്ട്രീസ് പ്രൈവറ്റ് ലിമിറ്റഡ്	Palackal Court M.G.Road, Ernakulam, Kerala	#539- PALACKAL COURT M.G.ROAD, ERNAKULAM, KOCHI, കേരളം	all_current_passes	no_key_intersection_or_cap
S1-612712472	S2-638600541	S2	India	Maa Industries Private Limited	മാ ഇൻഡസ്ട്രീസ് പ്രൈവറ്റ് ലിമിറ്റഡ്	Palackal Court M.G.Road, Ernakulam, Kerala	DOOR NO 539- PALACKAL COURT M.G.ROAD, ERNAKULAM, KOCHI, Kerala	all_current_passes	no_key_intersection_or_cap
S1-612712472	S2-676291617	S2	India	Maa Industries Private Limited	Shri MAA INDUSTRIES PRIVATE [LIMITED]	Palackal Court M.G.Road, Ernakulam, Kerala	H.NO 539- PALACKAL COURT M.G.ROAD, ERNAKULAM, Kerala	all_current_passes	no_key_intersection_or_cap
S1-99560436	S2-161239005	S2	US	Ear Nose & Throat Medicine LLC	earnosethroat.com	703 Beacon Court, Montgomery Township, PA	BEACON CT, LANSDALE, PA	all_current_passes	no_key_intersection_or_cap
S1-99560436	S3-889312697	S3	US	Ear Nose & Throat Medicine LLC	Ear & Throat Medicine LLC Center	703 Beacon Court, Montgomery Township, PA		all_current_passes	no_key_intersection_or_cap
S1-99560436	S3-201091181	S3	US	Ear Nose & Throat Medicine LLC	Ear Ne & Throat Medicine LLC	703 Beacon Court, Montgomery Township, PA	70 Beacon Court, Montgomery Township, Pennsylvania	all_current_passes	no_key_intersection_or_cap
S1-290562654	S2-807146997	S2	India	Qss Farmers Private Limited	Private Qss Farmers Ltd	Chennai, Tamil Nadu, Chennai, # 55 (125/2), Manali Express Road, Eranavoor	#55 (125/2), MANALI EXPRESS ROAD, ERANAVOOR, CHENNAI, Tamil Nadu	all_current_passes	no_key_intersection_or_cap
S1-290562654	S3-65531878	S3	India	Qss Farmers Private Limited	Private Qss Fgrccfrs Limited	Chennai, Tamil Nadu, Chennai, # 55 (125/2), Manali Express Road, Eranavoor	No ##55 (125/2), TN, Chennai, Manali Express Road, Eranavoor, Chennai	all_current_passes	no_key_intersection_or_cap
S1-576290974	S3-717964319	S3	US	Beacon America	Beacon Partners	517 Cuesta Drive, Aptos, CA	Cuesta Drive, Aptos, California	all_current_passes	no_key_intersection_or_cap
S1-660662966	S2-381716954	S2	India	New Delhi Dream Private Limited	New Delhi-Private Limited Services	S-3, G/F, Greater Kailash-1, New Delhi, South Delhi, Delhi	Delhi, S-B3/3, G/F, GREATER KAILASH-1, NEW DELHI	all_current_passes	no_key_intersection_or_cap
S1-660662966	S2-851470074	S2	India	New Delhi Dream Private Limited	#newdelhi	S-3, G/F, Greater Kailash-1, New Delhi, South Delhi, Delhi	S-B3/3, G/F, GREATER KAILASH-1, NEW DELHI, Delhi	all_current_passes	no_key_intersection_or_cap
S1-939864289	S3-583694572	S3	US	Straight Edge Cleaning Service P.C.	5traight Edge Cléaning Service P.C.	9372 Roadrunner Street, Highlands Ranch, CO	9372 Roadrunner Saint, Highlands Ranch, Colorado	all_current_passes	no_key_intersection_or_cap
S1-559370831	S2-850159662	S2	India	Shree Public School	Shree School Services	F No-1710, Sector B Pkt, Vasant Kunj, New Delhi, Delhi	F NO-1710, SECTOR B PKT, VASANT KUNJ, NEW DELHI, Delhi	all_current_passes	no_key_intersection_or_cap
S1-504346927	S3-393818187	S3	US	Zenith Futurewave Inc.	Inc. Zenith Futurwave	2120 Lee Road, Cleveland Heights, OH	02007 Lee Road, null, Cleveland Heights, Ohio	all_current_passes	no_key_intersection_or_cap
S1-450152295	S3-277749498	S3	India	Gopal Yatra (India) Private Limited	6opal Yatra (India) Private [Limited]	New Nakasha Lashkari Bagh Near Masjeed, Nagpur, Maharashtra	MH, Nagpur, New Nakasha Lashkari Bagh Near Masjeed, Nagpur	all_current_passes	no_key_intersection_or_cap
S1-450152295	S3-470561200	S3	India	Gopal Yatra (India) Private Limited	Wexsol Formerly Gopal Yatra (India) Private Limited	New Nakasha Lashkari Bagh Near Masjeed, Nagpur, Maharashtra	Nagpur, Maharashtra, New Nakasha Lashkari Bagh Near Masjeed	all_current_passes	no_key_intersection_or_cap
S1-975654170	S2-465781135	S2	India	Jay Products Private Limited	ஜெய் புராடக்ட்ஸ் பிரைவேட் லிமிடெட்	Plot No 2 Srinivasa Pillai Nagar, Near Maharaha Ro, Yal Club, Chennai, Tamil Nadu	PLOT NO 2 SRINIVASA PILLAI NAGAR, NEAR MAHARAHA RO, YAL CLUB, CHENNAI, Tamil Nadu	all_current_passes	no_key_intersection_or_cap
S1-975654170	S3-954466332	S3	India	Jay Products Private Limited	ஜெய் புராடக்ட்ஸ் பிரைவேட் லிமிடெட்	Plot No 2 Srinivasa Pillai Nagar, Near Maharaha Ro, Yal Club, Chennai, Tamil Nadu	Door No 2 Srinivasa Pillai Nagar, Near Maharaha Ro, Yal Club, Tiruvallur, Chennai, தமிழ்நாடு	all_current_passes	no_key_intersection_or_cap
S1-975654170	S3-719351112	S3	India	Jay Products Private Limited	jayproducts.com	Plot No 2 Srinivasa Pillai Nagar, Near Maharaha Ro, Yal Club, Chennai, Tamil Nadu	Tiruvallur, Plot No 2 Srinivasa Pillai Nagar, Near Maharaha Ro, Yal Club, Chennai, TN	all_current_passes	no_key_intersection_or_cap
S1-263741395	S3-170040791	S3	India	Dynamic Power Private Limited	डायनामिक पावर प्राइवेट लिमिटेड	C-13 Gida Sector 13, Uttar Pradesh, Gorakhpur, Sahajanwa	C-g-13 Gida Sector 13, Gorakhpur, Sahajanwa, UP	all_current_passes	no_key_intersection_or_cap
S1-615095658	S2-868662831	S2	US	Tiify LLC	... Tiify LLC  Center	2468 Eagle Forest Drive, St Charles, MO	EAGLE FOREST DRIVE, ST CHARLES, MO	all_current_passes	no_key_intersection_or_cap
S1-825671680	S2-665085322	S2	India	Hari Indian Enterprises Private Limited	हरि इंडियन एंटरप्राइजेज प्राइवेट लिमिटेड	206, 2Nd Floor, Shreekant Chambers, Sion Trombay Road, Chembur, Mumbai, Mumbai City, Maharashtra	206., MUMBAI, MUMBAI CITY, महाराष्ट्र	all_current_passes	no_key_intersection_or_cap
S1-825671680	S3-657071449	S3	India	Hari Indian Enterprises Private Limited	हरि इंडियन एंटरप्राइजेज प्राइवेट लिमिटेड	206, 2Nd Floor, Shreekant Chambers, Sion Trombay Road, Chembur, Mumbai, Mumbai City, Maharashtra	205, 2Nd Floor, Shreekant Chambers, Sion Trombay Road, Chembur, Mumbai, Mumbai City, MH	all_current_passes	no_key_intersection_or_cap
S1-314308289	S3-448645616	S3	India	Clever Fashions Pvt. Ltd.	Clever Pvt. Ltd. [Services]	Plot No:51, Hyderabad, Telangana, Flat No.101, 1St Floor Matha Bhuvaneswari Society Madhapur, Hyderabad	No 973- Plot No:51, Flat No.101, 1St Floor Matha Bhuvaneswari Society Madhapur, Hyderabad, Andhra Pradesh	all_current_passes	no_key_intersection_or_cap
S1-369991325	S3-795006016	S3	US	Marji Champion Technical LLC	Korfluxgild	6626 Winton Street, Houston, TX	6626-6628 Winton Street, Houston, Texas	all_current_passes	no_key_intersection_or_cap
S1-687081247	S2-60441808	S2	US	Frontier Desert Fidelity LLC	Fr0ntier Desert	1739 George Washington Drive, Fl 0, Wichita, KS	1751 GEORGE WASHINGTON DRIVE, WICHITA, KS	all_current_passes	no_key_intersection_or_cap
S1-695404178	S2-923633397	S2	India	Million Marketing Pvt. Ltd.	Million Ltd. Pvt. Marketing	Shop No.72/2, Deviniwash Road, Kolkata, Kolkata, Howrah, West Bengal	SHOP NO.72/2, DEVINIWASH ROAD, KOLKATA, KOLKATA, West Bengal	all_current_passes	no_key_intersection_or_cap
S1-695404178	S2-585697744	S2	India	Million Marketing Pvt. Ltd.	MILLIONMARKETING.COM	Shop No.72/2, Deviniwash Road, Kolkata, Kolkata, Howrah, West Bengal	DOOR NO 72/ , DEVINIWASH ROAD, KOLKATA, HOWRAH, West Bengal	all_current_passes	no_key_intersection_or_cap
S1-695404178	S2-495762298	S2	India	Million Marketing Pvt. Ltd.	Milli0n Marketing Pvt. Limited	Shop No.72/2, Deviniwash Road, Kolkata, Kolkata, Howrah, West Bengal	NO 72/2 , DEVINIWASH ROAD, KOLKATA, KOLKATA, West Bengal	all_current_passes	no_key_intersection_or_cap
S1-107644916	S3-171196518	S3	US	Valley Project	The Valley Project	801 Val Mar Drive, San Bernardino, CA	Val Mar Dr, SAN Beranrdino, California	all_current_passes	no_key_intersection_or_cap
S1-854707534	S3-726605294	S3	US	Peridyn Chain LLC	Peridyn Cain LLC	NY, Brookhaven, 6 Heron Path	6B Heron Path, New York, Brookhaven	all_current_passes	no_key_intersection_or_cap
S1-253292973	S2-888394598	S2	US	Horne Precision Mitsubishi	horneprecisionmitsubishi.com	2655 De Armond Drive, Corvallis, OR	2655-2657 DE ARMOND DR, null, CORVALLIS, OR	all_current_passes	no_key_intersection_or_cap
S1-936929111	S3-760387607	S3	US	Dickinson Focus, Corp	Dickinson Fscu, (Corp)	Greenwood, IN, 5632 Skylark Drive	Skylark Drive, Greenwood, Indiana	all_current_passes	no_key_intersection_or_cap
S1-218573855	S3-783012218	S3	India	Swastik Agro Private Limited	स्वस्तिक एग्रो प्राइवेट लिमिटेड	Shop-5, C Wing, Pratap House Soc, Shivaji Nagar, Shivaji Maharaj Marg, Mumbai, Maharashtra	No A-560 Shop-5, C Wing, Pratap House Soc, Shivaji Nagar, Shivaji Maharaj Marg, Greater Bombay, Mumbai, MH	all_current_passes	no_key_intersection_or_cap
S1-600218080	S2-617300800	S2	US	Veva Co	BELOUMBRASOL	IN, Selma, 11401 400	SELMA, 11401 400, IN	all_current_passes	no_key_intersection_or_cap
S1-299746071	S3-89805260	S3	US	Prime Paceline LP	primepaceline.com	Fergus Falls, 1224 Lake St, MN	224 Lake St, Fergus Falls, Minnesota	all_current_passes	no_key_intersection_or_cap
S1-291419333	S2-352538774	S2	US	Cozy Hypnosis!	C0zy Hypnósis!	121 Friendship Street, Unit 2, Fall River, MA	FAL LRIVER, 121 FRIENDSHIP STREET, MA	all_current_passes	no_key_intersection_or_cap
S1-846021491	S2-105514021	S2	India	Om Finance Limited	Shri omfinance.com	1046/22, Thiruvalluvar Streetkaladipet Madras, Kaladipet, Madras, Chennai, Tamil Nadu	Tamil Nadu, THIRUVALLUVAR STREETKALADIPET MADRAS, KALADIPET, 1046/22, THIRUVETTRIYUR	all_current_passes	no_key_intersection_or_cap
S1-631847737	S3-719695700	S3	US	Shelagh Jones Water Center	Rizabelo formerly Shelagh Jones Water Center	MN, Madison, 2476 261st Avenue	Madison, MN, 2476 261st Avenue	all_current_passes	no_key_intersection_or_cap
S1-866990988	S2-620990365	S2	US	Kelley, Garcia and Frahm Inc	kelleygarciafrahm.com	1304 Gravel Lick Road, Russell County, VA	VA, 1304 GRAVEL LICK ROAD, CASTLEWOOD	all_current_passes	no_key_intersection_or_cap
S1-771118608	S3-950684070	S3	US	CW Custom Rate Inc	CW Custom Ragte Inc	1470 Roberts Road, Franklin, IN	Franklin, Indiana, Roberts Road	all_current_passes	no_key_intersection_or_cap
S1-860376386	S2-478616453	S2	India	White Industries Private Limited	వైట్ ఇండస్ట్రీస్ ప్రైవేట్ లిమిటెడ్	3D, Parameswara Apts, 6-3-626, Anand Nagar Khairatabad, Hyderabad, Telangana	#3D, ANAND NAGAR KHAIRATABAD, HYDERABAD, Telangana	all_current_passes	no_key_intersection_or_cap
S1-860376386	S3-767728003	S3	India	White Industries Private Limited	M/s White  Industries Private Ltd	3D, Parameswara Apts, 6-3-626, Anand Nagar Khairatabad, Hyderabad, Telangana	Anand Nagar Khairatabad, Hyderabad, Andhra Pradesh, ##3D	all_current_passes	no_key_intersection_or_cap
S1-197930566	S2-524184937	S2	US	Downtown Hypnosis	downtown downtown hypnosis	11809 Yuma Road, Scott County, VA	YUMA ROAD, GATE CITY, VA	all_current_passes	no_key_intersection_or_cap
S1-8412929	S3-66104711	S3	US	Martinez Safety LLC	Martinez Martinez LLC Sáfety	West Valley City, UT, Unit 206, 5285 Fannin Lane	05285 Fannin Lane, # 206, West Valley City, Utah	all_current_passes	no_key_intersection_or_cap
S1-8412929	S3-631801431	S3	US	Martinez Safety LLC	Rizahalozeph f/k/a Martinez Safety LLC	West Valley City, UT, Unit 206, 5285 Fannin Lane	UT, 5285 Fannin Lane, West Valley City, Unit 206	all_current_passes	no_key_intersection_or_cap
S1-535157975	S3-490752047	S3	US	Salyer's Crystal Spa	5alyer'S Spa Crystal	21720 Piney Chapel Road, Unit Lot C, Athens, AL	2172 Piney Chapel Rd, Unit Lot C, Ahtens, Alabama	all_current_passes	no_key_intersection_or_cap
S1-73266388	S3-448329295	S3	US	Trujillo Sony LLC	Trujillo Soyn LLC	113 Cimarron Trail, Irving, Unit 2106, TX		all_current_passes	no_key_intersection_or_cap
S1-38821044	S3-681867395	S3	US	United Institute VI	Viunited.Com #20905	TX, 413 Parsons Street, Manor	413 Parsons St, Manor, Texas	all_current_passes	no_key_intersection_or_cap
S1-416520778	S3-367341170	S3	India	Golden Gold Services	गोल्डन गोल्ड सर्विसेज	Plot No 26 & 26A Roz Ka Meo, Industrial Area, Phase-I, Sohna, Mewat, Haryana	Mewat, Door No 26 & 26A Roz Ka Meo, Industrial Area, Phase-i, HR	all_current_passes	no_key_intersection_or_cap
S1-517243718	S2-109795050	S2	US	Andi Grabowski, P.A.	Andi-6rabowski, P.A.	1726 Dressage Drive, Fairfax County, VA	DRESSAGE DRIVE, FAIRFAX COUNTY, VA	all_current_passes	no_key_intersection_or_cap
S1-306934395	S3-656700332	S3	India	Phulwari Foundation Private Limited	Phu1wari Fóundation Private Limited	Sri. Subhash Kr.Sinha., S/O Uma Shankar Pd, Sahyogi Marg, Ex.Road, Kadamkuan, Phulwari, Patna, Bihar	Door No 927 Sri. Subhash Kr.sinha., S/o Uma Shankar Pd, Sahyogi Marg, Ex.road, Kadamkuan, Patna, Phulwari, BR	all_current_passes	no_key_intersection_or_cap
S1-306934395	S3-282025737	S3	India	Phulwari Foundation Private Limited	Phulwari Fonhdaion Private Limited	Sri. Subhash Kr.Sinha., S/O Uma Shankar Pd, Sahyogi Marg, Ex.Road, Kadamkuan, Phulwari, Patna, Bihar	Door No 927 Sri. Subhash Kr.sinha., बिहार, Patna, Phulwari, S/o Uma Shankar Pd, Sahyogi Marg, Ex.road, Kadamkuan	all_current_passes	no_key_intersection_or_cap
S1-334069535	S3-480391326	S3	India	Red Consultants Private Limited	రెడ్ కన్సల్టెంట్స్ ప్రైవేట్ లిమిటెడ్	Tirumalagiri, 1-1-1115/411, Hyderabad, Panchasheela, Enclave, Ht Lane, Spg Grand, Telangana	C-1-1-1115/411, Hyderabad, Tirumalagiri, తెలంగాణ	all_current_passes	no_key_intersection_or_cap
S1-5533538	S2-276765363	S2	India	Srk Traders Private Limited	5rk Traders Private Limited	Ff Kh No. 42, 43, 44, Vipin Garden Extn. Near Gali No. 34, Delhi, Plot No. G-1, West Delhi	H.NO 753 PLOT NO. G-1, DELHI, WEST DELHI, Delhi	all_current_passes	no_key_intersection_or_cap
S1-5533538	S2-106728038	S2	India	Srk Traders Private Limited	5RK PRIVATE  LIMITED SERVICES	Ff Kh No. 42, 43, 44, Vipin Garden Extn. Near Gali No. 34, Delhi, Plot No. G-1, West Delhi	NO 753 PLOT NO. G-1, FF KH NO. 42, 43, 44, VIPIN GARDEN EXTN. NEAR GALI NO. 34, DELHI, WEST DELHI, Delhi	all_current_passes	no_key_intersection_or_cap
S1-501813247	S3-132843487	S3	US	Jack Products Inc.	Jack Plraucs Inc.	22 Desert Springs Road, St George City, UT	St George City, 022 Desert Springs Rd, Utah	all_current_passes	no_key_intersection_or_cap
S1-754115297	S2-342313242	S2	India	Arpita & Brothers Company	Sri Arpita & Braothres Company	H. No. 12-8-301/6A, Nagelli Residency Alugaddabavi, Mettuguda, Secunderabad, Hyderabad, Telangana	H. NO. #12-8-301/6A , NAGELLI RESIDENCY ALUGADDABAVI, METTUGUDA, SECUNDERABAD, Telangana	all_current_passes	no_key_intersection_or_cap
S1-787758125	S2-955863783	S2	US	South Crystal Aria Inc.	South Aria Inc. Center	34 Shagwong Drive, Brookhaven, NY		all_current_passes	no_key_intersection_or_cap
S1-839645965	S3-588955896	S3	India	Shaan Project LLP	5HAAN PROJECT LLP	2Nd Floor, Skyview 10, Sy.No.83/1, Raidurgam Hitech City Main Road, Madhapur, Hyderabad, Telangana	2Nd Floor, Hyderabad, Andhra Pradesh	all_current_passes	no_key_intersection_or_cap
S1-427574111	S3-976778991	S3	India	Pranya Digital Private Limited	*** Digitalprivatepranya.Com	Plot No 4 And 5, Flat No 104, Block B, Kavuri Supreme Enclave, Kavuri Hills, Shaikpet, Hyderabad, Telangana	Door No 4 And 5, Flat No 104, Block B, Kavuri Supreme Enclave, Kavuri Hills, Shaikpet, Hyderabad, TG	all_current_passes	no_key_intersection_or_cap
S1-764843325	S2-940814321	S2	US	North Babcock	N0RTH BÁBCOCK	NM, 1524 Del Monte Trail, Albuquerque	1524 DEL MONTE TRL, ALBUQUEQUE, NM	all_current_passes	no_key_intersection_or_cap
S1-812361268	S2-142550479	S2	US	Womens Health Pioneer Specialists Inc	*** WOMENS HEALTH PIONEER SIPECETLITSS INC	9509 Adrian Avenue, MO, Kansas City	9509B ADRIAN AVE, KANSAS CITY, MO	all_current_passes	no_key_intersection_or_cap
S1-812361268	S3-451536720	S3	US	Womens Health Pioneer Specialists Inc	Womens Health Pioneer 5pecialists Inc.	9509 Adrian Avenue, MO, Kansas City	9509 Adrian Ave, Kansas City, Missouri	all_current_passes	no_key_intersection_or_cap
S1-357133147	S2-451818839	S2	India	Sai Technologies Pvt Ltd	साई टेक्नोलॉजीज प्रा. लि.	H.No. 64 B, Govindpuram, New Tilpat Colony, Faridabad, Haryana	H.NO. 64 B, GOVINDPURAM, NEW TILPAT COLONY, FARIDABAD, Haryana	all_current_passes	no_key_intersection_or_cap
S1-357133147	S2-715902572	S2	India	Sai Technologies Pvt Ltd	Sai Tecnhoolges Pvt Ltd	H.No. 64 B, Govindpuram, New Tilpat Colony, Faridabad, Haryana	NO 64 B, GOVINDPURAM, NEW TILPAT COLONY, FARIDABAD, Haryana	all_current_passes	no_key_intersection_or_cap
S1-357133147	S3-494488267	S3	India	Sai Technologies Pvt Ltd	Shri Sai Technologies Pvt Ltd	H.No. 64 B, Govindpuram, New Tilpat Colony, Faridabad, Haryana	Door No D/64 B, Govindpuram, New Tilpat Colony, Faridabad, HR	all_current_passes	no_key_intersection_or_cap
S1-982267642	S3-107219627	S3	US	Eye Rocky Physicians Inc	Center Eye Physicians Inc	14620 Shannon Parkway, Unit Unit 201, Rosemount, MN	Minnesota, 14620 Shannon Pkwy, Unit Unit 201, Rosemout CITY	all_current_passes	no_key_intersection_or_cap
S1-44632418	S2-131484951	S2	US	Robinson Biomedical LLC	Robinson LLC Center	14845 Hunters Drive, Beaverton, OR	OR, BEAVERTON, 74845 Hunters Drive	all_current_passes	no_key_intersection_or_cap
S1-559249977	S2-312080751	S2	India	My Investment Private Limited	माय इन्वेस्टमेंट प्राइवेट लिमिटेड	C/O Mayank Anilkumar Sing, Chinchani District Thane, Palghar, Thane, Maharashtra	C/O MAYANK ANILKUMAR SING, PALGHAR, THANE, Maharashtra	all_current_passes	no_key_intersection_or_cap
S1-559249977	S2-885011702	S2	India	My Investment Private Limited	माय इन्वेस्टमेंट प्राइवेट लिमिटेड	C/O Mayank Anilkumar Sing, Chinchani District Thane, Palghar, Thane, Maharashtra	C/O MAYANK ANILKUMAR SRNG, CHINCHANI DISTRICT THANE, PALGHAR, THANE, Maharashtra	all_current_passes	no_key_intersection_or_cap
S1-559249977	S3-318612684	S3	India	My Investment Private Limited	माय इन्वेस्टमेंट प्राइवेट लिमिटेड	C/O Mayank Anilkumar Sing, Chinchani District Thane, Palghar, Thane, Maharashtra	C/o Mayank Anilkumar Sing, Chinchani District Thane, Thane, Palghar, महाराष्ट्र	all_current_passes	no_key_intersection_or_cap
S1-559249977	S3-314527984	S3	India	My Investment Private Limited	माय इन्वेस्टमेंट प्राइवेट लिमिटेड	C/O Mayank Anilkumar Sing, Chinchani District Thane, Palghar, Thane, Maharashtra	MH, Palghar, Thane, C/o Mayank Anilkumar Sing, Chinchani District Thane	all_current_passes	no_key_intersection_or_cap
S1-587750075	S3-510365084	S3	US	UN Telecommunication	The  UN Telecommunication	408 N Pointe Drive, Unit 216, Salisbury, MD	Salisbury, Unit 216, Maryland, ##408 North Pointe Dr	all_current_passes	no_key_intersection_or_cap
S1-275648424	S3-8705456	S3	US	Murray Trading Care	caremurraytrading.com	9713 Van Vlissingen Road, Chicago, IL	Van Vlissingen Road, Chicago, Illinois	all_current_passes	no_key_intersection_or_cap
S1-296784642	S3-278624779	S3	US	Ayon Rothschild of Liberty Inc	Ayon of Liberty Inc Services	Liberty, 790 1500th Place, IL	00790 1500th Place, Liberty, Illinois	all_current_passes	no_key_intersection_or_cap
S1-296784642	S3-299560952	S3	US	Ayon Rothschild of Liberty Inc	ayonrothschildliberty.com	Liberty, 790 1500th Place, IL	00790 1500th Place, Liberty, Illinois	all_current_passes	no_key_intersection_or_cap
S1-40930902	S3-695458327	S3	India	Shreeji & Co	Xylócalo	C/O Khanna Nursing Home, Opposite Gill Petrol Pump G.T. Road, Punjab, Khanna	C/o Khanna Nursing Home, Opposite Gill Petrol Pump G.t. Road, Khanna, PB	all_current_passes	no_key_intersection_or_cap
S1-40930902	S3-634958662	S3	India	Shreeji & Co	Belodrex One aka Shreeji & Co	C/O Khanna Nursing Home, Opposite Gill Petrol Pump G.T. Road, Punjab, Khanna	Punjab, C/O Khanna Nursing Home, Khanna, Opposite Gill Petrol Pump G.T. Road	all_current_passes	no_key_intersection_or_cap
S1-881444813	S3-506905314	S3	US	Department of Housing	Department of Services	236 Spokane Falls Boulevard, Unit 111-B, Spokane, WA	236 Spoknae Falls Blvd, PMB 3049, Spokane, Washington	all_current_passes	no_key_intersection_or_cap
S1-911301077	S2-457329921	S2	India	Classic Tech Private Limited	क्लासिक टेक प्राइवेट लिमिटेड	Mumbai, Maharashtra, 9 Commercial Union Housewallace Street Fort, Mumbai	H.NO 9 COMMERCIAL UNION HOUSEWALLACE STREET FORT, MUMBAI, Maharashtra	all_current_passes	no_key_intersection_or_cap
S1-911301077	S2-650845359	S2	India	Classic Tech Private Limited	क्लासिक टेक प्राइवेट लिमिटेड	Mumbai, Maharashtra, 9 Commercial Union Housewallace Street Fort, Mumbai	9 COMMERCIAL UNION HOUSEWALLACE STREET FORT, MUMBAI, महाराष्ट्र	all_current_passes	no_key_intersection_or_cap
S1-911301077	S3-440460688	S3	India	Classic Tech Private Limited	क्लासिक टेक प्राइवेट लिमिटेड	Mumbai, Maharashtra, 9 Commercial Union Housewallace Street Fort, Mumbai	9 Commercial Union Housewallace Street Fort, Bombay, Mumbai, MH	all_current_passes	no_key_intersection_or_cap
S1-911301077	S3-611257184	S3	India	Classic Tech Private Limited	क्लासिक टेक प्राइवेट लिमिटेड	Mumbai, Maharashtra, 9 Commercial Union Housewallace Street Fort, Mumbai	9 Commercial Union Housewallace Street Fort, Mumbai, Bombay, MH	all_current_passes	no_key_intersection_or_cap
S1-491658200	S2-477831819	S2	India	Baba Infotech Private Limited	बाबा इंफोटेक प्राइवेट लिमिटेड	First Floor Shop No. 130, Vasudev Sky High Chs Ltd, Thane, Maharashtra	NO. ##620 FIRST FLOOR SHOP NO. 130, THANE, Maharashtra	all_current_passes	no_key_intersection_or_cap
S1-491658200	S2-593136216	S2	India	Baba Infotech Private Limited	बाबा इंफोटेक प्राइवेट लिमिटेड	First Floor Shop No. 130, Vasudev Sky High Chs Ltd, Thane, Maharashtra	NO. ##620 FIRST FLOOR SHOP NO. 130, VASUDEV SKY HIGH CHS LTD, THANE, Maharashtra	all_current_passes	no_key_intersection_or_cap
S1-211367912	S2-664801713	S2	India	International Construction Private Limited	इंटरनेशनल कंस्ट्रक्शन प्राइवेट लिमिटेड	301 T/F Plot No-15, Community Center Preet, New Delhi, Delhi	H.NO ##301 T/F PLOT NO-15, COMMUNITY CENTER PREET, NEW DELHI, Delhi	all_current_passes	no_key_intersection_or_cap
S1-211367912	S3-318653684	S3	India	International Construction Private Limited	इंटरनेशनल कंस्ट्रक्शन प्राइवेट लिमिटेड	301 T/F Plot No-15, Community Center Preet, New Delhi, Delhi	H.no 301 T/f Plot No-15, East Delhi, New Delhi, DL	all_current_passes	no_key_intersection_or_cap
S1-840278172	S2-260518390	S2	India	Royal Consulting Private Limited	रॉयल कंसल्टिंग प्राइवेट लिमिटेड	S.No 64/5, Fl No C10, Padma Park Apartment Near Padamavati Mandir, Pune, Maharashtra	H.NO 0601 S.NO 64/5, FL NO C10, PADMA PARK APARTMENT NEAR PADAMAVATI MANDIR, PUNE, Maharashtra	all_current_passes	no_key_intersection_or_cap
S1-840278172	S3-240882584	S3	India	Royal Consulting Private Limited	रॉयल कंसल्टिंग प्राइवेट लिमिटेड	S.No 64/5, Fl No C10, Padma Park Apartment Near Padamavati Mandir, Pune, Maharashtra	Plot 570 S.no 64/5, Pune, MH	all_current_passes	no_key_intersection_or_cap
S1-840278172	S3-399113202	S3	India	Royal Consulting Private Limited	रॉयल कंसल्टिंग प्राइवेट लिमिटेड	S.No 64/5, Fl No C10, Padma Park Apartment Near Padamavati Mandir, Pune, Maharashtra	Plot 570 S.no 64/5, Fl No C10, Padma Park Apartment Near Padamavati Mandir, Pune, महाराष्ट्र	all_current_passes	no_key_intersection_or_cap
S1-605002576	S2-186809265	S2	India	Commit Homes (India) Pvt Ltd	Sri Commit Homes (India) Pvt Ltd	At- Baitpara, Balasore, Orissa, Basta, Balasore, C/O Pradeep Hota	C/O PRADEEP HOTA, AT- BAITPARA, BALASORE, BASTA, Odisha	all_current_passes	no_key_intersection_or_cap
S1-27444152	S3-578691751	S3	US	Martinez Cap LLC	Martinez LLC Services	5821 Burgundy Rose Drive, Fort Worth, TX		all_current_passes	no_key_intersection_or_cap
S1-574927457	S2-255982806	S2	US	Express Institutions	Express  Instfdtuions	3679 Huntley Road, Marion, NY	HUNTLEY RD, MARION, NY	all_current_passes	no_key_intersection_or_cap
S1-259506508	S2-990174532	S2	India	Best Good Products Private Limited	బెస్ట్ గుడ్ ప్రొడక్ట్స్ ప్రైవేట్ లిమిటెడ్	D. No 19-428-51 Circarthota, Machillatnam, Krishna, Andhra Pradesh	H.NO ##19-428-51 CIRCARTHOTA, KRISHNA, MACHILLATNAM, Andhra Pradesh	all_current_passes	no_key_intersection_or_cap
S1-713796415	S2-401853744	S2	India	Perfect Systems Private Limited	પરફેક્ટ સિસ્ટમ્સ પ્રાઇવેટ લિમિટેડ	Surat, Gujarat, 7Th Floor Office 703 -704 Rs No 365/P 366 Tps -4 Fp -50 Diamond World Tower -A Nr Prince Plaza, Mangadh Chowk Mini Bazar., Varachha Road, Surat	DOOR NO 7TH. FLOOR OFFICE 703 -704 RS NO 365/P 366 TPS -4 FP -50 DIAMOND WORLD TOWER -A NR PRINCE PLAZA, MANGADH CHOWK MINI BAZAR., VARACHHA ROAD, SURAT, SURAT, ગુજરાત	all_current_passes	no_key_intersection_or_cap
S1-328844051	S3-973323595	S3	India	Jay Tech Private Limited	Jay	Kh No- 18/6 1St Floor Street No 9, Blk-A 1, Amrit Vihar, Delhi, North Delhi, Delhi	Kh No- 18/6 1St Floor Street No 9, Blk-A 1, Amrit Vihar, Delhi, North Delhi, Delhi	all_current_passes	no_key_intersection_or_cap
S1-448410374	S2-37955881	S2	US	Wildlife Society Inc	Wildlife Sociyt Inc	610 Kingswood Lane, Simi Valley, CA	61 KINGSWOOD LANE, CITY OF SIMI VALLEY, CA	all_current_passes	no_key_intersection_or_cap
S1-420343429	S3-318314233	S3	India	Vision Infotech Private Limited	विजन इंफोटेक प्राइवेट लिमिटेड	Borivali East, Mumbai, Flat No.502, Maharashtra, B Wing, Priya B Wing, Kasturba Road, Near Mahavir Photo Studio	502, B Wing, Priya B Wing, Kasturba Road, Near Mahavir Photo Studio, Borivali East, Mumbai, MH	all_current_passes	no_key_intersection_or_cap
S1-423333394	S2-124089263	S2	India	Urban Exports Pvt Ltd	அர்பன் எக்ஸ்போர்ட்ஸ் பிரைவேட் லிமிடெட்	No 7 A, 7Th Floor, Gee Gee Emerald 151 Village Road Nungambakkam, Chennai, Tamil Nadu	#7 A, 7TH FLOOR, GEE GEE EMERALD 151 VILLAGE ROAD NUNGAMBAKKAM, MADRAS, CHENNAI, Tamil Nadu	all_current_passes	no_key_intersection_or_cap
S1-423333394	S3-9583143	S3	India	Urban Exports Pvt Ltd	அர்பன் Exports Pvt Ltd	No 7 A, 7Th Floor, Gee Gee Emerald 151 Village Road Nungambakkam, Chennai, Tamil Nadu	Chennai, 7 A, Chennai, TN	all_current_passes	no_key_intersection_or_cap
S1-507257254	S2-420623386	S2	India	Galaxy Consultancy Limited	ಗ್ಯಾಲಕ್ಸಿ ಕನ್ಸಲ್ಟೆನ್ಸಿ ಲಿಮಿಟೆಡ್	#270 10Th Main 2Nd Block Jayanagar, Bangalore, Karnataka	BENGALURU, #G-270 10TH MAIN 2ND BLOCK JAYANAGAR, BANGALORE, Karnataka	all_current_passes	no_key_intersection_or_cap
S1-507257254	S3-822600556	S3	India	Galaxy Consultancy Limited	ಗ್ಯಾಲಕ್ಸಿ ಕನ್ಸಲ್ಟೆನ್ಸಿ ಲಿಮಿಟೆಡ್	#270 10Th Main 2Nd Block Jayanagar, Bangalore, Karnataka	Door No 270 10Th Main 2Nd Block Jayanagar, Bangalore, KA	all_current_passes	no_key_intersection_or_cap
S1-317054463	S3-425127525	S3	India	Agency Investments Pvt Ltd	M/s Agency Inrgestmnts Pvt Ltd	Aurangabad, Maharashtra, Lahoti Hospitalplot No-9 Bansillal Nagar	Lahoti Hospitalplot No-9. Bansillal Nagar, Aurangabad, MH	all_current_passes	no_key_intersection_or_cap
S1-456318790	S2-64373652	S2	US	Pediatric Dental Center LLC	Pediatric Dntal Center LLC	1151 Pioneer Drive, Cottonwood, AZ	1151 PIONEER DR, COTTONWOOD, AZ	all_current_passes	no_key_intersection_or_cap
S1-456318790	S3-400472893	S3	US	Pediatric Dental Center LLC	Pediatric Dental	1151 Pioneer Drive, Cottonwood, AZ	1151-1153 Pioneer Drive, Cottonwood, Arizona	all_current_passes	no_key_intersection_or_cap
S1-566830111	S2-561839697	S2	US	Lee Silver Couture	Silver Lee Partners	213 Sixth Street, Frederick, MD	MD, 213 6ST STREET, FREDERICK	all_current_passes	no_key_intersection_or_cap
S1-416328681	S3-58008060	S3	US	May Value Dbdr L.L.C.	máyvaluedbdr.com	RI, 2 Apple Orchard Lane, Greenville	2 Apple Orchard Lane, Greenville, Rhode Island	all_current_passes	no_key_intersection_or_cap
S1-392534068	S3-120235703	S3	India	Nashik Enterprises	Shri Nashik Engerprises	Duplex 90, Lane 3, Left Bank Puri Canal Metro Satellite City, Balianta, Bhubaneswar, Khordha, Orissa	Duplex 090, Bhubaneswar, OD	all_current_passes	no_key_intersection_or_cap
S1-392534068	S3-333747934	S3	India	Nashik Enterprises	Nashik Entertrises	Duplex 90, Lane 3, Left Bank Puri Canal Metro Satellite City, Balianta, Bhubaneswar, Khordha, Orissa	Duplex 090, Bhubaneswar, Khordha, OD	all_current_passes	no_key_intersection_or_cap
S1-392534068	S3-878670505	S3	India	Nashik Enterprises	Sri Nashik Service	Duplex 90, Lane 3, Left Bank Puri Canal Metro Satellite City, Balianta, Bhubaneswar, Khordha, Orissa	Duplex 090, OD	all_current_passes	no_key_intersection_or_cap
S1-879858737	S3-996828785	S3	US	Mckie Flag of Vian Inc	Inc Mckie F1ag of Vian	95696 4541 Loop, Vian, OK	0095696 4541 Loop, Vian, Oklahoma	all_current_passes	no_key_intersection_or_cap
S1-30038696	S2-789253940	S2	India	Vijay Ss Construction Limited	ବିଜୟ ଏସ୍‌ଏସ୍ କନଷ୍ଟ୍ରକସନ୍ ଲିମିଟେଡ୍	Flat No-D-107, Panda Residency, Bhubaneswar, Khordha, Orissa	PLOT 961 FLAT NO-D-107, PANDA RESIDENCY, BHUBANESWAR, KHORDHA, ଓଡ଼ିଶା	all_current_passes	no_key_intersection_or_cap
S1-30038696	S3-281274446	S3	India	Vijay Ss Construction Limited	ବିଜୟ ଏସ୍‌ଏସ୍ କନଷ୍ଟ୍ରକସନ୍ ଲିମିଟେଡ୍	Flat No-D-107, Panda Residency, Bhubaneswar, Khordha, Orissa	Flat No-d-107, Panda Residency, Balakati, OD	all_current_passes	no_key_intersection_or_cap
S1-691899933	S3-381918366	S3	India	Hi Exports (India) Private Limited	Sri Hi Exports (India) Private	Hari Krishna Nagard S Lane Ps Shibpur, Howrah, West Bengal	Howrah, Hari Krishna Nagard S Lane Ps Shtbpur, WB	all_current_passes	no_key_intersection_or_cap
S1-687325312	S3-530154957	S3	India	Ms (India) Ventures Pvt Ltd	Shri Ms (India) Vntubs Pvt Ltd	B/1201 Raj Spaces, L. T. Road No. 2, Off M.G Road, Goregaon West, Mumbai, Mumbai City, Maharashtra	Mumbai, B/1201 Raj Spaces, महाराष्ट्र	all_current_passes	no_key_intersection_or_cap
S1-122117256	S2-944410674	S2	India	Vedang Enterprises Private Limited	M/s Vedang Enterprises Limited Center	Shop No. 1411, F/F Nicholson Road, Delhi, North Delhi, Delhi	SHOP NO. 1411, F/F NICHOLSON ROAD, DELHI, Delhi	all_current_passes	no_key_intersection_or_cap
S1-122117256	S3-827432411	S3	India	Vedang Enterprises Private Limited	Gildkelodelta	Shop No. 1411, F/F Nicholson Road, Delhi, North Delhi, Delhi	Shop No. 1411, F/f Nicholson Road, Delhi, North Delhi, DL	all_current_passes	no_key_intersection_or_cap
S1-122117256	S3-539757170	S3	India	Vedang Enterprises Private Limited	Private Vedang Enterprises Limited	Shop No. 1411, F/F Nicholson Road, Delhi, North Delhi, Delhi	Shop No. 1411, F/f Nicholson Road, Delhi, North Delhi, दिल्ली	all_current_passes	no_key_intersection_or_cap
S1-140026915	S2-636873183	S2	India	Dynamic Impex Private Limited	ডায়নামিক ইম্পেক্স প্রাইভেট লিমিটেড	West Bengal, Kolkata, Howrah, Hemant Basu Sarani, 2Nd Floor, Room No. 230, 21	21, HEMANT BASU SARANI, 2ND FLOOR, ROOM NO. 230, KOLKATTA, HOWRAH, West Bengal	all_current_passes	no_key_intersection_or_cap
S1-140026915	S2-260030079	S2	India	Dynamic Impex Private Limited	ডায়নামিক ইম্পেক্স প্রাইভেট লিমিটেড	West Bengal, Kolkata, Howrah, Hemant Basu Sarani, 2Nd Floor, Room No. 230, 21	HEMANT BASU SARANI, 2ND FLOOR, ROOM NO. 230, HOWRAH, KOLKATTA, 21, পশ্চিমবঙ্গ	all_current_passes	no_key_intersection_or_cap
S1-510015581	S2-364939288	S2	India	Futura Services Pvt Ltd	Pvt Futura Smvrics Ltd	Unit No 200 Bhandup Industrial Estate 5Th Floor Pannalal Compound Lbs Rd Bhandup W, Mumbai, Mumbai City, Maharashtra	UNIT NO 198 BHANDUP INDUSTRIAL ESTATE 5TH FLOOR PANNALAL COMPOUND LBS RD BHANDUP W, BOMBAY, MUMBAI CITY, Maharashtra	all_current_passes	no_key_intersection_or_cap
S1-510015581	S2-860079971	S2	India	Futura Services Pvt Ltd	Futura Seaicnes Pvt Ltd	Unit No 200 Bhandup Industrial Estate 5Th Floor Pannalal Compound Lbs Rd Bhandup W, Mumbai, Mumbai City, Maharashtra	UNIT NO 198 BHANDUP INDUSTRIAL ESTATE 5TH FLOOR PANNALAL COMPOUND LBS RD BHANDUP W, MUMBAI, महाराष्ट्र	all_current_passes	no_key_intersection_or_cap
S1-510015581	S3-51365845	S3	India	Futura Services Pvt Ltd	Dr Futura Sertvicces Pvt Ltd	Unit No 200 Bhandup Industrial Estate 5Th Floor Pannalal Compound Lbs Rd Bhandup W, Mumbai, Mumbai City, Maharashtra	Unit No 200 Bhandup Industrial Etsate 5Th Floor Pannalal Compound Lbs Rd Bhandup W, Mumbai Ii, Mumbai, MH	all_current_passes	no_key_intersection_or_cap
S1-510015581	S3-441798128	S3	India	Futura Services Pvt Ltd	Futura Services Pvt	Unit No 200 Bhandup Industrial Estate 5Th Floor Pannalal Compound Lbs Rd Bhandup W, Mumbai, Mumbai City, Maharashtra	Unit No 200 Bhandup Industrial Estate 5Th Floor Pannalal Compound Lbs Rd Bhandup W, Mumbai Ii, Mumbai City, MH	all_current_passes	no_key_intersection_or_cap
S1-722701300	S3-946525856	S3	India	Prananth Chemicals Limited	Prananth  Chemicmns Limited	Ed-2C Pitampura, Madhuban Chownk, New Delhi, North West, Delhi		all_current_passes	no_key_intersection_or_cap
S1-638404069	S3-149523209	S3	India	Samvardhana Brothers Limited	Samvardhana Bhooters Bhooters [Limited]	C/O Baban Rangnath Bhosle, Pimpalgaon Peth, Aurangabad, Maharashtra	C/o Baban Rangnath Bhosle, Pimpalgaon Peth, Aurangabad, MH	all_current_passes	no_key_intersection_or_cap
S1-638404069	S3-692156317	S3	India	Samvardhana Brothers Limited	Fluxriza trading as Samvardhana Brothers Limited	C/O Baban Rangnath Bhosle, Pimpalgaon Peth, Aurangabad, Maharashtra	C/O Baban Rangnath Bhosle, Pimpalgaon Peth, Aurangabad, Maharashtra	all_current_passes	no_key_intersection_or_cap
S1-336753892	S2-928281443	S2	India	Royal Ventures Private Limited	रॉयल वेंचर्स प्राइवेट लिमिटेड	Flat No. 202, Maharshi Atharva Apartment, Plot. No. 14, Shankar Nagar, Nagpur, Maharashtra	NAGPUR, महाराष्ट्र, FLAT NO. G-202, NAGPUR	all_current_passes	no_key_intersection_or_cap
S1-536705186	S3-773814228	S3	India	Sidhsilver Wind Pvt Ltd	Pvt Sidhsilver Wisd Ltd	18/452, Uppinakath, Koduvally, Kozhikode, Kerala	Uppinakath, Koduvally, KL, Kozhikode, Door No 410 18/452	all_current_passes	no_key_intersection_or_cap
S1-536705186	S3-440859724	S3	India	Sidhsilver Wind Pvt Ltd	5idhsilver Wind Pvt Ltd.	18/452, Uppinakath, Koduvally, Kozhikode, Kerala	Door No 410 18/452, Uppinakath, Koduvally, Kozhikode, KL	all_current_passes	no_key_intersection_or_cap
S1-536705186	S3-652164990	S3	India	Sidhsilver Wind Pvt Ltd	Shri Sidhsilver  Wind Pvt Ltd	18/452, Uppinakath, Koduvally, Kozhikode, Kerala	Door No 410 18/452, Uppinakath, Koduvally, Kozhikode, KL	all_current_passes	no_key_intersection_or_cap
S1-209125573	S3-943115434	S3	US	Vanguard Staffing Advisors LLC	vanguardstaffingadvisors.com	489 Westbrook Street, Unit APT 205F, South Portland, ME	# APT 205F, 489 Westbrook St, South Portland, Maine	all_current_passes	no_key_intersection_or_cap
S1-440098202	S2-628034994	S2	US	Odonnell Cambridge LLC	odonnellcambridge.com	33 Bradford Avenue, Mansfield, OH	MANSFIELD, BRADFORD AVENUE, OH	all_current_passes	no_key_intersection_or_cap
S1-440098202	S3-20863846	S3	US	Odonnell Cambridge LLC	Odonnell Camrie LLC	33 Bradford Avenue, Mansfield, OH		all_current_passes	no_key_intersection_or_cap
S1-499847912	S3-26873	S3	US	Modestine Fuller Muniyield Group	Flucaer, Modestine Muniyield (Group)	814 Magnolia Street, Arlington, TX	Texas, Arlington, 814 1/2 Magnolia Street	all_current_passes	no_key_intersection_or_cap
S1-879207596	S2-476270581	S2	India	Prime Investment Private Limited	प्राइम इन्वेस्टमेंट प्राइवेट लिमिटेड	Flat No. 302, Buld. No A, Heliconia Ii Magarpatta, Pune City, Pune, Maharashtra	DOOR NO 302, PUNE, null, Maharashtra	all_current_passes	no_key_intersection_or_cap
S1-879207596	S3-232810221	S3	India	Prime Investment Private Limited	Yumajaxriza	Flat No. 302, Buld. No A, Heliconia Ii Magarpatta, Pune City, Pune, Maharashtra	302, Buld. No A, Heliconia Ii Magarpatta, Pune, Pune City, महाराष्ट्र	all_current_passes	no_key_intersection_or_cap
S1-879207596	S3-425703002	S3	India	Prime Investment Private Limited	प्राइम इन्वेस्टमेंट प्राइवेट लिमिटेड	Flat No. 302, Buld. No A, Heliconia Ii Magarpatta, Pune City, Pune, Maharashtra	Pune, Buld. No A, Heliconia Ii Magarpatta, Flat No. 302, Pune City, महाराष्ट्र	all_current_passes	no_key_intersection_or_cap
S1-394928776	S2-250503970	S2	US	Womens Health Clinic of Baltimore	WOMENS CLINIC SERVICE BALTIMORE OF	1214 Broening Highway, Baltimore, MD	BALTIMORE, MD, 1214 BOENING HIGHWAY	all_current_passes	no_key_intersection_or_cap
S1-299773245	S3-460127726	S3	India	DJ Marines Limited	*** Djmarines.Com	Gram-Sagunahan, Post- Babatpur, Varanasi, Uttar Pradesh	UP, Post- Babatpur, Varanasi, Gram-sagunahan, Varanasi	all_current_passes	no_key_intersection_or_cap
S1-734004067	S3-473563219	S3	India	Indo Business Pvt Ltd	ইন্দো বিজনেস প্রাইভেট লিমিটেড	24A Bagmari Road, Kolkata, Calcutta, West Bengal	Calcutta, Kolkata, ##24A Bagmari Road, WB	all_current_passes	no_key_intersection_or_cap
S1-763465273	S3-195035619	S3	US	Oncology Frontier Partners	oncologyfrontierpartners.com	7 Lemir Drive, Capon Bridge, WV	007 Lemir Drive, Capon Bridge, West Virginia	all_current_passes	no_key_intersection_or_cap
S1-152434149	S2-63363631	S2	US	Gillman, Roth and Lester Republic LLC	GILLMANROTH.COM	108 Leona Lane, Huntsville, AL	LEONA LN, HUNTSVILLE, AL	all_current_passes	no_key_intersection_or_cap
S1-536019970	S3-965259743	S3	India	Dhanesh Trading Private Limited	Iriquocira Sys dba Dhanesh Trading Private Limited	C/O.-Jaya Srivastava, 103, P.V.Complex West Boring Canal Road, Patna, Bihar	C/O.-Jaya Srivastava, 103, P.V.Complex West Boring Canal Road, Patna, Bihar	all_current_passes	no_key_intersection_or_cap
S1-96997570	S2-496973361	S2	US	Charlena Hazelwood Workshop	Charlena Hfzebrmiood Workshop	4515 Cherry Avenue, Fl 0, Wichita, KS	WICHITA, KS, 4515  CHERRY AVE	all_current_passes	no_key_intersection_or_cap
S1-679867766	S3-474416661	S3	US	Bright Seafood Inc	Bright Sealfaomd  Inc	8531 Ff, Town Of Grant, WI	8531c Ff, Wisconsin, Town Of Grant	all_current_passes	no_key_intersection_or_cap
S1-20792002	S3-26205361	S3	US	Renet	Rét	4805 Majesty Road, Rio Rancho, NM	Rio Rancho, ##4805 Majesty Road, New Mexico	all_current_passes	no_key_intersection_or_cap
S1-276296929	S2-618793748	S2	US	Wood Integrated Oncology LLC	Synavikor	2228 Sandra Terrace, Phoenix, AZ	222 SANDRA TER, SUNNYSLOPE, AZ	all_current_passes	no_key_intersection_or_cap
S1-425587153	S3-289001960	S3	India	Royal Business Private Limited	रॉयल Business प्राइवेट लिमिटेड	N 273, Dlf Park Place, Golf Course Road Sector54, Galleria Dlf-Iv, Gurgaon, Haryana	N 0273, Dlf Park Place, Golf Course Road Sector54, Galleria Dlf-iv, Gurgaon, HR	all_current_passes	no_key_intersection_or_cap
S1-425587153	S3-658576300	S3	India	Royal Business Private Limited	रॉयल बिजनेस प्राइवेट लिमिटेड	N 273, Dlf Park Place, Golf Course Road Sector54, Galleria Dlf-Iv, Gurgaon, Haryana	N 0273, Dlf Park Place, Golf Course Road Sector54, Gurgaon, Galleria Dlf-iv, हरियाणा	all_current_passes	no_key_intersection_or_cap
S1-539879230	S3-117651018	S3	US	Novent Owl PLLC	Beloavi d/b/a Novent Owl PLLC	Des Plaines, IL, 9308 Home Court	9308 Home Court, Des Plaines, IL	all_current_passes	no_key_intersection_or_cap
S1-714135249	S2-188362327	S2	India	Universal Sunrise Tech Pvt Ltd	यूनिवर्सल सनराइज टेक प्रा. लि.	House No - 813/2, Makhmalabad, Satpurtal, Nashik, Maharashtra	HOUES NO - 813/2, MAKHMALABAD, SATPURTAL, NASHIK, महाराष्ट्र	all_current_passes	no_key_intersection_or_cap
S1-714135249	S3-431623235	S3	India	Universal Sunrise Tech Pvt Ltd	यूनिवर्सल सनराइज टेक प्रा. लि.	House No - 813/2, Makhmalabad, Satpurtal, Nashik, Maharashtra	House No - 813/2, Nashik, MH	all_current_passes	no_key_intersection_or_cap
S1-714135249	S3-805220251	S3	India	Universal Sunrise Tech Pvt Ltd	यूनिवर्सल सनराइज Tech प्रा. लि.	House No - 813/2, Makhmalabad, Satpurtal, Nashik, Maharashtra	House No - 813/2, Nashik, महाराष्ट्र	all_current_passes	no_key_intersection_or_cap
S1-803840711	S2-421877625	S2	US	Cozy Pub!	C0zy Púb!	TX, Kyle, 136 Fall Creek Drive	136 FALL CREEK DR, KYLE, TX	all_current_passes	no_key_intersection_or_cap
S1-803840711	S2-959565091	S2	US	Cozy Pub!	cozypub.com	TX, Kyle, 136 Fall Creek Drive	136 FALL CREEK DRIVE, KYLE, TX	all_current_passes	no_key_intersection_or_cap
S1-803840711	S3-615435748	S3	US	Cozy Pub!	Cozypub.Com	TX, Kyle, 136 Fall Creek Drive	136- Fall Creek Drive, KLE CITY, Texas	all_current_passes	no_key_intersection_or_cap
S1-962502954	S2-219493301	S2	India	Shree Constructions Private Limited	श्री कंस्ट्रक्शंस प्राइवेट लिमिटेड	New Delhi, B-416 New Friends Colony, Delhi, South Delhi	B-0416 NEW FRIENDS COLONY, NEW DELHI, SOUTH DELHI, दिल्ली	all_current_passes	no_key_intersection_or_cap
S1-962502954	S2-945814520	S2	India	Shree Constructions Private Limited	श्री कंस्ट्रक्शंस प्राइवेट लिमिटेड	New Delhi, B-416 New Friends Colony, Delhi, South Delhi	B-0416 NEW FRIENDS COLONY, NEW DELHI, SOUTH DELHI, दिल्ली	all_current_passes	no_key_intersection_or_cap
S1-962502954	S3-613911138	S3	India	Shree Constructions Private Limited	SC	New Delhi, B-416 New Friends Colony, Delhi, South Delhi	New Delhi, Delhi, South Delhi, B-416 New Friends Colony	all_current_passes	no_key_intersection_or_cap
S1-655628490	S2-861288400	S2	India	Vision Impex Limited	विजन इम्पेक्स लिमिटेड	Flat No 104, Wing-B, Shiv Shivam Tower Adarsh Nagar, Jogeshwari West, Mumbai, Mumbai City, Maharashtra	FLAT NO 104, MUMBAI, MUMBAI CITY, महाराष्ट्र	all_current_passes	no_key_intersection_or_cap
S1-655628490	S3-828345775	S3	India	Vision Impex Limited	Sri Vision Impex (Limited)	Flat No 104, Wing-B, Shiv Shivam Tower Adarsh Nagar, Jogeshwari West, Mumbai, Mumbai City, Maharashtra	#104, NULL, MH	all_current_passes	no_key_intersection_or_cap
S1-715642052	S2-484970278	S2	India	Ds Properties Private Limited	Ds Limited Private Properties Properties	Ambika Kunj, 194D, Satin Sen Sarani, 3Rd Floor, Flat No. 31, Kolkata, Kolkata, Howrah, West Bengal	পশ্চিমবঙ্গ, DOOR NO 112 AMBIKA KUNJ, 194D, SATIN SEN SARANI, 3RD FLOOR, FLAT NO. 31, KOLKATA, KOLKATA	all_current_passes	no_key_intersection_or_cap
S1-715642052	S3-915513085	S3	India	Ds Properties Private Limited	Ds Properties  Private	Ambika Kunj, 194D, Satin Sen Sarani, 3Rd Floor, Flat No. 31, Kolkata, Kolkata, Howrah, West Bengal	পশ্চিমবঙ্গ, Calcutta, Howrah, No. 343 Ambika Kunj	all_current_passes	no_key_intersection_or_cap
S1-715642052	S3-265229734	S3	India	Ds Properties Private Limited	Shri Halodova	Ambika Kunj, 194D, Satin Sen Sarani, 3Rd Floor, Flat No. 31, Kolkata, Kolkata, Howrah, West Bengal	No. 343 Ambika Kunj, 194D, Satin Sen Sarani, 3Rd Floor, Flat No. 31, Kolkata, Calcutta, Howrah, পশ্চিমবঙ্গ	all_current_passes	no_key_intersection_or_cap
S1-320925655	S2-870963310	S2	India	United Media Private Limited	यूनाइटेड मीडिया प्राइवेट लिमिटेड	Jayshrea Post Box No 153Opp Sapna Talkie Main Road, Chandrapur, Maharashtra	H.NO 534 JAYSHREA POST BOX NO 153OPP SAPNA TALKIE MAIN ROAD, CHANDRAPUR, Maharashtra	all_current_passes	no_key_intersection_or_cap
S1-986414977	S2-510349301	S2	India	Jai Finance Private Limited	जय फाइनेंस प्राइवेट लिमिटेड	Prop No. 169 & 170, Upper Ground Floor Pocket-20, Sec-24, Rohini, Delhi, North West, Delhi	DELHI, UPPER GROUND FLOOR POCKET-20, SEC-24, ROHINI, <NULL>, PROP NO. 169 & 170, Delhi	all_current_passes	no_key_intersection_or_cap
S1-685095028	S2-442000424	S2	India	Lustre & Partners	LUSTREPARTNERS.COM	Telangana, Sumitra Nagar, Baghameeri, H.No.5-5, Hyderabad, Tirumalagiri	NO 5-5 , SUMITRA NAGAR, BAGHAMEERI, TIRUMALAGIRI, Telangana	all_current_passes	no_key_intersection_or_cap
S1-496404957	S2-50620641	S2	India	White Products Private Limited	व्हाइट प्रोडक्ट्स प्राइवेट लिमिटेड	Rushikesh Appartment Sakoli Corner, Sambhaji Nagar, Flat No. 4, Kolhapur, Maharashtra, Kolhapur	DOOR NO 4, RUSHIKESH APPARTMENT SAKOLI CORNER, SAMBHAJI NAGAR, KOLHAPUR, Maharashtra	all_current_passes	no_key_intersection_or_cap
S1-496404957	S2-667639545	S2	India	White Products Private Limited	व्हाइट प्रोडक्ट्स प्राइवेट लिमिटेड	Rushikesh Appartment Sakoli Corner, Sambhaji Nagar, Flat No. 4, Kolhapur, Maharashtra, Kolhapur	FLAT NO. 4, KOLHAPUR, महाराष्ट्र	all_current_passes	no_key_intersection_or_cap
S1-907553730	S3-242183118	S3	US	Martinez Futurecorp of Sacramento	martinezfuturecorpsacramento.com	CA, Sacramento, 6060 Stockton Boulevard	6060 Stockton Blvd, PO Box 3388, Sacramento, California	all_current_passes	no_key_intersection_or_cap
S1-534715135	S3-219919955	S3	US	Fletcher Delta Vaneck, LLC	fletcherdeltavaneck.com	2520 Bear Creek Lane, Phoenix, AZ	Arizona, Phoenix, 252 Bear Creek Ln	all_current_passes	no_key_intersection_or_cap
S1-534715135	S3-978345366	S3	US	Fletcher Delta Vaneck, LLC	F1etcher Delta Vaneck, LLC	2520 Bear Creek Lane, Phoenix, AZ	Arizona, Phoenix, Bear Creek Ln	all_current_passes	no_key_intersection_or_cap
S1-490372842	S2-774512583	S2	US	Physical Therapy Group	Physical  Therapy	510 Mettabrook Drive, Swanton, OH		all_current_passes	no_key_intersection_or_cap
S1-490372842	S3-365385967	S3	US	Physical Therapy Group	Physical Therapy	510 Mettabrook Drive, Swanton, OH	510 Mettabrook Drive, Swanton, Ohio	all_current_passes	no_key_intersection_or_cap
S1-490372842	S3-292754865	S3	US	Physical Therapy Group	physicaltherapygroup.com	510 Mettabrook Drive, Swanton, OH	510 Mettabrook Dr, Swanton, Ohio	all_current_passes	no_key_intersection_or_cap
S1-490372842	S3-33485222	S3	US	Physical Therapy Group	Physical Group Partners	510 Mettabrook Drive, Swanton, OH	Swanton, Ohio, 510 Mettabrook Drive	all_current_passes	no_key_intersection_or_cap
S1-463257976	S3-551402577	S3	India	Shiv City Consultants Pvt Ltd	શિવ સિટી કન્સલ્ટન્ટ્સ પ્રા. લિ.	At.Po.Tankaria, Ta Di. Bharuch, Bharuch, Gujarat	Plot 119 At.po.tankaria, Bharuch, Ta Di. Bharuch, ગુજરાત	all_current_passes	no_key_intersection_or_cap
S1-463257976	S3-896493681	S3	India	Shiv City Consultants Pvt Ltd	શિવ સિટી કન્સલ્ટન્ટ્સ પ્રા. લિ.	At.Po.Tankaria, Ta Di. Bharuch, Bharuch, Gujarat	Plot 119 At.po.tankaria, Ta Di. Bharuch, Bharuch, GJ	all_current_passes	no_key_intersection_or_cap
S1-463257976	S3-738583244	S3	India	Shiv City Consultants Pvt Ltd	શિવ સિટી કન્સલ્ટન્ટ્સ પ્રા. લિ.	At.Po.Tankaria, Ta Di. Bharuch, Bharuch, Gujarat	Plot 119 At.po.tankaria, Ta Di. Bharuch, Bharuch, GJ	all_current_passes	no_key_intersection_or_cap
S1-939256086	S3-612946076	S3	US	Fuller & Meese Inc.	Center Fuller Meese Inc.	12002 Willow Branch Court, Houston, TX	1200 Willow Branch Ct, Houston, Texas	all_current_passes	no_key_intersection_or_cap
S1-972150659	S2-254493956	S2	US	Goetz, Ingram and Howlett LLC	Zephveo	Goshen, 666 Sharon Turnpike, CT	#666 SHARON TPKE, CT, GOSHEN	all_current_passes	no_key_intersection_or_cap
S1-972150659	S2-698053961	S2	US	Goetz, Ingram and Howlett LLC	THE GOETZ, INGRAM & HOWLETT LLC LLC	Goshen, 666 Sharon Turnpike, CT	#666 SHARON TPKE, GOSHEN, CT	all_current_passes	no_key_intersection_or_cap
S1-266915010	S3-999559043	S3	India	Dream It Limited	ड्रीम आईटी लिमिटेड	Flat No. D-062, Park Heights, Dlf Park Place Phase-V, Gurgaon, Haryana	HR, Flat No. D-062, Rohtak, Dlf Park Place Phase-v	all_current_passes	no_key_intersection_or_cap
S1-998852346	S2-755653607	S2	US	Sammy Mcgowan Metro Shanghai LLC	sammymcgowanmetro.com	716 Oak Hill Avenue, Union, NY	716-720 OAK HILL AVENUE, UNION, NY	all_current_passes	no_key_intersection_or_cap
S1-190941677	S2-170049056	S2	US	Urgent Care Medicine Inc	Urgent Medicine Medicine Care Inc	1842 Clifty Drive, Madison, IN	1842 CLIFTY DR, MADISON, IN	all_current_passes	no_key_intersection_or_cap
S1-190941677	S2-481372376	S2	US	Urgent Care Medicine Inc	URGENT  CARE INC CENTER	1842 Clifty Drive, Madison, IN	1842 CLIFTY DRIVE, MADISON, IN	all_current_passes	no_key_intersection_or_cap
S1-327804795	S2-493559490	S2	India	YML Five Pvt Ltd	YML Pvt Ltd Center	D.No. 23/1490, Flat No.8, Deekshita Towers, Behind Pavani Prestige Apartment, Magunt, A Layout, Nellore, Andhra Pradesh	NO 23/1490 , FLAT NO.8, DEEKSHITA TOWERS, BEHIND PAVANI PRESTIGE APARTMENT, MAGUNT, A LAYOUT, Andhra Pradesh	all_current_passes	no_key_intersection_or_cap
S1-327804795	S2-678186030	S2	India	YML Five Pvt Ltd	YML Ftígee Pvt Ltd	D.No. 23/1490, Flat No.8, Deekshita Towers, Behind Pavani Prestige Apartment, Magunt, A Layout, Nellore, Andhra Pradesh	DOOR NO 23/1490 , FLAT NO.8, DEEKSHITA TOWERS, BEHIND PAVANI PRESTIGE APARTMENT, MAGUNT, A LAYOUT, Andhra Pradesh	all_current_passes	no_key_intersection_or_cap
S1-327804795	S3-836465899	S3	India	YML Five Pvt Ltd	ymlfive.com	D.No. 23/1490, Flat No.8, Deekshita Towers, Behind Pavani Prestige Apartment, Magunt, A Layout, Nellore, Andhra Pradesh	G-23/1490, Flat No.8, Deekshita Towers, Behind Pavani Prestige Apartment, Magunt, A Layout, Nellore, ఆంధ్రప్రదేశ్	all_current_passes	no_key_intersection_or_cap
S1-362453370	S3-599301293	S3	US	Delta Keen Inc	Lumvera formerly: Delta Keen Inc	40 Peabody Street, TN, Nashville, Unit 122	Nashville, TN, Unit 122, 40 Peabody Street	all_current_passes	no_key_intersection_or_cap
S1-100435874	S2-549987988	S2	US	Steimel Capital Churchill	steimelcapitalchurchill.com	210 N Fork Drive, Moscow, TN	MOSCWO, TN, N FORK DRIVE	all_current_passes	no_key_intersection_or_cap
S1-82555969	S3-492023278	S3	US	Chiropractic Anchor Care Associates LLC	>> Chir0practic Anchor Care Associates	8723 82nd Street, Lincoln, NE	723 82nd Street, Lincoln, Nebraska	all_current_passes	no_key_intersection_or_cap
S1-82555969	S3-404336040	S3	US	Chiropractic Anchor Care Associates LLC	The  Chiropractic Anchor Care Associates LLC	8723 82nd Street, Lincoln, NE	723 82nd St, Lincoln, Nebraska	all_current_passes	no_key_intersection_or_cap
S1-82555969	S3-957637960	S3	US	Chiropractic Anchor Care Associates LLC	LLC Chir0practic Anchor Care Associates	8723 82nd Street, Lincoln, NE	723 82nd St, Lincoln, Nebraska	all_current_passes	no_key_intersection_or_cap
S1-185103270	S2-61995289	S2	India	Tag (India) Developwell Limited	Tag Developwell-Limited Services	No 16/A, Bangalore, Bangalore North, 2Nd Floor, Kkmp Building, Millers Tank Bund Road, Vasanthnagar, Karnataka	NO 0016/A , 2ND FLOOR, KKMP BUILDING, MILLERS TANK BUND ROAD, VASANTHNAGAR, BANGALORE NORTH, Karnataka	all_current_passes	no_key_intersection_or_cap
S1-185103270	S2-929660238	S2	India	Tag (India) Developwell Limited	Shri Tag (India) Developwell	No 16/A, Bangalore, Bangalore North, 2Nd Floor, Kkmp Building, Millers Tank Bund Road, Vasanthnagar, Karnataka	NO 0016/A , 2ND FLOOR, KKMP BUILDING, MILLERS TANK BUND ROAD, VASANTHNAGAR, BANGALORE NORTH, ಕರ್ನಾಟಕ	all_current_passes	no_key_intersection_or_cap
S1-928412953	S2-157557028	S2	US	Pacific Integrated Electronics LLC	Lumnylazeta	10018 Windward Drive, Fl 1, Olympia, WA	10018C WINDWARD DR, CARLYON BEACH, WA	all_current_passes	no_key_intersection_or_cap
S1-101600459	S2-141941838	S2	US	Cascade Harbors PLLC	Cascade PLLC  Center	1334 Day Place, Covington City, VA	01334 Day Place, COVINGTON CITY, VA	all_current_passes	no_key_intersection_or_cap
S1-101600459	S2-640299814	S2	US	Cascade Harbors PLLC	Cascade-PLLC Services	1334 Day Place, Covington City, VA		all_current_passes	no_key_intersection_or_cap
S1-183966410	S3-1912331	S3	US	Odele Fricker Keystone All	odelefrickerkeystone.com	956 Ardiano Avenue, Tontitown, AR	Ardiano Ave, Tontitown, Arkansas	all_current_passes	no_key_intersection_or_cap
S1-671006742	S3-436848619	S3	US	Hermosillo Gas	Hermosillo Hermosillo Gas Corp	731 Western Reserve Road, Crescent Springs, KY	31 Western Reserve Road, Ft Mitchell Ky, Kentucky	all_current_passes	no_key_intersection_or_cap
S1-139922907	S2-215590224	S2	US	Francis & Sze PLLC	Feancis & Sze PLLC	38565 296th Avenue, Waubun, MN	38565-38567 296rd Avenue, WAUUBN CITY, MN	all_current_passes	no_key_intersection_or_cap
S1-632481143	S2-566335701	S2	India	Pioneer Gujarat Infra Private Limited	ಪಯೊನೀರ್ ಗುಜರಾತ್ ಇನ್‌ಫ್ರಾ ಪ್ರೈವೇಟ್ ಲಿಮಿಟೆಡ್	9Th Street, Ferns Paradise, Bangalore North, No 755, Bangalore, Karnataka	H.NO ##755, BANGALORE, BANGALORE NORTH, Karnataka	all_current_passes	no_key_intersection_or_cap
S1-632481143	S3-14926072	S3	India	Pioneer Gujarat Infra Private Limited	ಪಯೊನೀರ್ ಗುಜರಾತ್ ಇನ್‌ಫ್ರಾ Private Limited	9Th Street, Ferns Paradise, Bangalore North, No 755, Bangalore, Karnataka	No 755, Bangalore North, Bangalore, KA	all_current_passes	no_key_intersection_or_cap
S1-574218245	S3-153544726	S3	India	Indian Producer	ইন্ডিয়ান প্রডিউসার	4 Ballav Das Street 3Rd Floor, Room No. - 30, Kolkata, Howrah, West Bengal	No 4 Ballav Das Street 3Rd Floor, Room No. - 30, Kolkata, Howrah, পশ্চিমবঙ্গ	all_current_passes	no_key_intersection_or_cap
S1-848202175	S2-86529924	S2	US	Seamons Intelligent Inc	seam0nsintelligent.com	1151 Burton Drive, Unit APT 122, Vacaville, CA	151 Burton Dr, VACAVILLE, CA	all_current_passes	no_key_intersection_or_cap
S1-848202175	S2-739863328	S2	US	Seamons Intelligent Inc	Seamons Itnlleigent (Inc)	1151 Burton Drive, Unit APT 122, Vacaville, CA	151 BURTON DR, VACAVILLE, CA	all_current_passes	no_key_intersection_or_cap
S1-545946302	S2-653851340	S2	US	Precision Carolina Inc	precisioncarolina.com	75 Mahogany Run, NY, Pittsford	NY, PITTSFORD, ##75 MAHOGANY RUN	all_current_passes	no_key_intersection_or_cap
S1-545946302	S3-336045709	S3	US	Precision Carolina Inc	Precisioncarolina.Com	75 Mahogany Run, NY, Pittsford	1- Mahogany Run, NULL, Pittsford, New York	all_current_passes	no_key_intersection_or_cap
S1-846574110	S2-974966449	S2	US	Portland Federal Muzero	Federal Portland Muaeto	725 23rd Avenue, Portland, OR	725-A 23RD AVENUE, NULL, PORTLAND, OR	all_current_passes	no_key_intersection_or_cap
S1-302336782	S2-891713032	S2	India	Real Power Private Limited	रियल पावर प्राइवेट लिमिटेड	Flat No 312 Block V Army, Flats Mdc Sector 4, Panchkula, Haryana	FLAT NO 312 BLOCK V ARMY, FLATS MDC SECTOR 4, PANCHKULA, Haryana	all_current_passes	no_key_intersection_or_cap
S1-302336782	S2-180407638	S2	India	Real Power Private Limited	Real Private Limited Services	Flat No 312 Block V Army, Flats Mdc Sector 4, Panchkula, Haryana	Haryana, FHAT NO 312 BLOCK V ARMY, FLATS MDC SECTOR 4, PANCHKULA	all_current_passes	no_key_intersection_or_cap
S1-302336782	S3-234107334	S3	India	Real Power Private Limited	रियल पावर प्राइवेट लिमिटेड	Flat No 312 Block V Army, Flats Mdc Sector 4, Panchkula, Haryana	Door No 312 Block V Army, Panchkula, हरियाणा	all_current_passes	no_key_intersection_or_cap
S1-302336782	S3-419997704	S3	India	Real Power Private Limited	रियल पावर प्राइवेट लिमिटेड	Flat No 312 Block V Army, Flats Mdc Sector 4, Panchkula, Haryana	Flat No 312 Block V Army, Flats Mdc Sector 4, Panchkula, HR	all_current_passes	no_key_intersection_or_cap
S1-359694049	S3-564723361	S3	US	Summit Complete Sachs	Summit  C0mplete	801 Green Road, South Euclid, OH		all_current_passes	no_key_intersection_or_cap
S1-527489699	S2-448263591	S2	US	Maryjane's Pharmaceuticals	Maryjane's Pharmacegutoacls	430 Gillette Street, City Of La Crosse, WI	430 1/2 Gillette St, NULL, LA CROSSE CITY, WI	all_current_passes	no_key_intersection_or_cap
S1-766097167	S2-148659005	S2	US	Emerson Silver LLC	Onyxvera	AZ, 3500 Chemehuevi Boulevard, Lake Havasu City	AZ, <NULL>, 3500 CHEMEHUEVI BLDV, LAKE HAVASU CITY CDP	all_current_passes	no_key_intersection_or_cap
S1-691806118	S3-132585579	S3	India	Jaipur Services Private Limited	Jaipur Services Prvtre  Limited	2-A Ganga Path Suraj Nagar West Civil Lines, Jaipur, Rajasthan		all_current_passes	no_key_intersection_or_cap
S1-117022003	S3-935652040	S3	US	Paque Family Office	The Paque Family Office	413 Sixth Street, WI, Village Of Waterford	Sixth Street, Village Of Waterford, Wisconsin	all_current_passes	no_key_intersection_or_cap
S1-66645690	S2-913604865	S2	India	Fight Trade (India) Private Limited	Shri FIGHT TRADE (INDIA) PRIVATE LTD	Gorakhpur, Vashundhara Complex, Gorakhpur, Uttar Pradesh, 2Nd Floor Near Sarwang Hospital, Betiahata	VASHUNDHARA COMPLEX, 2ND FLOOR NEAR SARWANG HOSPITAL, BETIAHATA, GORAKHPUR, Uttar Pradesh	all_current_passes	no_key_intersection_or_cap
S1-66645690	S2-513268507	S2	India	Fight Trade (India) Private Limited	Mr Fight Tfrha (India) Private Limited	Gorakhpur, Vashundhara Complex, Gorakhpur, Uttar Pradesh, 2Nd Floor Near Sarwang Hospital, Betiahata	VASHUNDHARA COMPLEX, 2ND FLOOR NEAR SARWANG HOSPITAL, BETIAHATA, GORAKHPUR, Uttar Pradesh	all_current_passes	no_key_intersection_or_cap
S1-66645690	S3-108342955	S3	India	Fight Trade (India) Private Limited	Cálomirabrix	Gorakhpur, Vashundhara Complex, Gorakhpur, Uttar Pradesh, 2Nd Floor Near Sarwang Hospital, Betiahata	Vashundhara Complex, 2Nd Floor Near Sarwang Hospital, Betiahata, Gorakhpur, उत्तर प्रदेश	all_current_passes	no_key_intersection_or_cap
S1-66645690	S3-233985497	S3	India	Fight Trade (India) Private Limited	Private Fight Tand (India) Limited	Gorakhpur, Vashundhara Complex, Gorakhpur, Uttar Pradesh, 2Nd Floor Near Sarwang Hospital, Betiahata	Gorakhpur, 2Nd Floor Near Sarwang Hospital, Betiahata, Vashundhara Complex, UP	all_current_passes	no_key_intersection_or_cap
S1-66645690	S3-569531124	S3	India	Fight Trade (India) Private Limited	Smt Fight Trade (India)-Peae Limited	Gorakhpur, Vashundhara Complex, Gorakhpur, Uttar Pradesh, 2Nd Floor Near Sarwang Hospital, Betiahata	Vashundhara Complex, 2Nd Floor Near Sarwang Hospital, Betiahata, Gorakhpur, उत्तर प्रदेश	all_current_passes	no_key_intersection_or_cap
S1-180269792	S3-619030731	S3	India	All Industries Private Limited	ഓൾ Industries പ്രൈവറ്റ് ലിമിറ്റഡ്	13/507, B 40, 2Nd Floor, Yamuna Arcade, Kallai Road, Po Chalappuram, Kozhikode, Kerala	KL, Kozhikode, 1-3/507, Kozhikode	all_current_passes	no_key_intersection_or_cap
S1-10222665	S2-494483805	S2	India	Jupitar (India) Planners Pvt. Ltd.	Smt IJPLANNERS.COM	443-The Boulevard, Opp. Western Bus Hub, Surat City, Surat, Gujarat	SURAT CITY, BOULEVARD, Gujarat	all_current_passes	no_key_intersection_or_cap
S1-10222665	S2-464688602	S2	India	Jupitar (India) Planners Pvt. Ltd.	(India) Jupitar Pvt. Planners Ltd.	443-The Boulevard, Opp. Western Bus Hub, Surat City, Surat, Gujarat	BOULEVARD, SURAT CITY, Gujarat	all_current_passes	no_key_intersection_or_cap
S1-147296014	S3-29869365	S3	US	Eastern Coastal Spruce PC	easterncoastalspruce.com	2623 Kansas Avenue, Woodward, OK	Kansas Ave, Woodward, Oklahoma	all_current_passes	no_key_intersection_or_cap
S1-379443057	S2-861811551	S2	US	Empire Federation LLC	Empire Empire LLC (Federation)	8115 Taylor Court, Portland, OR	8114 Taylor Court, PORTLAND, OR	all_current_passes	no_key_intersection_or_cap
S1-739129616	S2-645233952	S2	US	Interfaith Integrated Federation	interfaithintegratedfederation.com	2681 Maplewood Street, Cuyahoga Falls, OH	002681 MAPLEWOOD ST, <NULL>, CUYAHOGA FALLS, OH	all_current_passes	no_key_intersection_or_cap
S1-618610915	S2-585844822	S2	US	Floyd Heritage Partners Inc	Floyd Partners Inc Center	702 Keene Avenue, Oswego, IL		all_current_passes	no_key_intersection_or_cap
S1-618610915	S3-689183567	S3	US	Floyd Heritage Partners Inc	Floyd Partners Inc  Center	702 Keene Avenue, Oswego, IL		all_current_passes	no_key_intersection_or_cap
S1-326503462	S2-542161463	S2	India	Mountain Mastermind Private Limited	Private Mountain Mastermind Ltd	A-57/1, Dlf 1, Gurugram, Dlf Qe, Gurgaon, Haryana	GURGAON, Haryana, DLF 1, GURUGRAM, A-7/1, DLF QE	all_current_passes	no_key_intersection_or_cap
S1-326503462	S3-591784703	S3	India	Mountain Mastermind Private Limited	M0untain  Mastermind Private Limited	A-57/1, Dlf 1, Gurugram, Dlf Qe, Gurgaon, Haryana	Hn 30 A-57/1, Dlf Qe, Gurgaon, HR	all_current_passes	no_key_intersection_or_cap
S1-839661205	S3-309891655	S3	US	Behavioral Health Center LLC	behavioralhealthcenter.com	1402 Elliott Court, Clarksville, TN	1402 Elliott Ct, Clarksville, Tennessee	all_current_passes	no_key_intersection_or_cap
S1-839661205	S3-382067340	S3	US	Behavioral Health Center LLC	Veolum Labs doing business as Behavioral Health Center LLC	1402 Elliott Court, Clarksville, TN	1402 Elliott Court, Clarksville, TN	all_current_passes	no_key_intersection_or_cap
S1-66222580	S2-293488622	S2	US	Signature Aspac	The Signature Aspac (ID: 28198)	136 Patriot Way, Poca, WV	WV, POCA, 136 PATRIOT WAY	all_current_passes	no_key_intersection_or_cap
S1-315356120	S2-779125768	S2	US	Martin's Vanguard Detailing	martinsvanguarddetailing.com	20 Springmill Drive, Middletown, DE	SPRINGMILL DRIVE, MIDDLETOWN, DE	all_current_passes	no_key_intersection_or_cap
S1-911423430	S2-25848132	S2	India	Solana Silos Private Limited	SOLANASILOS.COM	Pune City, S No 37/2, Maharashtra, Pune, Keshav Complex	HN B3/108 S NO 37/2, KESHAV COMPLEX, PUNE CITY, Maharashtra	all_current_passes	no_key_intersection_or_cap
S1-911423430	S3-485689074	S3	India	Solana Silos Private Limited	Solana Silts Private Limited	Pune City, S No 37/2, Maharashtra, Pune, Keshav Complex	S No 037/2, Keshav Complex, Pune, Pune City, MH	all_current_passes	no_key_intersection_or_cap
S1-911423430	S3-4236747	S3	India	Solana Silos Private Limited	PRIVATE SOLANA SILOS LIMITED	Pune City, S No 37/2, Maharashtra, Pune, Keshav Complex	S No 037/2, Keshav Complex, Pune City, Pune, MH	all_current_passes	no_key_intersection_or_cap
S1-701324010	S2-675926597	S2	India	Giriraj Media Pvt Ltd	@girirajmedia	Charander Village Road, Kolkata, Howrah, 41A, Kolkata, West Bengal	41A, CHARANDER VILAGE ROAD, KOLKATA, KOLKATA, West Bengal	all_current_passes	no_key_intersection_or_cap
S1-701324010	S3-651955337	S3	India	Giriraj Media Pvt Ltd	Pvt Giriraj Mniemad Ltd	Charander Village Road, Kolkata, Howrah, 41A, Kolkata, West Bengal	WB, D/41a, Kolkata, Howrah	all_current_passes	no_key_intersection_or_cap
S1-701324010	S3-62706451	S3	India	Giriraj Media Pvt Ltd	Pyraveo F/K/A Giriraj Media Pvt Ltd	Charander Village Road, Kolkata, Howrah, 41A, Kolkata, West Bengal	41A, Charander Village Road, Kolkata, Kolkata, Howrah, West Bengal	all_current_passes	no_key_intersection_or_cap
S1-738693243	S2-165151602	S2	India	LHB Interiors Pvt Ltd	LHB Integrir Pvt Ltd	No.12, Prem Nagar, Sewanagar, Gwalior, Madhya Pradesh		all_current_passes	no_key_intersection_or_cap
S1-871170634	S2-126438440	S2	US	Diehm Permian LP	pérmiandiehm.com	Chesterfield County, 7806 Duntrune Drive, VA	7806 DUNTRUNE DRIVE, CHESTERFIELDCITY, VA	all_current_passes	no_key_intersection_or_cap
S1-567646611	S2-650112509	S2	US	Wing, Levings and Maxfield Presidio Inc	winglevingsmaxfield.com	196 Mahan Street, Concord, NC	MAHAN STREET, CONCORD, NC	all_current_passes	no_key_intersection_or_cap
S1-59400420	S2-131759909	S2	US	Krystalle Showalter Templeton LLC	SHOHSALTER, KRYSTALLE TEMPLETON LLC	Bingham, ME, 27 River Street	27-31 RIVER ST, BINGHAM, ME	all_current_passes	no_key_intersection_or_cap
S1-601964813	S3-533341528	S3	India	Roopendra Media Private Limited	Roopendra Private Limited Services	P. O. & Village: South Jhapardaha Domjur, Howrah, West Bengal	#983 P. O. & Village: South Jhapardaha Domjur, Howrah, WB	all_current_passes	no_key_intersection_or_cap
S1-605334018	S2-343364600	S2	India	Good Products Private Limited	ಗುಡ್ ಪ್ರೊಡಕ್ಟ್ಸ್ ಪ್ರೈವೇಟ್ ಲಿಮಿಟೆಡ್	314, Manito Commanders Marvel, Duo Marvel Layout, Bangalore North, Bangalore, Karnataka	314, BANGALORE NORTH, BANGALORE, Karnataka	all_current_passes	no_key_intersection_or_cap
S1-605334018	S3-257861664	S3	India	Good Products Private Limited	ಗುಡ್ ಪ್ರೊಡಕ್ಟ್ಸ್ ಪ್ರೈವೇಟ್ ಲಿಮಿಟೆಡ್	314, Manito Commanders Marvel, Duo Marvel Layout, Bangalore North, Bangalore, Karnataka	314, Bangalore North, Bangalore, KA	all_current_passes	no_key_intersection_or_cap
S1-300289723	S2-511478461	S2	India	Healthy Engineering Limited	Shri Healthy Engineering-Limited	Flat No. 803, Mi Rustle Court, Sector-6, Lucknow, Uttar Pradesh	FLAT NO. 803, MI RUSTLE COURT, SECTOR-6, LUIKNOW, Uttar Pradesh	all_current_passes	no_key_intersection_or_cap
S1-300289723	S3-918851466	S3	India	Healthy Engineering Limited	Healthy Limited Services	Flat No. 803, Mi Rustle Court, Sector-6, Lucknow, Uttar Pradesh		all_current_passes	no_key_intersection_or_cap
S1-300289723	S3-393899216	S3	India	Healthy Engineering Limited	healthyengineering.com	Flat No. 803, Mi Rustle Court, Sector-6, Lucknow, Uttar Pradesh	Flat No. 803, Mi Rustle Court, Sector-6, Lucknow, UP	all_current_passes	no_key_intersection_or_cap
S1-194342714	S3-246897647	S3	US	Hunt Earths PLLC	Hunt Hunt Earths	965 Delhi Avenue, Cincinnati, OH	Delhi Ave, Cincinnati, Ohio	all_current_passes	no_key_intersection_or_cap
S1-978635177	S2-876465630	S2	US	Ware, Elvina, MD, PC	wareelvinamd.com	4825 Mcallister Drive, Chesterfield County, VA	4825 MCLLISTER DR, CHESTER, VA	all_current_passes	no_key_intersection_or_cap
S1-894107060	S2-386420519	S2	US	Stevens Capital Partners LLC	WEXRIZATAVO	53 Fast View Drive, Martinsburg, WV	WV, 53 FAST VIEW DR, MARTINSBURG	all_current_passes	no_key_intersection_or_cap
S1-196935438	S3-79337982	S3	US	Ironclad	Verairi One	7460 300, Greensburg, IN	Greensburg, IN, 7460 300	all_current_passes	no_key_intersection_or_cap
S1-953545521	S2-178012926	S2	US	5-Legged Dog	5leggeddogcom	6521 91st Place, Lubbock, TX	6521D 91ST PLACE, LUBBOCK, TX	all_current_passes	no_key_intersection_or_cap
S1-833391908	S3-136432537	S3	India	Modern Infotech Private Limited	ಮಾಡರ್ನ್ ಇನ್‌ಫೋಟೆಕ್ ಪ್ರೈವೇಟ್ ಲಿಮಿಟೆಡ್	No.174, 2Nd Floor, 2Nd Cross, 7Th Main, 1St Block, Koramangala, Bangalore, Karnataka	Dor No 174, 2Nd Floor, 2Nd Cross, 7Th Main, 1St Block, Koramangala, Bangalore, KA	all_current_passes	no_key_intersection_or_cap
S1-794390130	S3-400671472	S3	India	Baba Tech LLP	Zephdova Co aka Baba Tech LLP	C1/37, First Floor, Ardee City, Sector 52, Gurugram, Gurgaon, Haryana	First Floor, Ardee City, Sector 52, Gurugram, Haryana, Gurgaon, C1/37	all_current_passes	no_key_intersection_or_cap
S1-575426738	S2-704497129	S2	India	Jai & Brothers LLP	Shri Jai & Bróthers LLP	294, Bangalore, Bangalore South, 6Th Cross, Gpr Royal Layout, Karnataka	#990 294, 6TH CROSS, GPR ROYAL LAYOUT, BANGALORE SOUTH, ಕರ್ನಾಟಕ	all_current_passes	no_key_intersection_or_cap
S1-758391186	S2-36287475	S2	India	Ss Star Investment Private Limited	ఎస్‌ఎస్ స్టార్ ఇన్వెస్ట్‌మెంట్ ప్రైవేట్ లిమిటెడ్	P No.56, Guttala Begumpet, Madhapur, Hyderabad, Shaikpet, Hyderabad, Telangana	PLOT 69 P NO.56, GUTTALA BEGUMPET, MADHAPUR, HYDERABAD, SHAIKPET, HYDERABAD, Telangana	all_current_passes	no_key_intersection_or_cap
S1-758391186	S2-890471377	S2	India	Ss Star Investment Private Limited	ssstarinvestment.com	P No.56, Guttala Begumpet, Madhapur, Hyderabad, Shaikpet, Hyderabad, Telangana	PLOT 69 P NO.56, GUTTALA BEGUMPET, MADHAPUR, HYDERABAD, SHAIKPET, HYDERABAD, తెలంగాణ	all_current_passes	no_key_intersection_or_cap
S1-758391186	S3-492023313	S3	India	Ss Star Investment Private Limited	ఎస్‌ఎస్ స్టార్ ఇన్వెస్ట్‌మెంట్ ప్రైవేట్ లిమిటెడ్	P No.56, Guttala Begumpet, Madhapur, Hyderabad, Shaikpet, Hyderabad, Telangana	P No.56, Hyderabad, <NULL>, Andhra Pradesh	all_current_passes	no_key_intersection_or_cap
S1-758391186	S3-882957674	S3	India	Ss Star Investment Private Limited	ఎస్‌ఎస్ స్టార్ ఇన్వెస్ట్‌మెంట్ ప్రైవేట్ లిమిటెడ్	P No.56, Guttala Begumpet, Madhapur, Hyderabad, Shaikpet, Hyderabad, Telangana	<NULL>, Hyderabad, Andhra Pradesh, P No.56	all_current_passes	no_key_intersection_or_cap
S1-758391186	S3-289709110	S3	India	Ss Star Investment Private Limited	Ss స్టార్ ఇన్వెస్ట్‌మెంట్ ప్రైవేట్ లిమిటెడ్	P No.56, Guttala Begumpet, Madhapur, Hyderabad, Shaikpet, Hyderabad, Telangana	P No.56, Hyderabad, <NULL>, Andhra Pradesh	all_current_passes	no_key_intersection_or_cap
S1-964610916	S2-481476074	S2	US	Rapid Pinnacle Ramaco	Service Pinnacle Rapid	1399 Commonwealth Avenue, Unit 21, Boston, MA	COMMONWEALTH AVENUE, BRIGHTON, MA	all_current_passes	no_key_intersection_or_cap
S1-706626109	S2-83684607	S2	US	Prime Technical Ventures	PRIME TECHNICA1 VENTURES	3026 Mimosa Drive, Port Arthur, TX	PT ARTHUR, MIMOSA DR, TX	all_current_passes	no_key_intersection_or_cap
S1-191912983	S2-255221524	S2	India	GH Battery Private Limited	ghbatteryprivate.com	Maharashtra, Mumbai, Seva Sadan Chawl, Rawalpada, Santosh Nagar, Dahisar East, R. No 1	R. NO ##1, SEVA SADAN CHAWL, RAWALPADA, SANTOSH NAGAR, MUMBAI, DAHISAR EAST, Maharashtra	all_current_passes	no_key_intersection_or_cap
S1-742698020	S3-273892489	S3	India	Dhule Roadlines Limited	Quosynarc doing business as Dhule Roadlines Limited	Dhule, Midc Avadhan, Dhule, Plot No.F-3, Maharashtra	Plot No.F-3, Midc Avadhan, Dhule, Maharashtra	all_current_passes	no_key_intersection_or_cap
S1-56735529	S2-826301918	S2	US	Nonet	Net	227 Squires Bend, Stafford, TX	227-A SQUIRES BEND, STAFFORD, TX	all_current_passes	no_key_intersection_or_cap
S1-311470256	S3-79511769	S3	US	Bureau of Sanitation Inc.	The Bureau of Sanitation Inc. (ID: 42798)	7980 Wagonseller Road, Green Valley, IL	7980b Wagonseller Rd, Green Valley, Illinois	all_current_passes	no_key_intersection_or_cap
S1-57714624	S3-90094050	S3	US	Physical Therapy Apex Care LLC	Physical Therapy Apex Cahre LLC	4108 Charity Farm Court, Virginia Beach City, VA	4108 Charity Famr Ct, Virginia Beach City, Virginia	all_current_passes	no_key_intersection_or_cap
S1-968599654	S2-308636331	S2	India	EJQ Techno Co	EJQ TECHN0 (COMPANY)	D.No 236-240, Pera Naidu Lay-Out Cross Cut Road Gandhipuram, Coimbatore, Tamil Nadu	D.NO 236-240, PERA NAIDU LAY-OUT CROSS CUT ROAD GANDHIPURAM, COIMBAOTRE, தமிழ்நாடு	all_current_passes	no_key_intersection_or_cap
S1-754201992	S3-562945328	S3	US	Rediex LLC	Rmrnex LLC	Cle Elum, WA, 380 Morning Dove Lane	00380 Morning Dove Ln, Cle Elum, Washington	all_current_passes	no_key_intersection_or_cap
S1-754201992	S3-835305931	S3	US	Rediex LLC	Fayedeltaorbi a/k/a Rediex LLC	Cle Elum, WA, 380 Morning Dove Lane	380 Morning Dove Lane, Cle Elum, WA	all_current_passes	no_key_intersection_or_cap
S1-999727381	S2-587282380	S2	US	Halcara Brc	halcarabrc.com	101 2nd Street, Unit 5, Laurel, DE	LAUREL, DE, 101 2ND ST	all_current_passes	no_key_intersection_or_cap
S1-805495186	S2-756829895	S2	India	Bangalore South Engg Private Limited	Private Bangalore South Engg Limited	Karnataka, No.2, Bangalore, Bangalore South, Ground Floor, 16Th Cross, Kilari Road	DOOR NO 2, GROUND FLOOR, 16TH CROSS, KILARI ROAD, BANGALORE SOUTH, CHIKKABANAVARA, Karnataka	all_current_passes	no_key_intersection_or_cap
S1-517951979	S3-668913289	S3	India	Meeniya Rays Private Limited	meeniyarays.com	Maharashtra, 109/110, Penkar Pada, Gupta Compound, Bhanji Udyog Nagar, Mira Road(E), Thane	Plot 889 109/110, Penkar Pada, Gupta Compound, Bhanji Udyog Nagar, Mira Road(e), Thane, MH	all_current_passes	no_key_intersection_or_cap
S1-879877635	S2-794448353	S2	India	Kiran & Brothers	KIRAN & BRBTEDERS	Srikrishnapuri, Patna, Bihar, Srikrishnapuri, 207B	H.NO G-320 207B, SRIKRISHNAPURI, SRIKRISHNAPURI, Bihar	all_current_passes	no_key_intersection_or_cap
S1-193616975	S2-790988267	S2	India	Mumbai Management Private Limited	Management Mumbai Management Private	Mumbai, 101, 1St Floor, Dol Bin S, Janmabhoomi Marg, Fort, Mumbai, Maharashtra	101, 1ST FLOOR, DOL BIN S, JANMABHOOMI MARG, FORT, MUMBAI, Maharashtra	all_current_passes	no_key_intersection_or_cap
S1-534329905	S2-665427984	S2	India	Prime Consulting LLP	प्राइम कंसल्टिंग LLP	36 Sneh Nagar, Narmada Chamber, Indore, Madhya Pradesh	H.NO #36 SNEH NAGAR, INDORE, Madhya Pradesh	all_current_passes	no_key_intersection_or_cap
S1-175107669	S3-398190267	S3	India	Vandana Finmart Private Limited	Private Vandana Fínmart Limited	A-1 Shakthi Sunshine 8Th Cross 10Th Main Near Burma Stores, Bengaluru, Bangalore, Karnataka	A-b3/1 Shakthi Sunshine 8Th Cross 10Th Main Near Burma Stores, Bengaluru, Bangalore, KA	all_current_passes	no_key_intersection_or_cap
S1-349849273	S2-657468955	S2	India	Jajodia & Co Ltd	j.com	B-303, Sai Anand Apartment, Sambhaji Nagar, Vaitiwadi, Thane (West), Thane, Maharashtra	PLOT 233 B-303, SAI ANAND APARTMENT, SAMBHAJI NAGAR, VAITIWADI, THANE (WEST), THANE, महाराष्ट्र	all_current_passes	no_key_intersection_or_cap
S1-349849273	S2-947199280	S2	India	Jajodia & Co Ltd	Mr j.com	B-303, Sai Anand Apartment, Sambhaji Nagar, Vaitiwadi, Thane (West), Thane, Maharashtra	PLOT 233 B-303, THANE, Maharashtra	all_current_passes	no_key_intersection_or_cap
S1-9095876	S2-572789911	S2	India	Blue Good Infra Private Limited	બ્લૂ ગુડ ઇન્ફ્રા પ્રાઇવેટ લિમિટેડ	G-3, Shri Hari Asson, B/H Law College Ground, Ahmadabad City, Ahmedabad, Gujarat	Gujarat, AHMADABAD CITY, SHRI HARI ASSON, B/H LAW COLLEGE GROUND, AHMEDABAD, G-3.	all_current_passes	no_key_intersection_or_cap
S1-659169271	S2-773586635	S2	India	Shreeram Institute of Technology	shreeraminstitute.com	Bangalore, No 427/14, Karnataka, 41St Cross, 9Th Main, 5Th Block Jayanagar, Bangalore, Bangalore	#427/14 , 41ST CROSS, 9TH MAIN, 5TH BLOCK JAYANAGAR, BANGALORE, BANGALORE, Karnataka	all_current_passes	no_key_intersection_or_cap
S1-659169271	S3-213622647	S3	India	Shreeram Institute of Technology	Nexyumalyra aka Shreeram Institute of Technology	Bangalore, No 427/14, Karnataka, 41St Cross, 9Th Main, 5Th Block Jayanagar, Bangalore, Bangalore	No 427/14, 41St Cross, 9Th Main, 5Th Block Jayanagar, Bangalore, Bangalore, Karnataka	all_current_passes	no_key_intersection_or_cap
S1-710226045	S2-264950793	S2	US	HL Grade Corp	HL Gfdhae (Corp)	Unit APT 403, 2621 Emporia Avenue, KS, Wichita	2621 1/2 EMPORIA AVE, WICHITA, KS	all_current_passes	no_key_intersection_or_cap
S1-52492661	S3-829584217	S3	US	Primary Care Custom Associates	Arcmirakelo Formerly Primary Care Custom Associates	2849 Caroline Avenue, Indianapolis, IN	2849 Caroline Avenue, Indianapolis, IN	all_current_passes	no_key_intersection_or_cap
S1-941785626	S2-500931426	S2	India	Shakti Food LLP	Shakti फूड LLP	Gat No 229 Village Ranjetaluka Bhor Village Ranje Dist, Pune, Maharashtra	Maharashtra, GAT NO 0229 VILLAGE RANJETALUKA BOHR VILLAGE RANJE DIST, PUNE	all_current_passes	no_key_intersection_or_cap
S1-941785626	S3-819459908	S3	India	Shakti Food LLP	शक्ति फूड एलएलपी	Gat No 229 Village Ranjetaluka Bhor Village Ranje Dist, Pune, Maharashtra	Plot 4-3 Gat No 229 Village Ranjetaluka Bhor Village Ranje Dist, Pune, MH	all_current_passes	no_key_intersection_or_cap
S1-746431699	S2-796827721	S2	US	Lola Crouch Sunstone LLC	Lola Crguch Sunstone LLC	532 Kestrel Lane, Ofallon, MO	532 1/2 KESTREL LANE, O FALLON CITY, MO	all_current_passes	no_key_intersection_or_cap
S1-437773929	S2-743963884	S2	US	Daisey's Electrical	Daisey's Et1ectricta	33 N Street, Unit 1113, Washington, DC	33-35 N STREET, WASHINGTON, DC	all_current_passes	no_key_intersection_or_cap
S1-437773929	S2-383414600	S2	US	Daisey's Electrical	Daisey's Services	33 N Street, Unit 1113, Washington, DC	DC, WASHINGTON, 33-35 N STREET	all_current_passes	no_key_intersection_or_cap
S1-566265142	S3-498027490	S3	India	JU Solutions Private Limited	Private JU Solutions Limited	3Rd Floor, B/86 Swarnim, Indsutrial Park, Phase 2, Dascroi, Ahmedabad, Gujarat	Dascroi, Doro No 3Rd Floor, Ahmedabad, ગુજરાત	all_current_passes	no_key_intersection_or_cap
S1-61434219	S2-521757954	S2	India	Hitech Engineering Private Limited	हाईटेक इंजीनियरिंग प्राइवेट लिमिटेड	Shop 401 In 2214 Forth Floor, Gurudwara Road, Karol Bagh, Delhi, Central Delhi, Delhi	PLOT 577 SHOP 401 IN 2214 FORTH FLOOR, GURUDWARA ROAD, KAROL BAGH, CENTRAL, CENTRAL DELHI, Delhi	all_current_passes	no_key_intersection_or_cap
S1-61434219	S2-962293088	S2	India	Hitech Engineering Private Limited	हाईटेक इंजीनियरिंग प्राइवेट लिमिटेड	Shop 401 In 2214 Forth Floor, Gurudwara Road, Karol Bagh, Delhi, Central Delhi, Delhi	PLOT 577 SHOP 401 IN 2214 FORTH FLOOR, GURUDWARA ROAD, KAROL BAGH, CENTRAL, CENTRAL DELHI, Delhi	all_current_passes	no_key_intersection_or_cap
S1-288309120	S2-381833281	S2	US	Erickson Mines Corporation	ericksonmines.com	132 Hill Street, Hazard, KY	HILL ST, HAZARD, KY	all_current_passes	no_key_intersection_or_cap
S1-8697128	S2-850239131	S2	US	Value Trading Industries LLC	valuetradingindustries.com	3205 Winsome Court, Laredo, TX	3205-3209 WINSOME CT, LAREDO, TX	all_current_passes	no_key_intersection_or_cap
S1-973717755	S2-940499387	S2	India	Ujjawal Institute of Technology	Ujjawa1  Institute of Center	Sr No-45/1/1 Milkat No, 1043 Hole Wasti Undri, Pune City, Pune, Maharashtra		all_current_passes	no_key_intersection_or_cap
S1-798071102	S2-461202461	S2	US	Luther and Lourenco Inc	LUTHER LUTHER AND-LOURENCO	550 Melvin Road, Franconia Township, PA	0550 MELVIN RD, TELFORD, PA	all_current_passes	no_key_intersection_or_cap
S1-891104891	S2-70664594	S2	India	Dandekar Vidyalaya	Dandekar [Vidya1aya]	Delhi, Shahdara, Office No 5 Central Marke, Block B Dilshad Garden, Shahdara	#395 OFFICE NO 5 CENTRAL MARKE, BLOCK B DILSHAD GARDEN, SHAHDARA, N/A, Delhi	all_current_passes	no_key_intersection_or_cap
S1-580182294	S2-591627777	S2	India	Sunrise Technologies Private Limited	सनराइज टेक्नोलॉजीज प्राइवेट लिमिटेड	Plot No.17/2 B Kashi Kunj, Adarsh Nagar Gwarighat, Jabalpur, Madhya Pradesh	##17/2 B KASHI KUNJ, ADARSH NAGAR GWARIGHAT, JABALPUR, मध्य प्रदेश	all_current_passes	no_key_intersection_or_cap
S1-580182294	S2-264178850	S2	India	Sunrise Technologies Private Limited	Sunrise  Technologies Private Ltd	Plot No.17/2 B Kashi Kunj, Adarsh Nagar Gwarighat, Jabalpur, Madhya Pradesh	PLOT NO.##17/2 B KASHI KUNJ, ADARSH NAGAR GWARIGHAT, JABALPUR, Madhya Pradesh	all_current_passes	no_key_intersection_or_cap
S1-580182294	S2-472291503	S2	India	Sunrise Technologies Private Limited	सनराइज टेक्नोलॉजीज प्राइवेट लिमिटेड	Plot No.17/2 B Kashi Kunj, Adarsh Nagar Gwarighat, Jabalpur, Madhya Pradesh	##17/2 B KASHI KUNJ, JABALPUR, Madhya Pradesh	all_current_passes	no_key_intersection_or_cap
S1-406536115	S3-432578060	S3	US	Broome & Sturdivant Inc.	Br0ome + Sturdivant	1713 Gardenia Drive, Houston, TX	713 Gardenia Drive, Houston, Texas	all_current_passes	no_key_intersection_or_cap
S1-406536115	S3-939803101	S3	US	Broome & Sturdivant Inc.	Broome & Studrivbagnt-Inc.	1713 Gardenia Drive, Houston, TX	713 Gardenia Drive, Houston, Texas	all_current_passes	no_key_intersection_or_cap
S1-178022840	S2-950851985	S2	US	Orthopedic Highland Center	Orthopedic Hihnaenlnad Center	8111 Lucas Lane, Jeffersonville, IN	IN, CHARLESTOWN, 08111 LUCAS LANE	all_current_passes	no_key_intersection_or_cap
S1-178022840	S3-968500624	S3	US	Orthopedic Highland Center	Orthopedic Center Services	8111 Lucas Lane, Jeffersonville, IN	111 Lucas Ln, Charlestown, Indiana	all_current_passes	no_key_intersection_or_cap
S1-453313801	S2-522655618	S2	India	Jay Media	జై మీడియా	9-4-84/44, Kakatiya Nagar, Nanal Nagar, Golconda, Hyderabad, Telangana	09-4-84/44, GOLCONDA, HYDERABAD, తెలంగాణ	all_current_passes	no_key_intersection_or_cap
S1-453313801	S2-985471600	S2	India	Jay Media	jaymedia.com	9-4-84/44, Kakatiya Nagar, Nanal Nagar, Golconda, Hyderabad, Telangana	09-4-84/44, KAKATIYA NAGAR, NANAL NAGAR, GOLCONDA, Telangana	all_current_passes	no_key_intersection_or_cap
S1-994039051	S2-315653214	S2	US	Cardiology Group	Cárdiology	1830 Moorpark Place, Tucson, AZ	830 MOORPARK PLACE, TUCSON, AZ	all_current_passes	no_key_intersection_or_cap
S1-994039051	S3-294322740	S3	US	Cardiology Group	Cardiology LLC	1830 Moorpark Place, Tucson, AZ		all_current_passes	no_key_intersection_or_cap
S1-583703088	S2-797842707	S2	US	Custom Cloud Industries	Nylazeta	908 Beverly Avenue, Covington City, VA	908-912 BEVERLY AVENUE, COVINGTON CITY, VA	all_current_passes	no_key_intersection_or_cap
S1-274316133	S2-187718680	S2	US	May Peak Merchants	The May  Peak Merchants	364 Brewster Hill Road, Southeast, NY	64 BREWSTER HILL ROAD, BREWSTER, NY	all_current_passes	no_key_intersection_or_cap
S1-369779168	S3-99716494	S3	US	Gulf Highland Bold LLC	gulfhighlandbold.com	1340 Main Street, Grapevine, TX	Main St, Grapevvine, Texas	all_current_passes	no_key_intersection_or_cap
S1-906789520	S2-716843757	S2	India	Tech Food Private Limited	टेक फूड प्राइवेट लिमिटेड	B3-1002, Experion The Heartsong Sector 108, Near Village Dharampur, Gurugram, Gurgaon, Haryana	BA-3-1002, EXPERION THE HEARTSONG SECTOR 108, NEAR VILLAGE DHARAMPUR, GURUGRAM, GURGAON, Haryana	all_current_passes	no_key_intersection_or_cap
S1-474626038	S3-674962725	S3	US	Silver Property Networks Inc	The Silver Property Networks Inc	2968 Govan Way, Sacramento, CA	3169. Govan Way, Scramento, California	all_current_passes	no_key_intersection_or_cap
S1-76602165	S3-721460028	S3	US	Harbor Deutsche P.C.	Harbor Deutcaace P.C.	883 81st Street, Beaver Creek, MN	883 1/2 81th St, Minnesota, Beaver Creek	all_current_passes	no_key_intersection_or_cap
S1-203861212	S3-544375735	S3	US	Ear Nose & Throat Innovative Specialists Inc	Lyralumavi trading as Ear Nose & Throat Innovative Specialists Inc	4753 Courtney Lane, Unit E, Raleigh, NC	4753 Courtney Lane, Unit E, Raleigh, NC	all_current_passes	no_key_intersection_or_cap
S1-973533604	S2-817468357	S2	US	Atlantic Capital Ares LLC	At1antic Capital Ares Llc	1424 East Avenue, OH, Akron	1196 EAST AVENUE, AKRON, OH	all_current_passes	no_key_intersection_or_cap
S1-494395836	S2-779201418	S2	India	Indian Foods Limited	इंडियन फूड्स लिमिटेड	Mumbai City, Vedanta, 779 Makwana Road, Off Kurla Andheri Road, Marol, Andheri (, East), Maharashtra, Mumbai, 402	402, VEDANTA, 779 MAKWANA ROAD, OFF KURLA ANDHERI ROAD, MAROL, ANDHERI (, EAST), MUMBAI II, NULL, Maharashtra	all_current_passes	no_key_intersection_or_cap
S1-494395836	S3-335260407	S3	India	Indian Foods Limited	इंडियन फूड्स लिमिटेड	Mumbai City, Vedanta, 779 Makwana Road, Off Kurla Andheri Road, Marol, Andheri (, East), Maharashtra, Mumbai, 402	Vedanta, 779 Makwana Road, Off Kurla Andheri Road, Marol, Andheri (, East), N/A, महाराष्ट्र, Mumbai, 402	all_current_passes	no_key_intersection_or_cap
S1-453593204	S3-826131644	S3	US	American Choice Service LLC	choiceamericanservice.com	216 Metropolitan Drive, NY, Rochester	1 Metropolitan Drive, Rochester, New York	all_current_passes	no_key_intersection_or_cap
S1-18971888	S2-417768434	S2	India	Anand Traders Private Limited	Anand Treadhrs Private Limited	1St Floor, Piramal Tower, Peninsula Corporate Park, Ganpatrao Kadam Marg, Lower Parel, Mumbai, Maharashtra	H.NO 1ST FLOOR, PIRAMAL TOWER, PENINSULA CORPORATE PARK, GANPATRAO KADAM MARG, LOWER PAREL, MUMBAI, Maharashtra	all_current_passes	no_key_intersection_or_cap
S1-18971888	S3-67697924	S3	India	Anand Traders Private Limited	Anand Limited  Private Traders	1St Floor, Piramal Tower, Peninsula Corporate Park, Ganpatrao Kadam Marg, Lower Parel, Mumbai, Maharashtra	1St Floor, Mumbai, MH	all_current_passes	no_key_intersection_or_cap
S1-601336919	S2-108814408	S2	US	Cole Fitness LLC	Fluxavi	East Peoria, IL, 104 Reinders Road	104-A REINDERS ROAD, EAST PEORIA, IL	all_current_passes	no_key_intersection_or_cap
S1-601336919	S3-833396700	S3	US	Cole Fitness LLC	Dovaquo formerly Cole Fitness LLC	East Peoria, IL, 104 Reinders Road	IL, East Peoria, 104 Reinders Road	all_current_passes	no_key_intersection_or_cap
S1-411106161	S2-699547865	S2	US	Interfaith League	Interfaith Lauie	AL, Gadsden, 835 Owens Switch Road	AL, PMB 9555, 83 OWENS SWITCH RD, GADSDEN	all_current_passes	no_key_intersection_or_cap
S1-411106161	S3-30137551	S3	US	Interfaith League	The Interfaith League	AL, Gadsden, 835 Owens Switch Road	#835 Owens Switch Rd, Gadsden, Alabama	all_current_passes	no_key_intersection_or_cap
S1-912293369	S2-359813615	S2	US	Surgical Interstate Group	The Surgical Interstate Group	1000 Walden Creek Trace, Unit 29-2G, Spring Hill, TN	TN, SPRING HILL, 1000 WALDEN CREEK TRACE	all_current_passes	no_key_intersection_or_cap
S1-408524771	S2-663515809	S2	India	Round Clinic	Round Round Clinic	Plot No.4 To11, Survey No.78, Patrikanagar, Madhapur, Hyderabad, Telangana	G-4 TO11, SURVEY NO.78, PATRIKANAGAR, MADHAPUR, HYDERABAD, Andhra Pradesh	all_current_passes	no_key_intersection_or_cap
S1-837264242	S2-76961843	S2	US	Throneberry Motors	Throneberry  Service	ME, Surry, 1149 Surry Road		all_current_passes	no_key_intersection_or_cap
S1-862176518	S3-759897642	S3	India	Services Doorstep Exhibits Pvt. Ltd.	Pvt. Services Doiep Exhibits Ltd.	C-47, Iind Floor Pamposh Enclave, Greater Kailash - 1, New Delhi, South Delhi, Delhi	Iind Floor Pamposh Enclave, Greater Kailash - 1, South Delhi, DL, #386 C-47, New Delhi	all_current_passes	no_key_intersection_or_cap
S1-399389273	S3-394109257	S3	US	Inga's Family Practice	Inga's-Fomly Practice	130 Degeorge Circle, Unit Unit 2, Greece, NY	00130 Degeorge Cir, Unit Unit 2, Greece, New York	all_current_passes	no_key_intersection_or_cap
S1-107874030	S3-74303029	S3	US	Kulig Ramaco Inc	Kulig Radloc  Inc	7329 Richmond Highway, Fairfax County, VA	Richmond Hwy, Alexxandria CDP, Virginia	all_current_passes	no_key_intersection_or_cap
S1-386984673	S2-987599033	S2	US	Nguyen's Seafood	Nguyen's Sbledo	1662 John Street, IN, Taylorsville		all_current_passes	no_key_intersection_or_cap
S1-908839362	S3-657350219	S3	US	Cultural Federation PLLC	Cultural Féderati0n PLLC	CO, Highlands Ranch, 9254 Weeping Willow Place	9254 Weeping Wlilow Place, PO Box 2213, Highlands Ranch, Colorado	all_current_passes	no_key_intersection_or_cap
S1-726175679	S2-682080483	S2	India	Blue Global Private Limited	Blue Glhobla Private Limited	A/610, Main Frame Building, Royal Palms, Aarey Milk Colony, Goregaon (East), Mumbai, Maharashtra		all_current_passes	no_key_intersection_or_cap
S1-389169117	S2-489333793	S2	US	Ridge Pinnacle Chesapeake LLC	Ridge Pnfcacle Chesapeake LLC	1785 Via Appia Drive, Sunrise Beach, MO	VIA APPIA DRIVE, SUNRISE BEACH, MO	all_current_passes	no_key_intersection_or_cap
S1-389169117	S2-534908467	S2	US	Ridge Pinnacle Chesapeake LLC	RIDGE  CHESAPEAKE LLC SERVICES	1785 Via Appia Drive, Sunrise Beach, MO	MO, SUNRISE BEACH, 001785 VIA APPIA DR	all_current_passes	no_key_intersection_or_cap
S1-663819576	S2-92209075	S2	India	Shree & Sons Center	Shree & Enterprises	Suresh Chandra Johri Qrts, 121-C Mig Na, New Delhi, West Delhi, Delhi		all_current_passes	no_key_intersection_or_cap
S1-932763767	S3-124479077	S3	India	Trichy Academy	Trichy Services	1103, K.P.Platina, Opp. Vanijya Bhavan, Vadodara, Gujarat		all_current_passes	no_key_intersection_or_cap
S1-17683652	S2-353071292	S2	US	Animal Welfare Trust	Animal Wlfame Trust	105 Chickasaw Drive, Clarksville, TN	00105 CHICKASAW DR, CLARKVILLE, TN	all_current_passes	no_key_intersection_or_cap
S1-17683652	S3-633550380	S3	US	Animal Welfare Trust	Animal Wemalfe Trust	105 Chickasaw Drive, Clarksville, TN	Chickasaw Drive, Clarksville, Tennessee	all_current_passes	no_key_intersection_or_cap
S1-694901837	S3-579886578	S3	India	Itm & Brothers Private Limited	Itmbrothers.Com	D-17 Maharani Bagh, New Delhi, South Delhi, Delhi	Block G-4-402 D-17 Maharani Bagh, New Delhi, South Delhi, दिल्ली	all_current_passes	no_key_intersection_or_cap
S1-445985594	S3-836163079	S3	India	Affy & Partners	Affy & Paafners	Iccha Devi Road, Chalisgaon, Jalgaon, Maharashtra	Chalisgaon, Jalgaon, MH, Iccha Devi Road	all_current_passes	no_key_intersection_or_cap
S1-25801510	S2-394006831	S2	US	Novara Galaxy Inc.	novaragalaxy.com	MT, 6785 Silver Fox Court, Helena	6785 SILVER FOX CT, HEELENA, MT	all_current_passes	no_key_intersection_or_cap
S1-741677549	S3-628349494	S3	US	Gasoft	Arckorcira	263 Orchard Street, Millis, MA	263 Orhard Street, Millis, Massachusetts	all_current_passes	no_key_intersection_or_cap
S1-713104855	S2-387565236	S2	US	Brown and Larsen Sab LLC	BROWNLARSEN.COM	417 Iron Avenue, Grants, NM	417 IRRN AVE, GRANTS, NM	all_current_passes	no_key_intersection_or_cap
S1-223620731	S2-938681600	S2	India	Global Infotech Limited	ग्लोबल इंफोटेक लिमिटेड	West Delhi, Delhi, New Delhi, Khasara No. 71/3, 1St Floor Sec-23, Shyam Colony Budh Vihar, H No.-1190	H NO.-1190, NORTH DELHI, NEW DELHI, Delhi	all_current_passes	no_key_intersection_or_cap
S1-611365239	S2-717855416	S2	US	O 7 Green Fitness, LLC	O 7 Green Fdtnlegs, LLC	647 White Pine Drive, Ozark, MO		all_current_passes	no_key_intersection_or_cap
S1-611365239	S2-422695651	S2	US	O 7 Green Fitness, LLC	O-7 Green	647 White Pine Drive, Ozark, MO	WHITE PINE DRIVE, OZARK, MO	all_current_passes	no_key_intersection_or_cap
S1-249500264	S2-584710226	S2	India	Cosmic Seva Samiti Co	Shri Cosmic Seva Sdegcdti Co	Chennai, Vaikasi, Stcmr Stage Ii, Tamil Nadu, 46, Chennai City Corporation	46, VAIKASI, STCMR STAGE II, CHENNAI CITY CORPORATION, தமிழ்நாடு	all_current_passes	no_key_intersection_or_cap
S1-249500264	S2-333993769	S2	India	Cosmic Seva Samiti Co	cosmicsevasamiti.com | www.cosmicseva.com	Chennai, Vaikasi, Stcmr Stage Ii, Tamil Nadu, 46, Chennai City Corporation	46, VAIKASI, STCMR STAGE II, CHENNAI CITY CORPORATION, Tamil Nadu	all_current_passes	no_key_intersection_or_cap
S1-897987810	S3-158141378	S3	US	Continental Beacon Home Improvements Inc	Deltavantage	24331 Old 24, Woodburn, IN	Woodburn, 24331 Old 24, IN	all_current_passes	no_key_intersection_or_cap
S1-930982377	S2-143599753	S2	India	Fortune Impex Private Limited	फॉर्च्यून इम्पेक्स प्राइवेट लिमिटेड	Shop No 12A 384, Sector 31 Noida, Noida, Ghaziabad, Uttar Pradesh	H.NO 12A 384, NOIDA, GHAZIABAD, Uttar Pradesh	all_current_passes	no_key_intersection_or_cap
S1-833740927	S3-120965772	S3	US	Nessie Payne Select Long Inc.	nessiepayneselect.com	1701 Inverness Parkway, Tuscaloosa, AL	1701-1703 Inverness Parkway, Tuscaloosa Twnship, Alabama	all_current_passes	no_key_intersection_or_cap
S1-372172873	S3-805702580	S3	US	Meridian Artificial LLC	Meridian LLC Center	62 Double Springs Road, Fayetteville, AR	Double Springs Rd, Fayetteville, Arkansas	all_current_passes	no_key_intersection_or_cap
S1-209669739	S2-517008954	S2	India	United Investments Private Limited	यूनाइटेड इन्वेस्टमेंट्स प्राइवेट लिमिटेड	Office No -03, First Floor, G-69 Sector-63, Noida, Gautam Buddha Nagar, Uttar Pradesh	BLOCK C-886 OFFICE NO -03, GAUTAM BUDDHA NAGAR, NOIDA, Uttar Pradesh	all_current_passes	no_key_intersection_or_cap
S1-209669739	S3-960291511	S3	India	United Investments Private Limited	Smt United Investments Private Limited	Office No -03, First Floor, G-69 Sector-63, Noida, Gautam Buddha Nagar, Uttar Pradesh	UP, First Floor, G-69 Sector-63, Gautam Buddha Nagar, Office No -03	all_current_passes	no_key_intersection_or_cap
S1-209669739	S3-893883761	S3	India	United Investments Private Limited	यूनाइटेड इन्वेस्टमेंट्स प्राइवेट लिमिटेड	Office No -03, First Floor, G-69 Sector-63, Noida, Gautam Buddha Nagar, Uttar Pradesh	Office No -03, Noida, Gautam Buddha Nagar, UP	all_current_passes	no_key_intersection_or_cap
S1-284938229	S2-34169267	S2	India	Jain Ventures Private Limited	ಜೈನ್ ವೆಂಚರ್ಸ್ ಪ್ರೈವೇಟ್ ಲಿಮಿಟೆಡ್	#313, J.C. Extension, Vijayapur, Devanhalli Ta, Luk, Vagdevi Nilaya, Bangalore, Karnataka, Bangalore	VAGDEVI NILAYA, BANGALORE, Karnataka	all_current_passes	no_key_intersection_or_cap
S1-531427084	S2-745746990	S2	US	Electricians Union Local No 947	unionlocalelectricians.com	La Plata, MD, 844 Holly Drive	844 HOLLY DRIVE, LA PLATA, MD	all_current_passes	no_key_intersection_or_cap
S1-531427084	S3-45492899	S3	US	Electricians Union Local No 947	electriciansunionlocal.com	La Plata, MD, 844 Holly Drive	844 Holly Drive, La Plata, Maryland	all_current_passes	no_key_intersection_or_cap
S1-165299545	S2-858914354	S2	India	Akd Hospital	Akd Hsaital	Office No. 5, 1St Floor, Shivdas Trade Centre, Plot No. 11, New Shanti Niketan Colony, Aurangabad, Maharashtra	OFFICE NO. 5, 1ST FLOOR, SHIVDAS TRADE CENTRE, PLOT NO. 11, NEW SHANTI NIKETAN COLONY, AURANGABAD, महाराष्ट्र	all_current_passes	no_key_intersection_or_cap
S1-275082729	S3-496062998	S3	India	Galaxy Properties Limited	గెలాక్సీ ప్రాపర్టీస్ లిమిటెడ్	F301, Sy #114P, Riaz Resi, Al Noor Hills, Gandipet, Golconda, Hyderabad, Telangana	F301, Rangareddy, Hyderabad, TG	all_current_passes	no_key_intersection_or_cap
S1-227142362	S2-699953766	S2	US	Custom Special LLC	Custom Specia1 LLC	2693 Fairfield Pike, Wartrace, TN	2691 FAIRFIELD PIKE, WARTRACE, TN	all_current_passes	no_key_intersection_or_cap
S1-619255846	S2-850163306	S2	US	Antonio Rush	antoniorush.com	OK, 1213 Orient, Clinton	1213 ONIENT, OK, CLINTON	all_current_passes	no_key_intersection_or_cap
S1-675723075	S2-793400417	S2	US	Worley Global Point	W0rley Global Point	301 Linde Street, Village Of Deforest, WI	LINDE ST, DEFOREST, WI	all_current_passes	no_key_intersection_or_cap
S1-675723075	S2-347254835	S2	US	Worley Global Point	@WORLEYGLOBAL	301 Linde Street, Village Of Deforest, WI	301 1/2 LINDE ST, DEFOREST, WI	all_current_passes	no_key_intersection_or_cap
S1-509915091	S3-747218226	S3	India	Aay Brothers Private Limited	Aaybrosprivate.Com	S.No. Gat. 1261, New Rto Road, Shivartehere, Malegaon, Nashik, Maharashtra	S.no. Gat. 1261, New Rto Road, Shivartehere, Nashik, Malegaon, महाराष्ट्र	all_current_passes	no_key_intersection_or_cap
S1-670633969	S2-283628629	S2	India	Glob Traders Pvt Ltd	Glob Pvt Ltd Services	2Nd Floor, Gala No. 203 And 204, Parmeshwar Industrial Premises Co-Op Soc Ltd, Dumping Road, Chincholi Bunder, Near Lemon Tree Hotel, Mind Space, Malad West, Mumbai, Maharashtra	NO 2ND FLOOR, GALA NO. 203 AND 204, PARMESHWAR INDUSTRIAL PREMISES CO-OP SOC LTD, DUMPING ROAD, CHINCHOLI BUNDER, NEAR LEMON TREE HOTEL, MIND SPACE, MALAD WEST, Maharashtra	all_current_passes	no_key_intersection_or_cap
S1-670633969	S2-108667769	S2	India	Glob Traders Pvt Ltd	globtraders.com	2Nd Floor, Gala No. 203 And 204, Parmeshwar Industrial Premises Co-Op Soc Ltd, Dumping Road, Chincholi Bunder, Near Lemon Tree Hotel, Mind Space, Malad West, Mumbai, Maharashtra	महाराष्ट्र, DOOR NO 2ND FLOOR, GALA NO. 203 AND 204, PARMESHWAR INDUSTRIAL PREMISES CO-OP SOC LTD, DUMPING ROAD, CHINCHOLI BUNDER, NEAR LEMON TREE HOTEL, MIND SPACE, MALAD WEST	all_current_passes	no_key_intersection_or_cap
S1-670633969	S3-941718437	S3	India	Glob Traders Pvt Ltd	globtraders.com	2Nd Floor, Gala No. 203 And 204, Parmeshwar Industrial Premises Co-Op Soc Ltd, Dumping Road, Chincholi Bunder, Near Lemon Tree Hotel, Mind Space, Malad West, Mumbai, Maharashtra	2Nd Floor, Gala No. 203 And 204, Parmeshwar Industrial Premises Co-op Soc Ltd, Dumping Road, Chincholi Bunder, Near Lemon Tree Hotel, Mind Space, Mumbai, महाराष्ट्र	all_current_passes	no_key_intersection_or_cap
S1-670633969	S3-905827796	S3	India	Glob Traders Pvt Ltd	globtraders.com	2Nd Floor, Gala No. 203 And 204, Parmeshwar Industrial Premises Co-Op Soc Ltd, Dumping Road, Chincholi Bunder, Near Lemon Tree Hotel, Mind Space, Malad West, Mumbai, Maharashtra	No 2Nd Floor, Gala No. 203 And 204, Parmeshwar Industrial Premises Co-op Soc Ltd, Dumping Road, Chincholi Bunder, Near Lemon Tree Hotel, Mind Space, Mumbai, Malad West, MH	all_current_passes	no_key_intersection_or_cap
S1-333473481	S3-941114873	S3	India	Star Consulting Limited	स्टार कंसल्टिंग लिमिटेड	6/65, Yashodhan Bhavan, Natwar Nagar Road No.4, Near Ismail Yusuf College, Jogeshwari (E, Ast), Mumbai, Bandra Suburban, Maharashtra	006/65, Mumbai, Bandra Suburban, MH	all_current_passes	no_key_intersection_or_cap
S1-805520274	S2-488228059	S2	India	Rohtak Exports Private Limited	Fluxmirayuma	22, Rajiv Nagar, Kaccha Chamaria Road, Rohtak, Haryana	22, ROTHAK, ROHTAK, Haryana	all_current_passes	no_key_intersection_or_cap
S1-363314193	S2-300856793	S2	US	Behavioral Health Medicine	BEHAVIORALHEALTHMEDICINE.COM	1453 Hollywood Road, Atlanta, GA	1453 HOLLYWOOD RD, ATLANTA, GA	all_current_passes	no_key_intersection_or_cap
S1-363314193	S3-343498582	S3	US	Behavioral Health Medicine	Behavioral Health	1453 Hollywood Road, Atlanta, GA	1453 Hollywood Rd, Atlanta, Georgia	all_current_passes	no_key_intersection_or_cap
S1-528855670	S3-339819176	S3	US	JS Plutonian Inc	Gilddrex+ t/a JS Plutonian Inc	MA, 120 Devon Street, Unit 5, Boston	Unit 5, 120 Devon Street, MA, Boston	all_current_passes	no_key_intersection_or_cap
S1-730790537	S3-148936781	S3	India	Pioneer Business Private Limited	Shri Pioneer Business Private Limited	D.No.5-5-35/54/1B, Plot No.205 Prasanthi Nagar, Idpl, Kukatpally, Hyderabad, Rangareddy, Telangana	#5-5-35/54/1B, Plot No.205 Prasanthi Nagar, Idpl, Kukatpally, Hyderabad, Rangareddy, TG	all_current_passes	no_key_intersection_or_cap
S1-853458557	S2-483905304	S2	India	Guntur Capital Private Limited	The Guntur Capital Private Limited	Andhra Pradesh, Guntur, Purnima Residency, Amaravathi Road, # 201, Guntur	# 201, PURNIMA RESIDENCY, AMARAVATHI ROAD, GUNTUR, ఆంధ్రప్రదేశ్	all_current_passes	no_key_intersection_or_cap
S1-775694766	S2-933267880	S2	US	Commercial Financial Global Center	Rizaecto	6532 Sperryville Road, Watson, NY	6533 SPERRYVILLE RD, PMB 6380, GLENFIELD, NY	all_current_passes	no_key_intersection_or_cap
S1-578420286	S3-549771130	S3	India	Neha Vyapaar LLP	Cénter Neha LLP	No.2Ac, 125, 1St B Mn, 2Nd Crs, Kasthuri Ngr, Bangalore North, Bangalore, Karnataka	Bangalore North, Bangalore, KA, #2Ac	all_current_passes	no_key_intersection_or_cap
S1-148297070	S2-667441102	S2	US	Sandoval Harbors, LLC	Sandoval Hrasi, LLC	5402 Lincoln Drive, Unit 216, Paradise Valley, AZ	LINCOLN DR, PARADISE VALLEY TOWNSHIP, AZ	all_current_passes	no_key_intersection_or_cap
S1-598852387	S2-947962409	S2	US	Municipals	Muiiicpas	140 Drivers Lane, Unit 4, Gallatin, TN	420 DRIVERS LN, GALATIN, TN	all_current_passes	no_key_intersection_or_cap
S1-598852387	S3-46093263	S3	US	Municipals	Fayevantage (ID: 4784)	140 Drivers Lane, Unit 4, Gallatin, TN	Gallatin, # 4, 68 Drivers Ln, Tennessee	all_current_passes	no_key_intersection_or_cap
S1-202022419	S2-78561659	S2	US	Garcia & Aguilar System	GARCIAAGUILARSYSTEM.COM	404 Locksley Court, Fort Worth, TX	404-406 LOCKSLEY COURT, FORT WORTH, TX	all_current_passes	no_key_intersection_or_cap
S1-238297171	S3-461437029	S3	India	Rajguru (india) Private Limited	Smt Rajguru Private Limited Center	Flat No A-086, Cozihom Co-Operative Housing Society Limited, Nargis Dutt Road, Pali Hill, Mumbai, Maharashtra	Flat No A-086, Cozihom Co-operative Housing Society Limited, Nargis Dutt Road, Pali Hill, Mumbai, महाराष्ट्र	all_current_passes	no_key_intersection_or_cap
S1-88621243	S3-952850428	S3	US	Jackson Andretti LLC	LLC Jackson Anrdtlti	40710 Rogers Crossing Road, Wilna, NY	30710 Rogers Crossing Road, Carthage, New York	all_current_passes	no_key_intersection_or_cap
S1-21691801	S3-742867732	S3	US	Liberty League	Liberty Lgaeeu	163 Rustic Street, Unit Unit 2, Rochester, NY	16 Rustic St, Unit Unit 2, Rochester, New York	all_current_passes	no_key_intersection_or_cap
S1-250899588	S3-539870164	S3	US	Rose Security	Rose Service	City Of Kenosha, WI, 3931 12th Street	3931 Twelfth Street, City Of Kenosha, Wisconsin	all_current_passes	no_key_intersection_or_cap
S1-816670244	S3-965722166	S3	India	Star Systems Private Limited	സ്റ്റാർ സിസ്റ്റംസ് പ്രൈവറ്റ് ലിമിറ്റഡ്	Tpxx1/790, Thekanathu House Near Marthoma Church Mynagappally Village, Thevalakkara, Kollam, Kerala	Hn 957 Tpxx1/790, Kollam, കേരളം	all_current_passes	no_key_intersection_or_cap
S1-816670244	S3-495858843	S3	India	Star Systems Private Limited	സ്റ്റാർ സിസ്റ്റംസ് പ്രൈവറ്റ് ലിമിറ്റഡ്	Tpxx1/790, Thekanathu House Near Marthoma Church Mynagappally Village, Thevalakkara, Kollam, Kerala	Kollam, KL, Hn 957 Tpxx1/790, Kollam, Thekanathu House Near Marthoma Church Mynagappally Village, Thevalakkara	all_current_passes	no_key_intersection_or_cap
S1-816670244	S3-140791845	S3	India	Star Systems Private Limited	5tar Systems Private Limited	Tpxx1/790, Thekanathu House Near Marthoma Church Mynagappally Village, Thevalakkara, Kollam, Kerala	Thekanathu House Near Marthoma Church Mynagappally Village, Thevalakkara, Kollam, Hn 957 Tpxx1/790, Kollam, KL	all_current_passes	no_key_intersection_or_cap
S1-320200542	S2-974154490	S2	US	Malissa's Coffee	malissascoffee.com	231 Franklin Street, City Of Mondovi, WI	WI, 231 FRANKLIN ST, CITY OF MONDOVI	all_current_passes	no_key_intersection_or_cap
S1-320200542	S3-687264977	S3	US	Malissa's Coffee	Malissa's  Cofee	231 Franklin Street, City Of Mondovi, WI	0231 Franklin St, City Of Mondovi, Wisconsin	all_current_passes	no_key_intersection_or_cap
S1-146845100	S2-341455263	S2	US	Orthopedic Associates Inc	ORTHOPEDIC AOSOSOOITES INC	360 324 Street, Willowick, OH		all_current_passes	no_key_intersection_or_cap
S1-146845100	S2-753806369	S2	US	Orthopedic Associates Inc	orthopedicassociates.com	360 324 Street, Willowick, OH	760 324 ST, WILLOWICK, OH	all_current_passes	no_key_intersection_or_cap
S1-508366378	S3-427949550	S3	India	Muchmore Controls (India) Private Limited	muchmorecontrolsindia.com	Ghaziabad, 19Th Floor, Mahagun Mascot, Uttar Pradesh, Flat No 1908	Ghaziabad, #B3/1908, UP, Ghaziabad	all_current_passes	no_key_intersection_or_cap
S1-508366378	S3-32616034	S3	India	Muchmore Controls (India) Private Limited	Muchmore-Control (India) Private Limited	Ghaziabad, 19Th Floor, Mahagun Mascot, Uttar Pradesh, Flat No 1908	H.no B3/1908, Ghaziabad, UP	all_current_passes	no_key_intersection_or_cap
S1-588423785	S2-185081294	S2	US	Pugliese, Roeder & Garcia Affiliated	Solzeta	5210 Il 130, Olney, IL	IL, PO BOX 7069, 521 IL 130, OLNEY	all_current_passes	no_key_intersection_or_cap
S1-588423785	S3-697058666	S3	US	Pugliese, Roeder & Garcia Affiliated	puglieseroedergarcia.com	5210 Il 130, Olney, IL	05210 Il 130, Olney, Illinois	all_current_passes	no_key_intersection_or_cap
S1-780436723	S3-552403069	S3	India	Bharani Trust	8harani Trust	First Floor, C-23 Fateh Nagar, Jail Road, New Delhi, West Delhi, Delhi	First Floor, New Delhi, West Delhi, DL	all_current_passes	no_key_intersection_or_cap
S1-780436723	S3-316016655	S3	India	Bharani Trust	Shri Bharani [Trust]	First Floor, C-23 Fateh Nagar, Jail Road, New Delhi, West Delhi, Delhi	First Floor, C-23 Fateh Nagar, Jail Road, New Delhi, West Delhi, दिल्ली	all_current_passes	no_key_intersection_or_cap
S1-350643100	S3-796919240	S3	India	Celeste Management LLP	The Celeste Management LLP	No.90, Ramakrishnappa Road, Cox Town, Bangalore-5, Bangalore, Karnataka	Door No A-90, Bangalore, Bangalore-5, KA	all_current_passes	no_key_intersection_or_cap
S1-822296117	S3-46835995	S3	US	Roberts Continental Lafayette Clinic	robertscontinentallafayette.com	25 Yellowstone Trail, Livingston, MT	Montana, 25-27 Yellowstone Trail, Livingston	all_current_passes	no_key_intersection_or_cap
S1-154706683	S2-97952668	S2	US	Singh Xsolla LLC	#singhxsolla	1835 3rd Street, Gering, NE	160 3RD STREET, GERING, NE	all_current_passes	no_key_intersection_or_cap
S1-496495965	S3-153132570	S3	India	Lotus Life Food Private Limited	லோட்டஸ் லைஃப் ஃபுட் பிரைவேட் லிமிடெட்	197/9, Flat No. 2L Sunshine Apts, Ambattur Puzhal Main Road, Kolathur, Chennai, Thiruvallur, Tamil Nadu	Hn 204 197/9, Flat No. 2L Sunshine Apts, Ambattur Puzhal Main Road, Kolathur, Chennai, Thiruvallur, TN	all_current_passes	no_key_intersection_or_cap
S1-701273513	S3-313596996	S3	India	Foremost Nursing Home Limited	Sri Foremost Home Nursing Limited	27, Mullick Street, Kolkata, Kolkata, Howrah, West Bengal	#124/1 27, Mullick Street, Kolkata, Kolkata, Howrah, WB	all_current_passes	no_key_intersection_or_cap
S1-701273513	S3-309537130	S3	India	Foremost Nursing Home Limited	foremost foremost nursing home limited	27, Mullick Street, Kolkata, Kolkata, Howrah, West Bengal	Kolkata, Howrah, 124/1 27, WB	all_current_passes	no_key_intersection_or_cap
S1-576045669	S3-44892810	S3	India	Padma Holdings	Smt Padma-Holdings	Bhubaneswar, Puri, Orissa, B-21 Saheed Nagar	Hn 204 B-21 Saheed Nagar, Bhubaneswar, OD, Puri	all_current_passes	no_key_intersection_or_cap
S1-750578680	S2-622129340	S2	India	Amc & Sons Private Limited	Amc & Private Limited [Services]	House No. 211 2Nd Floor, Bhai Parmanand Colony, Delhi, North Delhi, Delhi	HOUSE NO. 11 2ND FLOOR, BHAI PARMANAND COLONY, DELHI, Delhi	all_current_passes	no_key_intersection_or_cap
S1-750578680	S3-541152402	S3	India	Amc & Sons Private Limited	Amc & Limited  Private Sons	House No. 211 2Nd Floor, Bhai Parmanand Colony, Delhi, North Delhi, Delhi	House No. 211 2Nd Floor, North Delhi, Delhi, DL	all_current_passes	no_key_intersection_or_cap
S1-750578680	S3-4235402	S3	India	Amc & Sons Private Limited	Amc & Sochs Private Limited	House No. 211 2Nd Floor, Bhai Parmanand Colony, Delhi, North Delhi, Delhi	House No. 211 2Nd Floor, Bhai Parmanand Colony, North Delhi, Delhi, DL	all_current_passes	no_key_intersection_or_cap
S1-79508368	S3-270428969	S3	India	Shyam Investment Private Limited	ശ്യാം ഇൻവെസ്റ്റ്മെന്റ് പ്രൈവറ്റ് ലിമിറ്റഡ്	T C 84/384 (1), Enchakkal, Thiruvananthapuram, Thiruvananthapuram, Trivandrum, Kerala	Keralam, Thiruvananthapuram, T C 4/384 (1), Enchakkal, Thiruvananthapuram, Trivandrum	all_current_passes	no_key_intersection_or_cap
S1-379957392	S3-560662609	S3	US	Physical Therapy Medicine LLC	The Physical Therapy Medicine LLC	TN, White Bluff, 2138 Sunset Drive	##2138 Sunset Drive, White Bluff, Tennessee	all_current_passes	no_key_intersection_or_cap
S1-535207976	S3-452576524	S3	US	Rama & Sartin Inc	The Rama & Sartin Inc	1509 Maple Springs Church Road, Shelby, NC	1508 Maple Springs Church Road, Shelby CITY, North Carolina	all_current_passes	no_key_intersection_or_cap
S1-11627159	S2-81915747	S2	US	Pacific Valley Berkley Inc.	pacificvalleyberkley.com	Romeoville, IL, 424 Macon Avenue	424 MACON AVE, INCORPORATED, IL	all_current_passes	no_key_intersection_or_cap
S1-833965887	S2-62676897	S2	India	Innovative Galaxy Software	இன்னோவேட்டிவ் கேலக்ஸி சாஃப்ட்வேர்	No 42 Nair Ayya Pillai St, Chennai, Tamil Nadu	42 NAIR AYYA PILLAI ST, CHENNAI, Tamil Nadu	all_current_passes	no_key_intersection_or_cap
S1-833965887	S3-973716231	S3	India	Innovative Galaxy Software	innovativegalaxysoftware.com	No 42 Nair Ayya Pillai St, Chennai, Tamil Nadu	Chennai, Door No ##42 Nair Ayya Pillai St, Chennai, TN	all_current_passes	no_key_intersection_or_cap
S1-447909505	S3-168282683	S3	India	Indian Energy Limited	Smt Indian Ehgy Limited	2027/7, 2Nd Floor, Chitra Gupta Road, Chuna Mandi Pahar Ganj, New Delhi, Central Delhi, Delhi	Door No ##490 2027/7, 2Nd Floor, Chitra Gupta Road, Chuna Mandi Pahar Ganj, Central Delhi, DL	all_current_passes	no_key_intersection_or_cap
S1-711391288	S2-645160327	S2	US	Behnke Meridian LLC	Behnke Meridion LLC	3457 Nathaniel Brown Street, TX, Houston	HOUSTON, TX, 345 NATHANIEL BROWN ST	all_current_passes	no_key_intersection_or_cap
S1-873588939	S3-767505238	S3	India	Global Dalmia Consumer Private Limited	Private Global Dalmia Consumer Limited	B-34 Sector-55, Noida, Gautam Buddha Nagar, Uttar Pradesh	Gautam Buddha Nagar, B-0034 Sector-55, Noida, उत्तर प्रदेश	all_current_passes	no_key_intersection_or_cap
S1-862536717	S2-962714223	S2	India	Yamuva Commotrade Private Limited	Commotrade-Private Yamuva Commotrade-Private Limited	S. No. 61/1/3, Shop No. 7, Gracia, It Park, Kharadi, Pune, Maharashtra	S. NO. 61/1/3, PUNE, Maharashtra	all_current_passes	no_key_intersection_or_cap
S1-862536717	S3-647227147	S3	India	Yamuva Commotrade Private Limited	Lumbelo	S. No. 61/1/3, Shop No. 7, Gracia, It Park, Kharadi, Pune, Maharashtra	S. No. 61/1/3, Shop No. 7, Gracia, It Park, Kharadi, Pune, Maharashtra	all_current_passes	no_key_intersection_or_cap
S1-193928185	S2-278233591	S2	India	Eastern Consultants	ईस्टर्न कंसल्टेंट्स	Plot No 259, Ground Floor, Pkt-B, Sector-4, Dsiidc Bawana Industrial Area, Delhi, West Delhi, Delhi	DOOR NO 259, DELHI, WEST DELHI, Delhi	all_current_passes	no_key_intersection_or_cap
S1-193928185	S3-20160290	S3	India	Eastern Consultants	ईस्टर्न कंसल्टेंट्स	Plot No 259, Ground Floor, Pkt-B, Sector-4, Dsiidc Bawana Industrial Area, Delhi, West Delhi, Delhi	Plot No 259, Delhi, West Delhi, DL	all_current_passes	no_key_intersection_or_cap
S1-193928185	S3-180606404	S3	India	Eastern Consultants	Eastern कंसल्टेंट्स	Plot No 259, Ground Floor, Pkt-B, Sector-4, Dsiidc Bawana Industrial Area, Delhi, West Delhi, Delhi	Ground Floor, Pkt-b, Sector-4, Dsiidc Bawana Industrial Area, DL, West Delhi, Plot No 259	all_current_passes	no_key_intersection_or_cap
S1-443453371	S3-121589951	S3	India	Indore Food Private Limited	The Indore Food Private Limited	Flat No. 202, Mangal Appartment, 15, Mahaveer Nagar, Indore, Madhya Pradesh	No 02, Indore, MP	all_current_passes	no_key_intersection_or_cap
S1-337333581	S2-955600052	S2	India	First Builders Private Limited	ਫਰਸਟ ਬਿਲਡਰਜ਼ ਪ੍ਰਾਈਵੇਟ ਲਿਮਟਿਡ	Mohali, Punjab, Scf 31 Phase-2	SCF 31 PHASE-2, MOHALI, Punjab	all_current_passes	no_key_intersection_or_cap
S1-337333581	S3-586515511	S3	India	First Builders Private Limited	ਫਸਟ ਬਿਲਡਰਜ਼ ਪ੍ਰਾਈਵੇਟ ਲਿਮਟਿਡ	Mohali, Punjab, Scf 31 Phase-2	Scf 31 Phase-2, Mohali, PB	all_current_passes	no_key_intersection_or_cap
S1-337333581	S3-914926798	S3	India	First Builders Private Limited	ਫਸਟ ਬਿਲਡਰਜ਼ ਪ੍ਰਾਈਵੇਟ ਲਿਮਟਿਡ	Mohali, Punjab, Scf 31 Phase-2	Scf 31 Pahse-2, Mohali, ਪੰਜਾਬ	all_current_passes	no_key_intersection_or_cap
S1-341097282	S2-586058342	S2	US	Bright Iheartmedia	brightiheartmedia.com	9119 Falkwood Road, Raleigh, NC	FALKWOOD RD, RALEIGH, NC	all_current_passes	no_key_intersection_or_cap
S1-341097282	S3-88068506	S3	US	Bright Iheartmedia	Bright Services	9119 Falkwood Road, Raleigh, NC	9118 Falkwood Road, Raleigh, North Carolina	all_current_passes	no_key_intersection_or_cap
S1-206286193	S3-963388262	S3	India	Bhandary Constructions Private Limited	Bhandary Private Limited Center	15/92, Vikram Vihar Lajpat Nagar-4, New Delhi, South Delhi, Delhi	5/92, Vikram Vihar Lajpat Nagar-4, South East Delhi, South Delhi, DL	all_current_passes	no_key_intersection_or_cap
S1-206286193	S3-654606133	S3	India	Bhandary Constructions Private Limited	Smt Bhandary Constructions Pgrvabte Limited	15/92, Vikram Vihar Lajpat Nagar-4, New Delhi, South Delhi, Delhi	New Delhi, South East Delhi, DL, Vikram Vihar Lajpat Nagar-4, 5/92	all_current_passes	no_key_intersection_or_cap
S1-740212604	S2-420998751	S2	India	Zayn Business Pvt. Ltd.	zaynbusiness.com	Chennai, Noa17, Flatnoa2, Suraksha, Venkatesansalaiperiyar Nagar, Chennai, Tamil Nadu	NOA17, FLATNOA2, SURAKSHA, VENKATESANSALAIPERIYAR NAGAR, CHENNAI, Tamil Nadu	all_current_passes	no_key_intersection_or_cap
S1-160458458	S2-139197522	S2	India	Indo International Private Limited	इंडो इंटरनेशनल प्राइवेट लिमिटेड	Flat No 12 Sunrise Aptssenapati Bapat Road, Pune, Maharashtra	PUNE, Maharashtra, FLAT NO 8-12 SUNRISE APTSSENAPATI BAPAT ROAD, PUNE	all_current_passes	no_key_intersection_or_cap
S1-160458458	S3-766216425	S3	India	Indo International Private Limited	Shri Indo International Pfvrhet [Limited]	Flat No 12 Sunrise Aptssenapati Bapat Road, Pune, Maharashtra	12 Sunrise Aptssenapati Bapat Road, Pune Region, Pune, MH	all_current_passes	no_key_intersection_or_cap
S1-160458458	S3-995201363	S3	India	Indo International Private Limited	इंडो इंटरनेशनल प्राइवेट लिमिटेड	Flat No 12 Sunrise Aptssenapati Bapat Road, Pune, Maharashtra	Flat No 12 Sunrise Aptssenapati Bapat Road, Pune Region, Pune, MH	all_current_passes	no_key_intersection_or_cap
S1-768161501	S2-573981337	S2	India	Paridhi Tree (India) Private Limited	Shri Paridhi Tree (India) Private Límited	Maharashtra, R.No Lg38, Sundar Baug, Nss Road Asalfa Village, Ghatkoper West, Mumbai, Mumbai City	R.NO LG38, SUNDAR BAUG, NSS ROAD ASALFA VILLAGE, GHATKOPER WEST, MUMBAI, महाराष्ट्र	all_current_passes	no_key_intersection_or_cap
S1-768161501	S3-106780901	S3	India	Paridhi Tree (India) Private Limited	Smt Paridhi Tree (India) Private  Limited	Maharashtra, R.No Lg38, Sundar Baug, Nss Road Asalfa Village, Ghatkoper West, Mumbai, Mumbai City	R.no Lg38, Sundar Baug, Nss Road Asalfa Village, Ghatkoper West, Mumbai, Mumbai City, MH	all_current_passes	no_key_intersection_or_cap
S1-510104716	S3-441653673	S3	US	Mohler, Roberts & Fitzpatrick LLC	#mohlerroberts	12642 High Sierra Road, Lusby, MD	High Sierra Rd, Lusby, Maryland	all_current_passes	no_key_intersection_or_cap
S1-996966377	S3-620558804	S3	India	Lumin Educational Society	Sri Lumin [Educational-Society]	Bangalore North, Karnataka, Bangalore, Pradhanani, Wilshire-1, No 14, Urban Vault	Urban Vault, Pradhanani, Wilshire-1, No 14, Bangalore North, Bangalore, KA	all_current_passes	no_key_intersection_or_cap
S1-734491724	S3-31606753	S3	US	Ace Clear Ford Associates	aceclearford.com	11421 Sutters Mill Circle, Gold River, CA	California, 11421 Sutters Mill Circle, Gold River	all_current_passes	no_key_intersection_or_cap
S1-418041254	S2-521213362	S2	US	KS Tri-State Indonesia Inc.	KS Tf-itate Indonesia (Inc.)	607 4th Street, Ozark, AR	4TH STREET, OZARK, AR	all_current_passes	no_key_intersection_or_cap
S1-418041254	S3-431950810	S3	US	KS Tri-State Indonesia Inc.	kstristateind0nesia.com	607 4th Street, Ozark, AR	Fourth Saint, Ozark, Arkansas	all_current_passes	no_key_intersection_or_cap
S1-438417025	S3-890893554	S3	US	Pritchett Fuel	The  Pritchett Fuel	4411 Capri Way, Sacramento, CA	4397 Capri Way, Saacramento, California	all_current_passes	no_key_intersection_or_cap
S1-837437279	S2-190515359	S2	India	Dynamic Care LLP	डायनामिक केयर एलएलपी	Thane, Navghar Rd Bhd Lata Kunj, Flt No B 307 Bharat Palac, Maharashtra	FLT NO B 307 BHARAT PALAC, THANE, Maharashtra	all_current_passes	no_key_intersection_or_cap
S1-962756518	S3-407430198	S3	US	Zylstra Value Array	#zylstravalue	27 Cedar Street, Cortland, NY	Cedar Street, Cortland CDP, New York	all_current_passes	no_key_intersection_or_cap
S1-962756518	S3-780417104	S3	US	Zylstra Value Array	Zylstra Services Array	27 Cedar Street, Cortland, NY	Cedar Street, Cortland CDP, New York	all_current_passes	no_key_intersection_or_cap
S1-361130212	S2-309573501	S2	US	Regional Express	regionalexpress.com	Brownsville, 555 Azteca Drive, TX	55 AZTECA DR, BROWNSVILLE, TX	all_current_passes	no_key_intersection_or_cap
S1-405544735	S2-474064475	S2	US	Atlantic States	atlanticstates.com	23 Pollard Road, Unit Unit 2, Hannibal, NY	HANNIBAL, 23 POLLARD ROAD, NY	all_current_passes	no_key_intersection_or_cap
S1-405544735	S2-582371029	S2	US	Atlantic States	Atlantic Center	23 Pollard Road, Unit Unit 2, Hannibal, NY	POLLARD ROAD, HANNIBAL, NY	all_current_passes	no_key_intersection_or_cap
S1-141031026	S3-193279748	S3	India	Rvk Solutions Private Limited	Private Rvk Solutitcns Limited	Delhi, New Delhi, 1093/48-1Asant John Church Compound Mehrauli, South Delhi	No 1093/48-1Asant John Church Compound Mehrauli, New Delhi, South Delhi, DL	all_current_passes	no_key_intersection_or_cap
S1-852775221	S2-289490782	S2	India	Universal Foundation Pvt Ltd	யுனிவர்சல் ஃபவுண்டேஷன் பிரைவேட் லிமிடெட்	G1, Amirtha Varshini, 131, Old No.52, Kothanda Ramar Koil Street, West Mambala, M, Chennai, Tamil Nadu	CHENNAI, AMIRTHA VARSHINI, 131, OLD NO.52, KOTHANDA RAMAR KOIL STREET, WEST MAMBALA, M, Tamil Nadu, GD/1, CHENNAI	all_current_passes	no_key_intersection_or_cap
S1-852775221	S2-630518358	S2	India	Universal Foundation Pvt Ltd	யுனிவர்சல் ஃபவுண்டேஷன் பிரைவேட் லிமிடெட்	G1, Amirtha Varshini, 131, Old No.52, Kothanda Ramar Koil Street, West Mambala, M, Chennai, Tamil Nadu	GD/1, CHENNAI, Tamil Nadu	all_current_passes	no_key_intersection_or_cap
S1-852775221	S2-435123543	S2	India	Universal Foundation Pvt Ltd	universalfoundation.com	G1, Amirtha Varshini, 131, Old No.52, Kothanda Ramar Koil Street, West Mambala, M, Chennai, Tamil Nadu	GD/1, AMIRTHA VARSHINI, 131, OLD NO.52, KOTHANDA RAMAR KOIL STREET, WEST MAMBALA, M, CHENNAI, Tamil Nadu	all_current_passes	no_key_intersection_or_cap
S1-927467834	S3-609886809	S3	India	Gopi India Private Limited	Gopi Ihnad Private Limited	C-304 Sushant Lok, Gurgaon, Haryana	C-2-304 Sushant Lok, Gurugram, Gurgaon, HR	all_current_passes	no_key_intersection_or_cap
S1-677375737	S3-81320941	S3	US	#Zion Neurosciences LLC	zionneurosciences.com	Unit Apartment 7, Neshannock Township, PA, 4 Bellaire Drive	4 Bellaire Dr, Unit Apartment 7, New Castle, Pennsylvania	all_current_passes	no_key_intersection_or_cap
S1-839147305	S2-887165055	S2	US	Integrated Construction Associates, LLC	Integrated Associates, LLC Services	VA, Chesterfield County, 8810 Metro Court	008810 METRO CT, RICHMOND, VA	all_current_passes	no_key_intersection_or_cap
S1-839147305	S3-775700958	S3	US	Integrated Construction Associates, LLC	integratedconstructionassociates.com	VA, Chesterfield County, 8810 Metro Court	8810 Metro Court, Chesterfield County, Virginia	all_current_passes	no_key_intersection_or_cap
S1-765100468	S2-586903867	S2	India	Aa Pharmaceuticals Company	AA PHTRMACEUITCHABLS COMPANY	K 62/106-Sapt Sager, Varanasi, Uttar Pradesh	NO. 08 K 62/106-SAPT SAGER, VARANASI, उत्तर प्रदेश	all_current_passes	no_key_intersection_or_cap
S1-180956762	S3-899318682	S3	India	Orane Brothers Limited	Ectonyla dba Orane Brothers Limited	Dharmshinka Villa Plot No. 387/407 Rsc 26, Near St. Rocks School, Goari 2, Borivali W, Mumbai, Mumbai City, Maharashtra	Maharashtra, Near St. Rocks School, Goari 2, Borivali W, Dharmshinka Villa Plot No. 387/407 Rsc 26, Mumbai, Mumbai City	all_current_passes	no_key_intersection_or_cap
S1-123886742	S2-811854308	S2	India	South & Co Ltd	Smt SOUTH & CO LTD	Shri Vithal Park Co. Op. Society, Opp. Dhor Bazar, Nr. Balikaka Temple, 11, Ahmedabad, Gujarat	11, SHRI VITHAL PARK CO. OP. SOCIETY, OPP. DHOR BAZAR, NR. BALIKAKA TEMPLE, AHMEDABAD, Gujarat	all_current_passes	no_key_intersection_or_cap
S1-840215952	S3-798702223	S3	US	Certified Media Digital L.L.C.	The Certified Media Digital L.L.C.	Pearland, 307 Cedar Hollow Court, TX	307 Cedar Hollow Court, Pearland, Texas	all_current_passes	no_key_intersection_or_cap
S1-996892533	S2-927673271	S2	US	Keystone Chesapeake	@keystonechesapeake	56 90th Street, Leon, KS	LEON, KS, 90TH ST	all_current_passes	no_key_intersection_or_cap
S1-996892533	S2-100171087	S2	US	Keystone Chesapeake	Keystone Service	56 90th Street, Leon, KS	90TH STREET, LEON, KS	all_current_passes	no_key_intersection_or_cap
S1-321959386	S2-168645266	S2	India	Hitech Systems Private Limited	హైటెక్ సిస్టమ్స్ ప్రైవేట్ లిమిటెడ్	No. 309, Vishnu Apartment, Birla Gate, Gooty Road, Sri Krishnanagar, Kurnool, Andhra Pradesh	309, VISHNU APARTMENT, BIRLA GATE, GOOTY ROAD, SRI KRISHNANAGAR, KURNOOL, Andhra Pradesh	all_current_passes	no_key_intersection_or_cap
S1-321959386	S3-170105031	S3	India	Hitech Systems Private Limited	Hitech Limited Private Systems	No. 309, Vishnu Apartment, Birla Gate, Gooty Road, Sri Krishnanagar, Kurnool, Andhra Pradesh	No. 30, Vishnu Apartment, Birla Gate, Gooty Road, Sri Krishnanagar, Kurnool, AP	all_current_passes	no_key_intersection_or_cap
S1-321959386	S3-354557238	S3	India	Hitech Systems Private Limited	Private Hitech Limited Systems	No. 309, Vishnu Apartment, Birla Gate, Gooty Road, Sri Krishnanagar, Kurnool, Andhra Pradesh	Vishnu Apartment, Birla Gate, Gooty Road, Sri Krishnanagar, Kurnool, H.no 30, AP, Kurnool	all_current_passes	no_key_intersection_or_cap
S1-661293113	S2-549452883	S2	US	Division of Motor Vehicles	divisionmotorvehicles.com	20 Longmeadow Road, Norfolk, MA	0020 LONGMEADOW ROAD, NRFOLK, MA	all_current_passes	no_key_intersection_or_cap
S1-196616325	S3-142013655	S3	India	Modern Global	Modern [Center]	H.No 3-110/6/G-3, Sri Sai Laxmi Nilayam, Hyderabad, Telangana	No 3-110/6/G-3, Hyderabad, TG	all_current_passes	no_key_intersection_or_cap
S1-883039566	S3-234888038	S3	US	Fonseca, Buss & Brown Idaho	fonsecabussbrown.com	329 Markedstone Road, Burleson, TX	32 Markedstone Road, Burleson, Texas	all_current_passes	no_key_intersection_or_cap
S1-842713848	S2-553426664	S2	India	Mammoth Traders Private Limited	Mammoth Private Traders Limited	C/O Rajendra Pandit, S/O Lt Dora Pandit Anwarpur East, Hajipur, Hajipur, Vaishali, Bihar	C/O RAJENDRA PANDIT, S/O LT DORA PANDIT ANWARPUR EAST, HAJIPUR, HAJIPUR, Bihar	all_current_passes	no_key_intersection_or_cap
S1-842713848	S3-960694980	S3	India	Mammoth Traders Private Limited	Mammoth Tfsedes Private Limited	C/O Rajendra Pandit, S/O Lt Dora Pandit Anwarpur East, Hajipur, Hajipur, Vaishali, Bihar	C/o Rajendra Pandit, BR, Vaishali	all_current_passes	no_key_intersection_or_cap
S1-991226123	S2-234928803	S2	India	One Infra Private Limited	વન ઇન્ફ્રા પ્રાઇવેટ લિમિટેડ	B-803, Safal Solitaire Corporate Park Nr Divya Bhaskar Press S G Highway Makarba, Ahmedabad, Gujarat	B-8-03, AHMEDABAD HQ REGION, AHMEDABAD, Gujarat	all_current_passes	no_key_intersection_or_cap
S1-991226123	S2-771943159	S2	India	One Infra Private Limited	ECTOZEPH	B-803, Safal Solitaire Corporate Park Nr Divya Bhaskar Press S G Highway Makarba, Ahmedabad, Gujarat	B-8-03, SAFAL SOLITAIRE CORPORATE PARK NR DIVYA BHASKAR PRESS S G HIGHWAY MAKARBA, AHMEDABAD HQ REGION, AHMEDABAD, Gujarat	all_current_passes	no_key_intersection_or_cap
S1-991226123	S2-105345061	S2	India	One Infra Private Limited	વન ઇન્ફ્રા પ્રાઇવેટ લિમિટેડ	B-803, Safal Solitaire Corporate Park Nr Divya Bhaskar Press S G Highway Makarba, Ahmedabad, Gujarat	SAFAL SOLITAIRE CORPORATE PARK NR DIVYA BHASKAR PRESS S G HIGHWAY MAKARBA, B-8-03, AHMEDABAD HQ REGION, AHMEDABAD, Gujarat	all_current_passes	no_key_intersection_or_cap
S1-991226123	S2-277874678	S2	India	One Infra Private Limited	વન ઇન્ફ્રા પ્રાઇવેટ લિમિટેડ	B-803, Safal Solitaire Corporate Park Nr Divya Bhaskar Press S G Highway Makarba, Ahmedabad, Gujarat	Gujarat, AHMEDABAD, B-8-03, SAFAL SOLITAIRE CORPORATE PARK NR DIVYA BHASKAR PRESS S G HIGHWAY MAKARBA, AHMEDABAD HQ REGION	all_current_passes	no_key_intersection_or_cap
S1-991226123	S3-952060287	S3	India	One Infra Private Limited	One Private  Limited Partners	B-803, Safal Solitaire Corporate Park Nr Divya Bhaskar Press S G Highway Makarba, Ahmedabad, Gujarat	Hn D/409 B-803, Ahmedabad, GJ	all_current_passes	no_key_intersection_or_cap
S1-976833083	S2-485650486	S2	India	Orb Web	Orb Center	Flat No-302, Third Floor, Gat No-452/1/1 Sheetal Heights, Nr. Ganpati Mandir, Gandhavnagari Road Moshi, Pune, Maharashtra	H.NO 783 FLAT NO-302, THIRD FLOOR, GAT NO-452/1/1 SHEETAL HEIGHTS, NR. GANPATI MANDIR, GANDHAVNAGARI ROAD MOSHI, Maharashtra	all_current_passes	no_key_intersection_or_cap
S1-976833083	S2-615807232	S2	India	Orb Web	Shri orb web	Flat No-302, Third Floor, Gat No-452/1/1 Sheetal Heights, Nr. Ganpati Mandir, Gandhavnagari Road Moshi, Pune, Maharashtra	H.NO 783 FLAT NO-302, THIRD FLOOR, GAT NO-452/1/1 SHEETAL HEIGHTS, NR. GANPATI MANDIR, GANDHAVNAGARI ROAD MOSHI, Maharashtra	all_current_passes	no_key_intersection_or_cap
S1-976833083	S3-754281403	S3	India	Orb Web	Orb Services	Flat No-302, Third Floor, Gat No-452/1/1 Sheetal Heights, Nr. Ganpati Mandir, Gandhavnagari Road Moshi, Pune, Maharashtra	Flat No-302, Gandhavnagari Road Moshi, Pune, MH	all_current_passes	no_key_intersection_or_cap
S1-755326947	S3-323550477	S3	US	Chambers's Better Foods	Arcfluxx dba Chambers's Better Foods	IL, Robinson, 13312 1150th Street	13312 1150th Street, Robinson, IL	all_current_passes	no_key_intersection_or_cap
S1-548949826	S3-424792804	S3	US	Rocky Trust LLC	LLC Rocky Trdts	10924 Powers Avenue, Cockeysville, MD	1092 Powers Ave, Coceysville, Maryland	all_current_passes	no_key_intersection_or_cap
S1-548949826	S3-789457400	S3	US	Rocky Trust LLC	Rocky Rocky Tut LLC	10924 Powers Avenue, Cockeysville, MD	1092 Powers Ave, Coceysville, Maryland	all_current_passes	no_key_intersection_or_cap
S1-548949826	S3-384858260	S3	US	Rocky Trust LLC	*** Rocky Torust LLC	10924 Powers Avenue, Cockeysville, MD	1092 Powers Avenue, Coceysville, Maryland	all_current_passes	no_key_intersection_or_cap
S1-845572771	S3-262342910	S3	India	HN Services Pvt Ltd	HN Servics Pvt Ltd	Plotno109, Blockd, 1Stfloor, 5Th Street, Kandasamynagar, Saidapet, Kanchipuram, Tamil Nadu	#109, Blockd, 1Stfloor, 5Th Street, Kandasamynagar, Saidapet, Kanchipuram, தமிழ்நாடு	all_current_passes	no_key_intersection_or_cap
S1-594221098	S3-97786191	S3	US	Dyer Empire Diagnostics	Dyer Diagnostics Diagnostics Partners	69836 Meadow Parkway, Sisters, OR	Meadow Parkway, Sisters, Oregon	all_current_passes	no_key_intersection_or_cap
S1-888799356	S3-659126396	S3	India	Sky Food Private Limited	Sky Fd Private Limited	2Nd Floor Ameya Logistics Private Limited Village Dhasakhoshi, Taluka Uran, Post K, Hopte, Uran, Raigarh, Maharashtra	2Nd Floor Ameya Logistics Private Limited Village Dhasakhoshi, <NULL>, MH	all_current_passes	no_key_intersection_or_cap
S1-888799356	S3-146718733	S3	India	Sky Food Private Limited	Sky	2Nd Floor Ameya Logistics Private Limited Village Dhasakhoshi, Taluka Uran, Post K, Hopte, Uran, Raigarh, Maharashtra	2Nd Floor Ameya Logistics Private Limited Village Dhasakhoshi, Taluka Uran, Post K, Hopte, Uran, Raigarh, Maharashtra	all_current_passes	no_key_intersection_or_cap
S1-635555544	S3-263905404	S3	US	Highland Delta Dome LLC	Fluxarc aka Highland Delta Dome LLC	1602 Summit Street, Union, NY	Union, NY, 1602 Summit Street	all_current_passes	no_key_intersection_or_cap
S1-75530363	S3-422170930	S3	US	Lala Supply	lalasupply.com	47 Tadmuck Road, Westford, MA	Westford, 47 Tadumck Rd, Massachusetts	all_current_passes	no_key_intersection_or_cap
S1-203630413	S2-788795133	S2	India	Universal Big Trading Pvt Ltd	यूनिवर्सल बिग ट्रेडिंग प्रा. लि.	300, Bharat Nagar, Pal Road, Jodhpur, Rajasthan	Rajasthan, BHARAT NAGAR, PAL ROAD, 00, JODHPUR	all_current_passes	no_key_intersection_or_cap
S1-203630413	S3-211385159	S3	India	Universal Big Trading Pvt Ltd	यूनिवर्सल बिग ट्रेडिंग प्रा. लि.	300, Bharat Nagar, Pal Road, Jodhpur, Rajasthan	300, Jodhpur, RJ	all_current_passes	no_key_intersection_or_cap
S1-149604234	S2-890606962	S2	India	Fisher Automation Private Limited	Fisher-Private Automation Limited	New Delhi, 150 G/F Madangir, Delhi, L-Ii, South Delhi	DOOR NO 636 L-II, 150 G/F MADANGIR, NEW DELHI, दिल्ली	all_current_passes	no_key_intersection_or_cap
S1-149604234	S3-131367350	S3	India	Fisher Automation Private Limited	Dovaumbra	New Delhi, 150 G/F Madangir, Delhi, L-Ii, South Delhi	L-Ii, 150 G/F Madangir, New Delhi, South Delhi, Delhi	all_current_passes	no_key_intersection_or_cap
S1-419447652	S2-45426382	S2	US	Rina Garcia Coastal Illumination L.L.C.	Rina Rina Gárcia Coastal Illumination L.L.C.	25682 Wild Rose Lane, Shorewood, MN		all_current_passes	no_key_intersection_or_cap
S1-419447652	S3-462984596	S3	US	Rina Garcia Coastal Illumination L.L.C.	Rina Gmra Coastal Illumination L.L.C. L.L.C.	25682 Wild Rose Lane, Shorewood, MN	Wild Rose Lane, Shorewood, Minnesota	all_current_passes	no_key_intersection_or_cap
S1-142832040	S3-593700131	S3	US	Sullivan Better Sony	Belonovivio	309 Litchfield Street, Unit Apartment 1, Frankfort, NY	Franfort CITY, New York, 309 Litchfield Street, N/A	all_current_passes	no_key_intersection_or_cap
S1-285278154	S3-730775138	S3	US	Twisted Ice Cream	The Twisted Ice Cream	Unit UNIT 201, MT, 700 Haggerty Lane, Bozeman		all_current_passes	no_key_intersection_or_cap
S1-101364006	S3-83821874	S3	US	Houchin Pbc Inc	houchinpbc.com	2112 Laurel Creek Road, Floyd County, VA	211 Laurel Creek Road, Floyd County, Virginia	all_current_passes	no_key_intersection_or_cap
S1-885742978	S3-975806917	S3	India	Bright Software Pvt Ltd	Dr Bright Softare Pvt Ltd	3/A20 Shree Leela Appt, Azad Nagar, Kanpur, Uttar Pradesh		all_current_passes	no_key_intersection_or_cap
S1-944445121	S3-240664021	S3	India	Shyam Enterprises Private Limited	Private Shyam Énterprises Limited	Pune, Plot No 4 Swanand Socs No 87/2B Parvati, Pune, Maharashtra	Pune, MH, Pune, Plot No 4 Swanand Socs No 87/2B Parvati	all_current_passes	no_key_intersection_or_cap
S1-481281376	S2-475059977	S2	US	Tonet Corp	Tonet Córp (ID: 84609)	409 Hopkins Road, Cosby, TN		all_current_passes	no_key_intersection_or_cap
S1-363999259	S3-988753194	S3	India	Deeta Smile Public Limited	Deeta  Smmiel Public Limited	C/O-Mursalim Sk, Vill-Kaigoria, Po-Diha Ps- Nalhati, Nalhati, Birbhum, West Bengal	Co/-mursalim Sk, Vill-kaigoria, Po-diha Ps- Nalhati, Birbhum, Nalhati, WB	all_current_passes	no_key_intersection_or_cap
S1-216641290	S2-548360714	S2	India	Dream Healthcare Private Limited	ડ્રીમ હેલ્થકેર પ્રાઇવેટ લિમિટેડ	402 Aniket Building Nr, Municipal Market C G Road, Ahmadabad City, Ahmedabad, Gujarat	DOOR NO 402 ANIKET BUILDING NR, AHMADABAD CITY, AHMEDABAD, Gujarat	all_current_passes	no_key_intersection_or_cap
S1-654341375	S2-283658925	S2	India	All Engineering Pvt Ltd	ऑल इंजीनियरिंग प्रा. लि.	S No 9 To 14Flgitt 5A 0804 Godrej Infinity 5A Haveli Pune Mundhawa Nv, Pune, Maharashtra	BLOCK A-#567 S NO 9 TO 14FLGITT 5A 0804 GODREJ INFINITY 5A HAVELI PUNE MUNDHAWA NV, PUNE, Maharashtra	all_current_passes	no_key_intersection_or_cap
S1-654341375	S3-440643413	S3	India	All Engineering Pvt Ltd	ऑल इंजीनियरिंग प्रा. लि.	S No 9 To 14Flgitt 5A 0804 Godrej Infinity 5A Haveli Pune Mundhawa Nv, Pune, Maharashtra	S No 9 To 14Flgitt 5A 0804 Godrej Infinity 5A Haveli Pune Mundhawa Nv, Pune, MH	all_current_passes	no_key_intersection_or_cap
S1-654341375	S3-891337544	S3	India	All Engineering Pvt Ltd	Pvt All Engineign Ltd	S No 9 To 14Flgitt 5A 0804 Godrej Infinity 5A Haveli Pune Mundhawa Nv, Pune, Maharashtra	S No 9 To 14Flbitt 5A 0804 Godrej Infinity 5A Haveli Pune Mundhawa Nv, Pune, MH	all_current_passes	no_key_intersection_or_cap
S1-654341375	S3-946374401	S3	India	All Engineering Pvt Ltd	ऑल इंजीनियरिंग प्रा. लि.	S No 9 To 14Flgitt 5A 0804 Godrej Infinity 5A Haveli Pune Mundhawa Nv, Pune, Maharashtra	S No 9 To 14Flgitt 5A 0804 Godrej Infinity 5A Haveli Pune Mundhawa Nv, Pune, MH	all_current_passes	no_key_intersection_or_cap
S1-364084739	S3-91447278	S3	US	Slater and Tate LLC	The Slater and Tate LLC	314 Holly Blossom Drive, Durham, NC	Holly Blossom Drive, Durham, North Carolina	all_current_passes	no_key_intersection_or_cap
S1-313861075	S2-913293698	S2	India	Utkarsh & Brothers Private Limited	Utkarsh and Brothers Private Limited	Office 28 C Wing Bellezza, Shantisadan 90 Ft Road, Mumbai, Maharashtra	H.NO 174 OFFICE 28 C WING BELLEZZA, SHANTISADAN 90 FT ROAD, MUMBAI, Maharashtra	all_current_passes	no_key_intersection_or_cap
S1-260786295	S3-584785197	S3	India	Jgs Real Private Limited	Jgs	G-89Midc Ajanta Road, Jalgaon, Maharashtra	Jalgaon, G-89Midc Ajanta Road, Maharashtra, Jalgaon	all_current_passes	no_key_intersection_or_cap
S1-726454300	S3-410074860	S3	India	Balaji Investments Private Limited	Balaji Invseetmnnds Private Limited	House No 1552 Landmark Kankiya Nagar Metro Station Ganesh Pura, Tri Nagar, Delhi, New Delhi, Delhi	House No 1552 Landmark Kankiya Nagar Metro Station Ganesh Pura, Tri Nagar, Delhi, New Delhi, DL	all_current_passes	no_key_intersection_or_cap
S1-174971429	S3-285983876	S3	India	Builders Saanchi Services Private Limited	Builder Saanchi Services Private Limited	Lucknow, 1St Floor, Uttar Pradesh, Lucknow, Shop No. 2, Landmark Arcade Complex, Badshah Nagar Crossing	Floor, Lucknow, UP	all_current_passes	no_key_intersection_or_cap
S1-197205293	S2-95770729	S2	India	Om Investments	Shri Om Investmants	C/O Mr Rajkumar, Vpo Parsaul, Goutam Budd Nagar, Gautam Buddha Nagar, Uttar Pradesh	C/O MR RAJKUMAR, VPO PARSAUL, GOUTAM BUDD NAGAR, Uttar Pradesh	all_current_passes	no_key_intersection_or_cap
S1-197205293	S3-951077340	S3	India	Om Investments	Om Invastmnts	C/O Mr Rajkumar, Vpo Parsaul, Goutam Budd Nagar, Gautam Buddha Nagar, Uttar Pradesh	C/o Mr Rajkumar, Goutam Budd Nagar, Gautam Buddha Nagar, UP	all_current_passes	no_key_intersection_or_cap
S1-632465343	S2-471008179	S2	India	Max Consultants	Sri Max  Consultants	H. No. 3-47-7, Plot No. 7, Near Childrens Park, Sripuri Colony, Kharkhana, Secunderabad, Rangareddy, Hyderabad, Telangana	Telangana, H.NO 3-47-7 , PLOT NO. 7, NEAR CHILDRENS PARK, SRIPURI COLONY, KHARKHANA, SECUNDERABAD, RANGAREDDY	all_current_passes	no_key_intersection_or_cap
S1-632465343	S3-264050182	S3	India	Max Consultants	Max  Cotnhultarnts	H. No. 3-47-7, Plot No. 7, Near Childrens Park, Sripuri Colony, Kharkhana, Secunderabad, Rangareddy, Hyderabad, Telangana	H. No. 3-47-7, Hyderabad, Rangareddy, TG	all_current_passes	no_key_intersection_or_cap
S1-988816252	S2-877875891	S2	US	Main Street Deli	MAIN DÉLI SETRETET	303 Cloudless Sky Drive, PA, Silver Spring Township	303 CLOUDLESS SKY DR, MECHANICSBURG, PA	all_current_passes	no_key_intersection_or_cap
S1-988816252	S3-168287570	S3	US	Main Street Deli	mainstreetdeli.com	303 Cloudless Sky Drive, PA, Silver Spring Township	303 Cloudless Sky Drive, Silver Spring Township, Pennsylvania	all_current_passes	no_key_intersection_or_cap
S1-683445650	S2-979287754	S2	India	Srishti Leaves	Smt Srishti Services	D-80 Malcha Marg, Chanakya Puri, New Delhi, Central Delhi, Delhi	Delhi, D-80 MALCHA MARG, CHANAKYA PURI, NEW DELHI	all_current_passes	no_key_intersection_or_cap
S1-986953974	S3-12048174	S3	India	Shivam International Pvt Ltd	શિવમ ઇન્ટરનેશનલ પ્રા. લિ.	Shivalik House, Nr. Aarjav Society, Nr.Satellite Policestation, Opp.Satyagruh, Chhavani, Ahmedabad, Gujarat	No 302 Shivalik House, Ahmedabad, GJ	all_current_passes	no_key_intersection_or_cap
S1-30544668	S2-641070239	S2	India	Sbr Interactive (India) Private Limited	Smt Sbr Interactive (India) Private Ltd	Plot No. 63, Lakadganj Precient, Central Avenue, Nagpur, Maharashtra	Maharashtra, 63 , LAKADGANJ PRECIENT, CENTRAL AVENUE, NAGPUR	all_current_passes	no_key_intersection_or_cap
S1-30544668	S2-536915243	S2	India	Sbr Interactive (India) Private Limited	Private 5br Interactie (India) Limited	Plot No. 63, Lakadganj Precient, Central Avenue, Nagpur, Maharashtra	NAGPUR, PLOT NO. 63, Maharashtra	all_current_passes	no_key_intersection_or_cap
S1-30544668	S3-736884660	S3	India	Sbr Interactive (India) Private Limited	Umbraflux d/b/a Sbr Interactive (India) Private Limited	Plot No. 63, Lakadganj Precient, Central Avenue, Nagpur, Maharashtra	Plot No. 63, Lakadganj Precient, Central Avenue, Nagpur, Maharashtra	all_current_passes	no_key_intersection_or_cap
S1-106326930	S2-766998880	S2	US	Nexex Graphics Corp	*** Nexex Garphics Corp	23756 Woodgreen Terrace Drive, New Caney, TX	3765 Woodgreen Terrace Dr, NEW CANEY, TX	all_current_passes	no_key_intersection_or_cap
S1-106326930	S3-83453994	S3	US	Nexex Graphics Corp	Nexex Graphisc Corp	23756 Woodgreen Terrace Drive, New Caney, TX	23757 Woodgreen Terrace Drive, New Caney, Texas	all_current_passes	no_key_intersection_or_cap
S1-838701663	S2-554582487	S2	US	Allied Creative Cafe Inc	THE ALLIED CREATIVE-CAFE INC	314 Church Street, Walhalla, SC	WALHALLA, 314 CHURCH ST, SC	all_current_passes	no_key_intersection_or_cap
S1-862882702	S2-527775130	S2	India	Shakti Trading Limited	शक्ति ट्रेडिंग लिमिटेड	35, Defence Enclave, 3Rd Floor, New Delhi, Delhi	NEW DELHI, 35, NEW DELHI, Delhi	all_current_passes	no_key_intersection_or_cap
S1-862882702	S3-103791636	S3	India	Shakti Trading Limited	Sri Shakti Trading	35, Defence Enclave, 3Rd Floor, New Delhi, Delhi		all_current_passes	no_key_intersection_or_cap
S1-449512950	S3-271233499	S3	US	Maisey Surface, L.C.S.W., M.D., P.C.	Maisey 5urface, M.D., P.C. Services	3 Dove Lane, Bigelow, AR	Dove Ln, Bigelow, Arkansas	all_current_passes	no_key_intersection_or_cap
S1-743851752	S2-883201361	S2	US	Harbor Regional Carlyle Inc	Harbor Reaoinal Carlyle Inc	2039 Griffis Avenue, Baltimore, MD	BALTIMORE, MD, 039 GRIFFIS AVE	all_current_passes	no_key_intersection_or_cap
S1-655243944	S2-881386306	S2	US	Hunger Network Corp	CENTER HUNGER CORP	1028 Ash Avenue, Unit 1, Tempe, AZ	1028 1/2 ASH AVENUE, TEMPE, AZ	all_current_passes	no_key_intersection_or_cap
S1-185551815	S3-316763075	S3	India	Producer Zeta Sales Associates	Rizabelo d/b/a Producer Zeta Sales Associates	Pune, Rh.No.2, Bld No.7, Point Sr. No. 25/2A, Undri Pune, Maharashtra, Pune	Rh.No.2, Bld No.7, Point Sr. No. 25/2A, Undri Pune, Pune, Maharashtra	all_current_passes	no_key_intersection_or_cap
S1-150681360	S3-560930929	S3	India	Jan Producer Limited	Dr Jan Limited Cénter	Nilkanth, Block No-63, Pooja Park-3, Chandreshnag, Rajkot, Gujarat	Rajkot, GJ, Block No-63, Pooja Park-3, Chandreshnag, Rajkot, H.no 415 Nilkanth	all_current_passes	no_key_intersection_or_cap
S1-558402641	S2-231169879	S2	India	Jay East Logistics Private Limited	जय ईस्ट लॉजिस्टिक्स प्राइवेट लिमिटेड	1-2, Ratan Shikha Building, Near Gokhale Park, Janta Colony, Jaipur, Rajasthan	PLOT 496 1-2, RATAN SHIKHA BUILDING, NEAR GOKHALE PARK, JANTA COLONY, JAIPUR, Rajasthan	all_current_passes	no_key_intersection_or_cap
S1-558402641	S2-100811277	S2	India	Jay East Logistics Private Limited	Private Jay East Logistics Limited	1-2, Ratan Shikha Building, Near Gokhale Park, Janta Colony, Jaipur, Rajasthan	PLOT 496 1-2, RATAN SHIKHA BUILDING, NEAR GOKHALE PARK, JANTA COLONY, JAIPUR, Rajasthan	all_current_passes	no_key_intersection_or_cap
S1-558402641	S3-190885301	S3	India	Jay East Logistics Private Limited	जय ईस्ट लॉजिस्टिक्स प्राइवेट लिमिटेड	1-2, Ratan Shikha Building, Near Gokhale Park, Janta Colony, Jaipur, Rajasthan	B3/1-2, Ratan Shikha Building, Near Gokhale Park, Jaipur, Janta Colony, RJ	all_current_passes	no_key_intersection_or_cap
S1-953282797	S3-684911733	S3	India	ZL Infotec Limited	Center ZL Limited	No. 02, 3Rd Floor, Margosa Building 13Th Cross, Margosa Road, Malleswaram, Bangalore, Karnataka	#02, 3Rd Floor, Margosa Building 13Th Cross, Margosa Road, Malleswaram, Banglore, KA	all_current_passes	no_key_intersection_or_cap
S1-859429554	S2-785652957	S2	India	Nature Chits Private Limited	PRIVATE NATURE CHITS LIMITED	No.34/605 Islamic Center Shopping Complex, Civil Station, Kozhikode, Kerala	34603 ISLAMIC CENTER SHOPPING COMPLEX, CIVIL STATION, KOZHIKODE, Kerala	all_current_passes	no_key_intersection_or_cap
S1-859429554	S3-392287026	S3	India	Nature Chits Private Limited	Mr Nature Private Chits Límited	No.34/605 Islamic Center Shopping Complex, Civil Station, Kozhikode, Kerala	34590 Islamic Center Shopping Complex, Kozhikode, KL	all_current_passes	no_key_intersection_or_cap
S1-405141919	S3-711334462	S3	US	Star Staffing LLC	Star LLC Center	128 Willerine Drive, Belmont, NC		all_current_passes	no_key_intersection_or_cap
S1-239617846	S2-899881269	S2	US	Susanetta Jeremiah Airlines, Inc	SUSANETTAJEREMIAHAIRLINES.COM (ID: 2922)	IA, 104 W 4th St, Unit Unit 153, Boone	104- WEST 4TH ST, null, BOONE, IA	all_current_passes	no_key_intersection_or_cap
S1-438022215	S3-731632399	S3	India	Technologies Little Gaming Ltd	Techno1ogies Little Ltd Center	Nagpur, F-3 Shiv Krupa Navjeevan Colony, Wardha Road, Plot No 56, Maharashtra, Nagpur	Plot No 56, Nagpur, null, महाराष्ट्र	all_current_passes	no_key_intersection_or_cap
S1-657625699	S2-257177811	S2	India	My Solutions Private Limited	माय सॉल्यूशंस प्राइवेट लिमिटेड	Delhi, East Delhi, Delhi, C12 Gf Ganesh Nagar Pandav Nagar Complex	C##12 GF GANESH NAGAR PANDAV NAGAR COMPLEX, DELHI, EAST DELHI, Delhi	all_current_passes	no_key_intersection_or_cap
S1-657625699	S3-537345031	S3	India	My Solutions Private Limited	privatesolutionsmy.com	Delhi, East Delhi, Delhi, C12 Gf Ganesh Nagar Pandav Nagar Complex	C##12 Gf Ganesh Nagar Pandav Nagar Complex, Delhi, <NULL>, DL	all_current_passes	no_key_intersection_or_cap
S1-888749298	S3-409605253	S3	US	Orthopedic Colonial Care	Rizabrixnex d/b/a Orthopedic Colonial Care	318 Brockton Road, Oxon Hill, MD	Oxon Hill, MD, 318 Brockton Road	all_current_passes	no_key_intersection_or_cap
S1-303755060	S2-387384986	S2	India	Seven Beverages	SEVEN (BEVEARGHFS)	New Delhi, Delhi, New Delhi, T/F, Sadh Nagar, Palam Colony, Gali No-9, Wz 56A/1	DOOR NO 32 WZ 56A/1, T/F, SADH NAGAR, PALAM COLONY, GALI NO-9, NEW DELHI, Delhi	all_current_passes	no_key_intersection_or_cap
S1-303755060	S2-839533786	S2	India	Seven Beverages	Seven Center	New Delhi, Delhi, New Delhi, T/F, Sadh Nagar, Palam Colony, Gali No-9, Wz 56A/1		all_current_passes	no_key_intersection_or_cap
S1-303755060	S3-592595813	S3	India	Seven Beverages	Wexveo doing business as Seven Beverages	New Delhi, Delhi, New Delhi, T/F, Sadh Nagar, Palam Colony, Gali No-9, Wz 56A/1	Wz 56A/1, T/F, Sadh Nagar, Palam Colony, Gali No-9, New Delhi, Delhi	all_current_passes	no_key_intersection_or_cap
S1-64313862	S3-890176700	S3	US	Northern Global Solution, LLC	Northernglobalsolution.Com	2401 River Hills Lane, Bolingbrook, IL	River Hills Lane, Bolingbrook, Illinois	all_current_passes	no_key_intersection_or_cap
S1-249541059	S2-414293572	S2	US	Tri-State League	Tri-State League District	314 5th Street, Mcgehee, AR	314 5TH STREET, PMB 4085, MC GEHEE, AR	all_current_passes	no_key_intersection_or_cap
S1-249541059	S2-325320003	S2	US	Tri-State League	trístateleague.com	314 5th Street, Mcgehee, AR	314 5TH ST, PMB 4085, MC GEHEE, AR	all_current_passes	no_key_intersection_or_cap
S1-277568549	S2-636577186	S2	US	Womens Health Center	Womens Center  Service	8017 Dominion Park Drive, Hanover County, VA	8017-8021 DOMINION PARK DR, HANOVER COUNTY, VA	all_current_passes	no_key_intersection_or_cap
S1-933243929	S3-376176676	S3	US	Premier Education Technologies LLC	Premier Educati0n Technologies LLC	4012 Masonboro Loop Road, Wilmington, NC	012 Masonboro Loop Road, Wilmington, North Carolina	all_current_passes	no_key_intersection_or_cap
S1-989924267	S2-941206792	S2	US	Garrity Pinnacle Capital LLC	6arrity Pinnace Capital LLC	505 Innovation Way, Walton, KY	507 INNOVATION WAY, WALTN, KY	all_current_passes	no_key_intersection_or_cap
S1-260697425	S2-539276252	S2	US	Pioneer Alpha LLC	LLC PIONEER ANBGA	7595 Lakota Hills Drive, West Chester, OH	LAKOTA HILLS DRIVE, W. CHESTER, OH	all_current_passes	no_key_intersection_or_cap
S1-260697425	S2-212680983	S2	US	Pioneer Alpha LLC	Pioneer Aflpaa LLC	7595 Lakota Hills Drive, West Chester, OH	LAKOTA HILLS DR, W. CHESTER, OH	all_current_passes	no_key_intersection_or_cap
S1-260697425	S3-296178566	S3	US	Pioneer Alpha LLC	Halocira DBA: Pioneer Alpha LLC	7595 Lakota Hills Drive, West Chester, OH	West Chester, OH, 7595 Lakota Hills Drive	all_current_passes	no_key_intersection_or_cap
S1-539096570	S3-307476331	S3	India	Infrastructure Kalpataru Jewellery Limited	Infrastructure Ka1pataru Jéwellery Limited	H-221, Naraina Vihar, New Delhi, Delhi	No. 0884 H-221, Naraina Vihar, New Delhi, DL	all_current_passes	no_key_intersection_or_cap
S1-900348060	S3-917254103	S3	US	Ironclad LLC	Ircead  LLC	Portland, 15274 Moresby Court, OR	15274 Moresby Court, Portland, Oregon	all_current_passes	no_key_intersection_or_cap
S1-362756764	S2-191718962	S2	India	Aditya Trading Pvt Ltd	आदित्य ट्रेडिंग प्रा. लि.	Office No J 105 Sector 11 Railway Station, C B D Belapur, Thane, Maharashtra	OFFICE NO J 5-105 SECTOR 11 RAILWAY STATION, C B D BELAPUR, THANE, Maharashtra	all_current_passes	no_key_intersection_or_cap
S1-362756764	S3-445799227	S3	India	Aditya Trading Pvt Ltd	आदित्य Trading प्रा. लि.	Office No J 105 Sector 11 Railway Station, C B D Belapur, Thane, Maharashtra	Office No J 105 Sector 11 Railway Station, C B D Belapur, Raigad, Thane, MH	all_current_passes	no_key_intersection_or_cap
S1-362756764	S3-65379571	S3	India	Aditya Trading Pvt Ltd	आदित्य ट्रेडिंग प्रा. लि.	Office No J 105 Sector 11 Railway Station, C B D Belapur, Thane, Maharashtra	Office No J 105 Sector 11 Railway Station, C B D Belapur, Raigad, Thane, महाराष्ट्र	all_current_passes	no_key_intersection_or_cap
S1-362756764	S3-931325695	S3	India	Aditya Trading Pvt Ltd	Aditya Pvt Trading Ltd	Office No J 105 Sector 11 Railway Station, C B D Belapur, Thane, Maharashtra	Thane, Raigad, Office No J 105 Sector 11 Railway Station, C B D Belapur, महाराष्ट्र	all_current_passes	no_key_intersection_or_cap
S1-621690113	S3-190819231	S3	US	Ceon Income	-- Ceon-Icnoarre	NY, East Hampton, 121 Fort Pond Boulevard	Fort Pond Blvd, East Hampton, New York	all_current_passes	no_key_intersection_or_cap
S1-215130873	S3-255655577	S3	India	Shahani Sons Private Limited	Sri Shahani Sons Pdihdvet [Limited]	Empire Business Hub Opp Shakti Farm, Science City Road, Sola, Ahmedabad, B-705, Gujarat, Ahmedabad	B-705, Ahmedabad, GJ	all_current_passes	no_key_intersection_or_cap
S1-382285965	S3-510168555	S3	India	White Management Pvt Ltd	వైట్ మేనేజ్‌మెంట్ ప్రైవేట్ లిమిటెడ్	Sy No 14P, 57P Izzathnagar Kondapur, Seri Lingampally, K.V.Rangareddy, Telangana	57P Izzathnagar Kondapur, Indira Nagar, Seri Lingampally, TG, Sy No 14P	all_current_passes	no_key_intersection_or_cap
S1-382285965	S3-570561291	S3	India	White Management Pvt Ltd	WM	Sy No 14P, 57P Izzathnagar Kondapur, Seri Lingampally, K.V.Rangareddy, Telangana	K.V.Rangareddy, Telangana, 57P Izzathnagar Kondapur, Seri Lingampally, Sy No 14P	all_current_passes	no_key_intersection_or_cap
S1-2871277	S2-331665362	S2	US	NX Ligand LLC	VEOWEX	884 Eisenhower Drive, Hempstead, NY	NY, 884 EISENHOWER DRIVE, WEST HEMPSTEAD	all_current_passes	no_key_intersection_or_cap
S1-689556484	S3-200115173	S3	US	24/91 Media Vail	Dovaecto d/b/a 24/91 Media Vail	16939 Vanilla Orchid Drive, Vail, AZ	AZ, 16939 Vanilla Orchid Drive, Vail	all_current_passes	no_key_intersection_or_cap
S1-309592095	S2-622473644	S2	India	Inimitable & Sons Limited	Inimitable & Sos Limited	Shop No. 1 Saluja Complex, Neelam Chowk Nit, Faridabad, Haryana	H.NO 1 SALUJA COMPLEX, NEELAM CHOWK NIT, FARIDABAD, हरियाणा	all_current_passes	no_key_intersection_or_cap
S1-309592095	S3-29402375	S3	India	Inimitable & Sons Limited	*** INIMITA8LE & SONS LIMITED	Shop No. 1 Saluja Complex, Neelam Chowk Nit, Faridabad, Haryana	Shop No. 1 Saluja Complex, Neelam Chowk Nit, Faridabad, HR	all_current_passes	no_key_intersection_or_cap
S1-606109978	S2-850087112	S2	India	Dynamic Technologies Private Limited	डायनामिक टेक्नोलॉजीज प्राइवेट लिमिटेड	C-4, Madhikar Garh Colony, Tehsil, Kotputli, Jaipur, Rajasthan	Rajasthan, MADHIKAR GARH COLONY, TEHSIL, KOTPUTLI, JAIPUR, C-4/4, JAIPUR	all_current_passes	no_key_intersection_or_cap
S1-606109978	S3-558509835	S3	India	Dynamic Technologies Private Limited	Dynamic Dynamic Technologies Prvonet Limited	C-4, Madhikar Garh Colony, Tehsil, Kotputli, Jaipur, Rajasthan		all_current_passes	no_key_intersection_or_cap
S1-211942360	S2-155715739	S2	India	Jaipur Taxi Private Limited	Private Jaipur Taxi Limited	978, 4Th Floor, Siddharth Nagar, Block A, Near Jawahar Circle, Jaipur, Rajasthan	JAIPUR, Rajasthan, 4TH FLOOR, SIDDHARTH NAGAR, BLOCK A, NEAR JAWAHAR CIRCLE, JAIPUR, G-978	all_current_passes	no_key_intersection_or_cap
S1-288398730	S2-468826467	S2	India	Services Raaj Infra Private Limited	servicesraajinfracom	Shop No. 179, Kishanpolebazar, Jaipur, Rajasthan	NO A-179 , KISHANPOLEBAZAR, JAIPUR, Rajasthan	all_current_passes	no_key_intersection_or_cap
S1-288398730	S3-506651055	S3	India	Services Raaj Infra Private Limited	Services Services Raj Infra-Private Limited	Shop No. 179, Kishanpolebazar, Jaipur, Rajasthan	Door No 179, Jaipur, राजस्थान	all_current_passes	no_key_intersection_or_cap
S1-288398730	S3-480630754	S3	India	Services Raaj Infra Private Limited	Raaj Services	Shop No. 179, Kishanpolebazar, Jaipur, Rajasthan	Shop No. 179, Kishanpolebazar, Jaipur, Rajasthan	all_current_passes	no_key_intersection_or_cap
S1-953056518	S2-952103719	S2	India	Candy Finance Private Limited	Pibshtae Candy Finance Limited	Bhadgaon, Jalgaon, Betal, Shriram Mangal Karyalay, Maharashtra	SHRIRAM MANGAL KARYALAY, JALGAON, Maharashtra	all_current_passes	no_key_intersection_or_cap
S1-953056518	S2-807081094	S2	India	Candy Finance Private Limited	Private Candy Finance Limited	Bhadgaon, Jalgaon, Betal, Shriram Mangal Karyalay, Maharashtra	SHRIRAM MANGAL KARYALAY, BHADGAON, JALGAON, Maharashtra	all_current_passes	no_key_intersection_or_cap
S1-953056518	S3-774739645	S3	India	Candy Finance Private Limited	Candy Candy Private Finance Limited	Bhadgaon, Jalgaon, Betal, Shriram Mangal Karyalay, Maharashtra	Shriram Mangal Karyalay, महाराष्ट्र, Bhadgaon, Jalgaon	all_current_passes	no_key_intersection_or_cap
S1-995567337	S3-170999506	S3	India	Sunrise Constructions Private Limited	सनराइज कंस्ट्रक्शंस प्राइवेट लिमिटेड	S 27 Village, Nathupur S 27, Road Nathupur, Gurugram, Gurugram, Gurgaon, Haryana	No. 125 S 27 Village, Gurugram, Gurgaon, HR	all_current_passes	no_key_intersection_or_cap
S1-995567337	S3-479229877	S3	India	Sunrise Constructions Private Limited	सनराइज कंस्ट्रक्शंस प्राइवेट लिमिटेड	S 27 Village, Nathupur S 27, Road Nathupur, Gurugram, Gurugram, Gurgaon, Haryana	No. 125 S 27 Village, Nathupur S 27, Road Nathupur, Gurugram, Gurugram, Gurgaon, HR	all_current_passes	no_key_intersection_or_cap
S1-271750591	S3-689310784	S3	US	Oxford Historical Safe Project	Oxford Hstrigcal Safe Project	330 Kingsbury Street, Oxford, NC	0330 Kingsbury St, North Carolina, Oxford	all_current_passes	no_key_intersection_or_cap
S1-631398737	S3-70489303	S3	US	Rivera, Pacheco and Featherston Smart	Rivera, Pcahec0 & Féatherston Smart	4772 Sand Clay Road, Brookford, NC	Sand Clay Rd, Brookford, North Carolina	all_current_passes	no_key_intersection_or_cap
S1-714258980	S2-870741576	S2	US	Foster Beacon Security	F0ster Beacon Sbcruaity	6413 A Shiplett Boulevard, Fairfax County, VA	006413 A SHIPLETT BLVD, FAIRFAX COUNTY, VA	all_current_passes	no_key_intersection_or_cap
S1-714258980	S2-873162942	S2	US	Foster Beacon Security	Foster Foster Beacon Center	6413 A Shiplett Boulevard, Fairfax County, VA	006413 A Shiplett Blvd, BURKE, VA	all_current_passes	no_key_intersection_or_cap
S1-711051679	S3-754499092	S3	US	Bright Tattoo	BRlGHT TATTOO	N10776 K, Loyal, WI	N10776-A K, Loyal, Wisconsin	all_current_passes	no_key_intersection_or_cap
S1-704919417	S3-184554630	S3	India	NBI Works LLP	NBI LLP  Center	Uttar Pradesh, Lakhimpur, S/O Sri Sobran Lal Bajpai, Kheri, Village Khakra Chhauchh	Hn D/869 Village Khakra Chhauchh, S/o Sri Sobran Lal Bajpai, Kheri, Lakhimpur, उत्तर प्रदेश	all_current_passes	no_key_intersection_or_cap
S1-414814376	S3-964612349	S3	India	Services Gajanand Solutions Private Limited	Services Gajanand Solutions Limited Center	H.No -201 Block -D, Main Road Rahul Vihar-1, Ghaziabad, Uttar Pradesh	Ghaziabad, Main Road Rahul Vihar-1, UP, H.no -201 Block -D	all_current_passes	no_key_intersection_or_cap
S1-414814376	S3-875401182	S3	India	Services Gajanand Solutions Private Limited	Gajanandsolutions.Com	H.No -201 Block -D, Main Road Rahul Vihar-1, Ghaziabad, Uttar Pradesh	H.no -201 Block -D, UP, Main Road Rahul Vihar-1, Ghaziabad	all_current_passes	no_key_intersection_or_cap
S1-646841494	S3-852542824	S3	India	Aditya Food Private Limited	आदित्य फूड प्राइवेट लिमिटेड	Ward No 1, Nadiya Jhora, Nawaldi, Jhunjhunu, Jhunjhunun, Rajasthan	Ward No 1, Nadiya Jhora, Nawaldi, Jhunjhunun, RJ	all_current_passes	no_key_intersection_or_cap
S1-19402182	S3-932558598	S3	US	Davis and Powers Home Care	Davis Powers Home Care	1982 Portola Drive, Fl 0, Grants Pass, OR		all_current_passes	no_key_intersection_or_cap
S1-422760145	S2-5091094	S2	US	Colonial Sterling Regency	colonialsterlingregency.com	4639 River Oak Circle, Brownsville, TX	4639 1/2 RIVER OAK CIR, BROWNSVILLE, TX	all_current_passes	no_key_intersection_or_cap
S1-107384007	S3-401087545	S3	India	Triton Law Chambers Pvt. Ltd.	Sri Triton Law Chambers Pvt.	12, Jai Bharat Society, 2Nd Samruta Bldg. 5Th Road, Khar(West), Mumbai, Mumbai City, Maharashtra	12, Mumbai City, Mumbai, MH	all_current_passes	no_key_intersection_or_cap
S1-914995687	S3-524918348	S3	US	Harden, Philippe, D.D.S., PC	Harden, Phlippe, D.D.S., (PC)	1585 Lexington Avenue, Mansfield, OH		all_current_passes	no_key_intersection_or_cap
S1-171004818	S3-501819545	S3	US	Gen LLC	The Gen LLC	334 Downard Court, Wilmington, OH		all_current_passes	no_key_intersection_or_cap
S1-118170039	S2-707314550	S2	India	Kishan Traders Pvt. Ltd.	Kishan-Tdros Pvt. Ltd.	C - 6 / 6323 Vasantkunj, New Delhi, South Delhi, Delhi		all_current_passes	no_key_intersection_or_cap
S1-118170039	S2-892114297	S2	India	Kishan Traders Pvt. Ltd.	Kishan Pvt. Ltd. Center	C - 6 / 6323 Vasantkunj, New Delhi, South Delhi, Delhi	H.NO 231 C - 6 / 6323 VASANTKUNJ, NEW DELHI, Delhi	all_current_passes	no_key_intersection_or_cap
S1-545563302	S3-961183327	S3	US	Orthopedic Modern Care LLC	Orthopedic Care LLC (Center)	9705 Evening Canopy Drive, Manor, TX	Evening Canopy Dr, N/A, Manor, Texas	all_current_passes	no_key_intersection_or_cap
S1-480591442	S3-758280839	S3	US	Behavioral Health Harbor Clinic LLC	Behavioral Health Harbor	2589 Main Street, Mobile, AL	2589 Main Saint, Mobile, Alabama	all_current_passes	no_key_intersection_or_cap
S1-480591442	S3-42372857	S3	US	Behavioral Health Harbor Clinic LLC	The Behavioral Health Harbor Clinic LLC	2589 Main Street, Mobile, AL	2589 Main Street, Mobile, Alabama	all_current_passes	no_key_intersection_or_cap
S1-480591442	S3-810940843	S3	US	Behavioral Health Harbor Clinic LLC	Deltaxylo	2589 Main Street, Mobile, AL	2589 Main St, Mobile, Alabama	all_current_passes	no_key_intersection_or_cap
S1-438811218	S3-161601431	S3	India	Healthy Trading Corp	Smt Healthy Corp Services	4/1/A&B, Ahmed Mamujee Street P.O. Liluah, Malipanchghara, Howrah, West Bengal	Howrah, WB, Ahmed Mamujee Street P.o. Liluah, 4/1/A&B, Malipanchghara	all_current_passes	no_key_intersection_or_cap
S1-969298915	S2-143010982	S2	India	Akay International School LLP	akayinternationalschool.com	A-32 Shop No-2, G/F, Ganesh Nagar Pandav Nagar, New Delhi, Delhi	A-33 SHOP NO-2, G/F, GANESH NAGAR PANDAV NAGAR, NEW DELHI, Delhi	all_current_passes	no_key_intersection_or_cap
S1-969298915	S3-468624678	S3	India	Akay International School LLP	akayinternationalschool.com	A-32 Shop No-2, G/F, Ganesh Nagar Pandav Nagar, New Delhi, Delhi	G/f, Ganesh Nagar Pandav Nagar, New Delhi, A-32 Shop No-2, New Delhi, DL	all_current_passes	no_key_intersection_or_cap
S1-969298915	S3-524131862	S3	India	Akay International School LLP	Mr Akay Interatigoinl School [LLP]	A-32 Shop No-2, G/F, Ganesh Nagar Pandav Nagar, New Delhi, Delhi	G/f, Ganesh Nagar Pandav Nagar, A-32 Shop No-2, दिल्ली, New Delhi	all_current_passes	no_key_intersection_or_cap
S1-289148559	S2-587353255	S2	US	Maisie Potter Platinum Abacus LLC	Jaxyuma	402 6th Street, Altoona, IA	SIXTH STREET, PO BOX 324, ALTOONA, IA	all_current_passes	no_key_intersection_or_cap
S1-474687990	S3-673404083	S3	US	Vega Zeo	vega ze0	9401 550th Street, Colchester, IL		all_current_passes	no_key_intersection_or_cap
S1-474687990	S3-69317766	S3	US	Vega Zeo	vegazeo.com	9401 550th Street, Colchester, IL	Colchester, Illinois, 9401 550th St	all_current_passes	no_key_intersection_or_cap
S1-316755315	S2-467580943	S2	India	Sun Producer Private Limited	सन प्रोड्यूसर प्राइवेट लिमिटेड	Office No. 308, 3F, A-43, Sector 63, Noida, Gautam Buddha Nagar, Uttar Pradesh	OFFICE NO. 308, NOIDA, GAUTAM BUDDHA NAGAR, उत्तर प्रदेश	all_current_passes	no_key_intersection_or_cap
S1-316755315	S2-930854295	S2	India	Sun Producer Private Limited	M/s Jaxzeta	Office No. 308, 3F, A-43, Sector 63, Noida, Gautam Buddha Nagar, Uttar Pradesh	OFFICE NO. 308, GAUTAM BUDDHA NAGAR, Uttar Pradesh	all_current_passes	no_key_intersection_or_cap
S1-316755315	S3-582211728	S3	India	Sun Producer Private Limited	सन प्रोड्यूसर प्राइवेट लिमिटेड	Office No. 308, 3F, A-43, Sector 63, Noida, Gautam Buddha Nagar, Uttar Pradesh	Office No. 308., 3F, A-43, Sector 63, Noida, Gautam Buddha Nagar, उत्तर प्रदेश	all_current_passes	no_key_intersection_or_cap
S1-972363721	S2-332656881	S2	India	Universal Foods Pvt Ltd	யுனிவர்சல் ஃபுட்ஸ் பிரைவேட் லிமிடெட்	Plot No.51, No.9, 2Nd Crossway, Aster Court Sea Cliff Conclave, Vgp Golden Beach, Chennai, Tamil Nadu	NO 51, NO.9, 2ND CROSSWAY, ASTER COURT SEA CLIFF CONCLAVE, VGP GOLDEN BEACH, CHENNAI, Tamil Nadu	all_current_passes	no_key_intersection_or_cap
S1-972363721	S3-429708803	S3	India	Universal Foods Pvt Ltd	Smt Universal Foods Pvt	Plot No.51, No.9, 2Nd Crossway, Aster Court Sea Cliff Conclave, Vgp Golden Beach, Chennai, Tamil Nadu	No.9, 2Nd Crossway, Aster Court Sea Cliff Conclave, Vgp Golden Beach, Chennai, TN, Plot No.b3/51	all_current_passes	no_key_intersection_or_cap
S1-972363721	S3-135640692	S3	India	Universal Foods Pvt Ltd	Dr Universal Foimods Pvt Ltd	Plot No.51, No.9, 2Nd Crossway, Aster Court Sea Cliff Conclave, Vgp Golden Beach, Chennai, Tamil Nadu	Plot No.b3/51, No.9, 2Nd Crossway, Aster Court Sea Cliff Conclave, Vgp Golden Beach, Chennai, தமிழ்நாடு	all_current_passes	no_key_intersection_or_cap
S1-972363721	S3-596525583	S3	India	Universal Foods Pvt Ltd	யுனிவர்சல் ஃபுட்ஸ் பிரைவேட் லிமிடெட்	Plot No.51, No.9, 2Nd Crossway, Aster Court Sea Cliff Conclave, Vgp Golden Beach, Chennai, Tamil Nadu	H.no B3/51, No.9, 2Nd Crossway, Aster Court Sea Cliff Conclave, Vgp Golden Beach, Chennai, தமிழ்நாடு	all_current_passes	no_key_intersection_or_cap
S1-972363721	S3-120561476	S3	India	Universal Foods Pvt Ltd	யுனிவர்சல் ஃபுட்ஸ் பிரைவேட் லிமிடெட்	Plot No.51, No.9, 2Nd Crossway, Aster Court Sea Cliff Conclave, Vgp Golden Beach, Chennai, Tamil Nadu	Chennai, TN, No.9, 2Nd Crossway, Aster Court Sea Cliff Conclave, Vgp Golden Beach, H.no B3/51	all_current_passes	no_key_intersection_or_cap
S1-795206279	S3-302584736	S3	India	Vadnagar Infratech Clinic	Clinic Vadnagar Center	Mahesana, Survey No 3161 Shop No 45, Bhagyoday Shopping Center, Vadnagar, Gujarat	Bhagyoday Shopping Center, 3161 Shop No 45, Mahesana, GJ, Vadnagar	all_current_passes	no_key_intersection_or_cap
S1-28326227	S2-637375307	S2	India	Mega Solutions LLP	Shri Mega LLP Services	No. 204, 7/1/68/1 P.No.6, Dharamkaran Road, Ameerpet, Hyderabad, Telangana	H.NO 204 , 7/1/68/1 P.NO.6, DHARAMKARAN ROAD, AMEERPET, HYDERABAD, తెలంగాణ	all_current_passes	no_key_intersection_or_cap
S1-23121390	S2-768917392	S2	US	Simpson Spade LP	Simpson LP Partners	615 Bethel Road, Cornishville, KY	CORNISHVILLE, BETHEL RD, KY, NULL	all_current_passes	no_key_intersection_or_cap
S1-550003654	S3-402205899	S3	India	Financial Memorial Trust	Smt Financial Memorial Trust Limited	Tamil Nadu, General Nice Towers, 4Th Floor Chamiers Road, Chennai, No. 90, Chennai	No. 90, General Nice Towers, 4Th Floor Chamiers Road, Madras, Chennai, TN	all_current_passes	no_key_intersection_or_cap
S1-269658432	S3-433584153	S3	India	JJJ Power Limited	JJJ Pwger Limited	Shop No 8 Kh No 366 Gf Gurunanank Dev Colony Vill Bhalswa Dairy Jagirpuri, Delhi, West Delhi, Delhi	दिल्ली, West Delhi, Delhi, H.no 8 Kh No 366 Gf Gurunanank Dev Colnoy Vill Bhalswa Dairy Jagirpuri	all_current_passes	no_key_intersection_or_cap
S1-371874635	S3-684456756	S3	India	NL Services Pvt. Ltd.	Pvt. NL Services Ltd	New Delhi, South Delhi, C-35 South Extension Part I, Delhi	No 392 C-35 South Extension Part I, New Delhi, South Delhi, दिल्ली	all_current_passes	no_key_intersection_or_cap
S1-296806571	S3-906475287	S3	India	Design & Partners Group	Design & Enterprises	Office No 218, 555, Business Point, Narayan Chambers, Near Modi Ganpati, Nar, Ayan Peth, Pune, Maharashtra		all_current_passes	no_key_intersection_or_cap
S1-860358582	S3-630743152	S3	India	India Ss Sun Pvt. Ltd.	India Ss Pvt. Ltd. Services	Delhi, Gali No.-09 First Floor, Railways Colony, Mandawali New Delhi, New Delhi, H. No. 230/30	No 230/30, New Delhi, Laxmi Nagar, दिल्ली	all_current_passes	no_key_intersection_or_cap
S1-327425253	S3-535780115	S3	US	Sanchez and Bustamante Newbury	Kelonovi	3015 Sheridan Drive, Amherst, NY	Sheridan Drive, PMB 9077, Amherst, New York	all_current_passes	no_key_intersection_or_cap
S1-435517917	S2-547669744	S2	US	Saylors Hawaii, LLC	Saylors  LLC Service	156 L D Trail, Lonsdale, AR	L D Trail, LONSDALE, AR	all_current_passes	no_key_intersection_or_cap
S1-388041707	S2-897500272	S2	US	ED Horizon Arts LLC	ED Horizon Airs LLC	Dundalk, MD, 1616 Gray Haven Court	1616B GRAY HAVEN CT, DUNDALK, MD	all_current_passes	no_key_intersection_or_cap
S1-388041707	S3-858977968	S3	US	ED Horizon Arts LLC	ED Hrtzon Arts LLC	Dundalk, MD, 1616 Gray Haven Court		all_current_passes	no_key_intersection_or_cap
S1-388041707	S3-335870065	S3	US	ED Horizon Arts LLC	ED Arts LLC Service	Dundalk, MD, 1616 Gray Haven Court		all_current_passes	no_key_intersection_or_cap
S1-551659339	S3-342963691	S3	India	Krishav Trading Private Limited	Private Krishav Thradign Limited	Innov8, Skcl Tech Square, 2Nd Floor, No. 14, South Phase, Sidco T.V.K. Industrial Estate, Guindy, Chennai City Corporation, Chennai, Tamil Nadu	TN, Chennai, Innov08, Chennai City Corporation	all_current_passes	no_key_intersection_or_cap
S1-470667990	S3-664975636	S3	US	Primary Care Center Partners	Primary Care Center	100 Brook Hollow Drive, Huntsville, TX	100 Broko Hollow Drive, Huntsville, Texas	all_current_passes	no_key_intersection_or_cap
S1-470667990	S3-501559207	S3	US	Primary Care Center Partners	Primary Care	100 Brook Hollow Drive, Huntsville, TX	100 Brook Hollow Dr, Huntsville, Texas	all_current_passes	no_key_intersection_or_cap
S1-177470509	S2-434303601	S2	US	Northern One	N0rthern One	1034 Bolton Avenue, IN, Indianapolis	IN, INDIANAPOLIS, 1201. BOLTON AVE	all_current_passes	no_key_intersection_or_cap
S1-177470509	S3-967319236	S3	US	Northern One	Nolbhihhen One	1034 Bolton Avenue, IN, Indianapolis	680 Bolton Ave, Indianapolis, Indiana	all_current_passes	no_key_intersection_or_cap
S1-399887735	S2-923220785	S2	India	All Software Private Limited	ઓલ સોફ્ટવેર પ્રાઇવેટ લિમિટેડ	Lodhika, Gujarat, Survey No 208 Plot 1, 2, 3, Balaji Ind. Area Chhapara, Rajkot	SURVEY NO 208. PLOT 1, LODHIKA, RAJKOT, ગુજરાત	all_current_passes	no_key_intersection_or_cap
S1-399887735	S2-109086635	S2	India	All Software Private Limited	A1l Software Private Limited	Lodhika, Gujarat, Survey No 208 Plot 1, 2, 3, Balaji Ind. Area Chhapara, Rajkot	Gujarat, LODHIKA, RAJKOT, SURVEY NO 208. PLOT 1	all_current_passes	no_key_intersection_or_cap
S1-399887735	S3-948271193	S3	India	All Software Private Limited	ઓલ સોફ્ટવેર પ્રાઇવેટ લિમિટેડ	Lodhika, Gujarat, Survey No 208 Plot 1, 2, 3, Balaji Ind. Area Chhapara, Rajkot	208 Plot 1, Lodhika, Rajkot, GJ	all_current_passes	no_key_intersection_or_cap
S1-329998550	S3-301456917	S3	India	Orchid Consultants	Shri ORCHID CONSULTANTS - 7649093854	Ulsoor Road, No. 39, Bangalore, Bangalore North, Karnataka	H.no 39, Bangalore North, Bangalore, KA	all_current_passes	no_key_intersection_or_cap
S1-329998550	S3-751678364	S3	India	Orchid Consultants	Arcsyn	Ulsoor Road, No. 39, Bangalore, Bangalore North, Karnataka	No. 39, Ulsoor Road, Bangalore North, Bangalore, Karnataka	all_current_passes	no_key_intersection_or_cap
S1-687946604	S2-318811089	S2	US	Innovative Data Systems	BRIXUMBRA	1725 9W, Esopus, NY	9W, ESOPUS, NY	all_current_passes	no_key_intersection_or_cap
S1-644810595	S2-731797821	S2	US	Hinkel Piedmont Harmony	Hinke1  Piedmont Harmony	912 Sugar Gap Road, Unit 302, NC, Wake Forest	WAKE FOREST, NC, 00912 SUGAR GAP RD	all_current_passes	no_key_intersection_or_cap
S1-632138364	S2-950271964	S2	India	Baba Investment	Sri Baba  Services	Muzaffarnagar, 23 Imambara, Muzaffarnagar, Uttar Pradesh	23 IMAMBARA, MUZAFFARNAGAR, Uttar Pradesh	all_current_passes	no_key_intersection_or_cap
S1-794894976	S3-101305304	S3	India	Gb (India) Education Pvt Ltd	Deltamirahalo	Gujarat, A2 Suda Awas, Dumas Road, Surat, 205	205, A2 Suda Awas, Dumas Road, Surat, Gujarat	all_current_passes	no_key_intersection_or_cap
S1-954241367	S3-268950997	S3	US	Memorial Initiative LLC	memorialinitiative.com	10251 5th Avenue, Countryside, IL	010251 5st Avenue, Countryside, Illinois	all_current_passes	no_key_intersection_or_cap
S1-808238383	S3-146937828	S3	US	Williams Desert Tokyo LLC	Service Williams Tokyo LLC	10829 Green View Way, Columbia, MD	Green View Way, Columbia, Maryland	all_current_passes	no_key_intersection_or_cap
S1-914281895	S2-713475210	S2	India	Sun Consultancy Private Limited	#sunconsu1tancy	S No. 2/3B/2, Shree Ram Appt., Devaki Nagar, Daund, Pune, Maharashtra	DOOR NO 13 S NO. 2/3B/2, SHREE RAM APPT., DEVAKI NAGAR, DAUND, Maharashtra	all_current_passes	no_key_intersection_or_cap
S1-914281895	S3-4436052	S3	India	Sun Consultancy Private Limited	Sun Cosnlulacy Private Limited	S No. 2/3B/2, Shree Ram Appt., Devaki Nagar, Daund, Pune, Maharashtra	S No. 2/3B, Shree Ram Appt., Devaki Nagar, Daund, Pune, MH	all_current_passes	no_key_intersection_or_cap
S1-914281895	S3-324001964	S3	India	Sun Consultancy Private Limited	sunconsultancy.com	S No. 2/3B/2, Shree Ram Appt., Devaki Nagar, Daund, Pune, Maharashtra	S No. 2/3B, Shree Ram Appt., Devaki Nagar, Daund, Pune, महाराष्ट्र	all_current_passes	no_key_intersection_or_cap
S1-914281895	S3-884542532	S3	India	Sun Consultancy Private Limited	सन कंसल्टेंसी प्राइवेट लिमिटेड	S No. 2/3B/2, Shree Ram Appt., Devaki Nagar, Daund, Pune, Maharashtra	S No. 2/3B, Shree Ram Appt., Devaki Nagar, Daund, Pune, MH	all_current_passes	no_key_intersection_or_cap
S1-775692598	S3-681105799	S3	India	Kalyan Creations Private Limited	Arcarc DBA Kalyan Creations Private Limited	Building No -5, Shop No-37, Mangeshi Paradise Nr Matoshree College, Kalyan, Thane, Maharashtra	Building No -5, Shop No-37, Mangeshi Paradise Nr Matoshree College, Kalyan, Thane, Maharashtra	all_current_passes	no_key_intersection_or_cap
S1-896179442	S3-765321409	S3	US	Colonial National Media LLC	Colonial Nattol-Media LLC	425 4th Terrace, Birmingham, AL	425 Fourth Ter, Birmingham, Alabama	all_current_passes	no_key_intersection_or_cap
S1-971293452	S3-968522510	S3	US	Lovue Inc	Lovue.Com	657 Fordsbush Road, Minden, NY		all_current_passes	no_key_intersection_or_cap
S1-971293452	S3-99497076	S3	US	Lovue Inc	Looe Inc	657 Fordsbush Road, Minden, NY	657-659 Fordsbush Rd, Minden, New York	all_current_passes	no_key_intersection_or_cap
S1-890139006	S2-489534737	S2	India	Rightful Institute Private Limited	Shri Rightful Institute Private Limited	2-2-5, Osmania, University Road, Musheerabad, Hyderabad, Telangana	HN 746 2-2-5, OSMANIA, UNIVERSITY ROAD, MUSHEERABAD, Telangana	all_current_passes	no_key_intersection_or_cap
S1-890139006	S3-405481204	S3	India	Rightful Institute Private Limited	Rightful Private Limited Service	2-2-5, Osmania, University Road, Musheerabad, Hyderabad, Telangana	002-2-5, Osmania, University Road, Musheerabad, Hyderabad, Andhra Pradesh	all_current_passes	no_key_intersection_or_cap
S1-748107569	S3-397665878	S3	India	Techsmart (India) Systems Ltd	Smt Techsmart (India) Systems [Ltd]	C/O Bhagwan Das Gyaprasad, Gram Lanch, Indergarh, Seondha, Datia, Madhya Pradesh	C/o Bhagwan Das Gyaprasad, Gram Lanch, Indergarh, Seondha, Datia, मध्य प्रदेश	all_current_passes	no_key_intersection_or_cap
S1-164446591	S3-837822725	S3	India	Indo Design Associates	Fayeorbi DBA: Indo Design Associates	Ahmedabad, Rajnagar Society, Nr.N.I.D., Paladi, Gujarat, 10, Ahmedabad	10, Rajnagar Society, Nr.N.I.D., Paladi, Ahmedabad, Gujarat	all_current_passes	no_key_intersection_or_cap
S1-18922388	S2-858071683	S2	India	Best Systems Private Limited	બેસ્ટ સિસ્ટમ્સ પ્રાઇવેટ લિમિટેડ	Block-G-301, Satva Shiv Elegance, Nr, Gopinath Heights, B/S, Panchamrut School, Ahmedabad, Gujarat	BLOCK-G-301, SATVA SHIV ELEGANCE, NR, GOPINATH HEIGHTS, B/S, PANCHAMRUT SCHOOL, AHMEDABAD, ગુજરાત	all_current_passes	no_key_intersection_or_cap
S1-734993216	S3-475290153	S3	India	Astha Valley Private Limited	Astha Private Limited Center	C/O Kisan Maroti Bhiogade, At Post Shilly, Kuhi, Nagpur, Maharashtra		all_current_passes	no_key_intersection_or_cap
S1-151727373	S3-375029478	S3	US	Rozelle Palomares Hancock Inc.	Rozelle Rozelle Palomares Hancock Inc.	5237 14th Way, Phoenix, AZ	#5237 Fourteenth Way, Phoenix, Arizona	all_current_passes	no_key_intersection_or_cap
S1-995897123	S3-994760261	S3	US	Creative Crystal Marshall	Creative Cresstal Marshall	12010 Corona Lane, Houston, TX	1201 Corona Ln, Houston, Texas	all_current_passes	no_key_intersection_or_cap
S1-975479429	S3-289579400	S3	India	North South Estate Private Limited	నార్త్ సౌత్ ఎస్టేట్ ప్రైవేట్ లిమిటెడ్	11-476/C, Bypass Road, Revenue Ward No. 11, Mangalagiri, Guntur, Andhra Pradesh	Guntur, AP, Mangalagiri, 11-476/C	all_current_passes	no_key_intersection_or_cap
S1-402241052	S2-144951700	S2	India	Surya Exports Private Limited	ಸೂರ್ಯ ಎಕ್ಸ್‌ಪೋರ್ಟ್ಸ್ ಪ್ರೈವೇಟ್ ಲಿಮಿಟೆಡ್	300, 8Th Main Road C Block J P Nagar, Mysore, Karnataka	BLOCK G-431- 300, 8TH MAIN ROAD C BLOCK J P NAGAR, MYSORE, Karnataka	all_current_passes	no_key_intersection_or_cap
S1-402241052	S2-907297271	S2	India	Surya Exports Private Limited	ಸೂರ್ಯ ಎಕ್ಸ್‌ಪೋರ್ಟ್ಸ್ ಪ್ರೈವೇಟ್ ಲಿಮಿಟೆಡ್	300, 8Th Main Road C Block J P Nagar, Mysore, Karnataka	BLOCK G-431- 300, MYSURU, MYSORE, Karnataka	all_current_passes	no_key_intersection_or_cap
S1-333734493	S3-99254349	S3	India	Wicked Consultancy Private Limited	Wicked Limited Private Consultancy	A 202 Shyam Residency, Ahmedabad, Nr Manav Bunglows Sola, Science City, Gujarat	Plot 190 A 202 Shyam Residency, Ahmedabad, Nashik, GJ	all_current_passes	no_key_intersection_or_cap
S1-333734493	S3-391793511	S3	India	Wicked Consultancy Private Limited	Wickedconsultancy.Com	A 202 Shyam Residency, Ahmedabad, Nr Manav Bunglows Sola, Science City, Gujarat	Plot 190 A 202 Shyam Residency, Ahmedabad, Nashik, GJ	all_current_passes	no_key_intersection_or_cap
S1-758949647	S2-411058561	S2	US	Shell's Safe Advisors	Advisors Shell's Services	210 Creekedge Circle, Huntsville, AL	HUNTSVILLE, CREEKEDGE CIR, AL	all_current_passes	no_key_intersection_or_cap
S1-758949647	S2-753472575	S2	US	Shell's Safe Advisors	shellssafeadvisors.com	210 Creekedge Circle, Huntsville, AL	AL, HUNTSVILLE, 0210 CREEKEDGE CIRCLE	all_current_passes	no_key_intersection_or_cap
S1-300598855	S2-65111536	S2	India	Green Fortune Software Private Limited	கிரீன் ஃபார்ச்சூன் சாஃப்ட்வேர் பிரைவேட் லிமிடெட்	Sixth Floor, Rr Tower Iii, T.V.K Industrial Estate, Guindy, Chennai, Chennai, Tamil Nadu	SITXH FLOOR, RR TOWER III, T.V.K INDUSTRIAL ESTATE, GUINDY, CHENNAI, CHENNAI, தமிழ்நாடு	all_current_passes	no_key_intersection_or_cap
S1-287227864	S2-81349741	S2	US	Sarah Carson Trusted Capital Corp	5arah Carson Trusted Capital Corp	6866 Seneca Street, Portland, OR	866 SENECA ST, N/A, PORTLAND, OR	all_current_passes	no_key_intersection_or_cap
S1-210403116	S3-905989859	S3	India	Pioneer Industries Private Limited	ਪਾਇਨੀਅਰ ਇੰਡਸਟ੍ਰੀਜ਼ ਪ੍ਰਾਈਵੇਟ ਲਿਮਟਿਡ	Zirakpur Kalka Highway Opposite Maharani Regency Hotel, Punjab, Zirakpur, Patiala	Patiala, Zirakpur, Zirakpur Kalka Highway Opposite Maharani Regency Hotel, PB	all_current_passes	no_key_intersection_or_cap
S1-180407398	S2-321662087	S2	US	Martinez, Castillo & Montgomery Communications	mc.com	302 Second Avenue, Oneida, TN	0302 SECOND AVE, ONEIDA, TN	all_current_passes	no_key_intersection_or_cap
S1-180407398	S3-735360999	S3	US	Martinez, Castillo & Montgomery Communications	Martinez, Csatinlo and Montgomery Communications	302 Second Avenue, Oneida, TN	302 2nd Avenue, Oneida, Tennessee	all_current_passes	no_key_intersection_or_cap
S1-286680045	S3-476888842	S3	US	Firefighters Union Local No 833	UnionfirefighterslocalCom	8309 Cushing Court, Fairfax County, VA	Cushing Court, Fairfax County, Virginia	all_current_passes	no_key_intersection_or_cap
S1-931473811	S2-486109226	S2	US	Wells Bay Btc Inc.	wellsbaybtc.com	9608 Glenmore Road, Annsville, NY	NY, TABERG, 9608-9612 GLENMORE RD	all_current_passes	no_key_intersection_or_cap
S1-931473811	S2-160842684	S2	US	Wells Bay Btc Inc.	... wellsbaybtc.com	9608 Glenmore Road, Annsville, NY	9608-9612 GLENMORE ROAD, TABERG, NY	all_current_passes	no_key_intersection_or_cap
S1-332182002	S2-19936046	S2	India	Indresh Ai Private Limited	Indresh Ai Private Ltd	No 6, Parasu Street, Kilpauk, Perambur Purasawalkam, Chennai, Tamil Nadu	DOOR NO 6 , PARASU STREET, KILPAUK, PERAMBUR PURASAWALKAM, Tamil Nadu	all_current_passes	no_key_intersection_or_cap
S1-332182002	S3-37990194	S3	India	Indresh Ai Private Limited	Indresh Ai  Private	No 6, Parasu Street, Kilpauk, Perambur Purasawalkam, Chennai, Tamil Nadu	No 6, Parasu Street, Kilpauk, Chennai, Purasawakkam, TN	all_current_passes	no_key_intersection_or_cap
S1-196576160	S2-708684745	S2	India	Om Global Private Limited	ఓం గ్లోబల్ ప్రైవేట్ లిమిటెడ్	Telangana, Hyderabad, H-76, H-Block Madhuranagar, Sr Nagar, Ameerpet, Hyderabad, 8-3-224/9/10/A	HYDERABAD, Andhra Pradesh, HYDERABAD, 8-3-224/9/10/A	all_current_passes	no_key_intersection_or_cap
S1-196576160	S2-797498751	S2	India	Om Global Private Limited	ఓం గ్లోబల్ ప్రైవేట్ లిమిటెడ్	Telangana, Hyderabad, H-76, H-Block Madhuranagar, Sr Nagar, Ameerpet, Hyderabad, 8-3-224/9/10/A	8-3-224/9/10/A, Andhra Pradesh, HYDERABAD	all_current_passes	no_key_intersection_or_cap
S1-196576160	S3-180926047	S3	India	Om Global Private Limited	ఓమ్ గ్లోబల్ ప్రైవేట్ లిమిటెడ్	Telangana, Hyderabad, H-76, H-Block Madhuranagar, Sr Nagar, Ameerpet, Hyderabad, 8-3-224/9/10/A	Plot 28 8-3-224/9/10/A, H-76, H-block Madhuranagar, Sr Nagar, Ameerpet, Hyderabad, TG	all_current_passes	no_key_intersection_or_cap
S1-420925507	S3-75671102	S3	US	Charity's Certified Media	Umbrafaye formerly known as Charity's Certified Media	5209 Stillwood Drive, Wichita Falls, TX	Wichita Falls, TX, 5209 Stillwood Drive	all_current_passes	no_key_intersection_or_cap
S1-100109534	S2-456305658	S2	US	YZ Empire Rmg LLC	yzempirermg.com	129 Quincy Street, Westmont, IL	129 QUINYC STREET, WESTMONT, IL	all_current_passes	no_key_intersection_or_cap
S1-668968195	S2-846483605	S2	US	Mclaughlin Equity Partners LLC	MCLAUGHLINEQUITYPARTNERS.COM	Goshen, 608 Kercher Road, IN	IN, INCORPORATED, 608  KERCHER RD	all_current_passes	no_key_intersection_or_cap
S1-668968195	S3-397506284	S3	US	Mclaughlin Equity Partners LLC	Mc1aughlin Equity Partners LLC	Goshen, 608 Kercher Road, IN	608 Kercher Road, Goshen, Indiana	all_current_passes	no_key_intersection_or_cap
S1-617436415	S2-930061810	S2	US	Dental Preferred Partners	PARTNERS PRTGBRCRNED DENTAL	5068 Kuszmaul Avenue, Warren, OH	5068 KUSMAUL AVE, WARREN, OH	all_current_passes	no_key_intersection_or_cap
S1-289542061	S3-438438825	S3	India	Balaji It Limited	बालाजी आईटी लिमिटेड	House 47, 2Nd Floor Gujrawala Town Part-2, Delhi, New Delhi, Delhi	House C-47, Delhi, New Delhi, DL	all_current_passes	no_key_intersection_or_cap
S1-760667963	S3-802167044	S3	India	Hunger Services Private Limited	Hunger Services Private	C/O Sakti Pada Ghosh, Samarmara, Midnapore, West Midnapore, West Bengal	C/o Sakti Pada Ghosh, Midnapore, West Midnapore, WB	all_current_passes	no_key_intersection_or_cap
S1-760667963	S3-863665592	S3	India	Hunger Services Private Limited	Pricsgfte Hunger Services Limited	C/O Sakti Pada Ghosh, Samarmara, Midnapore, West Midnapore, West Bengal	C/o Sakti Pada Ghosh, Samarmara, Midnapore, West Midnapore, WB	all_current_passes	no_key_intersection_or_cap
S1-864404672	S3-748146965	S3	India	Jpl Technologies Private Limited	Jpl Technologies Priavsse (Limited)	137, 1St Floor Building No.1-Edison Raheja Tesla D Block Ttc Industrial Area, Midc Jui Nag, Ar, Navi Mumbai, Maharashtra, Mumbai City	137, Navi Mumbai, Mumbai City, MH	all_current_passes	no_key_intersection_or_cap
S1-864404672	S3-117182313	S3	India	Jpl Technologies Private Limited	Jpl Technologies Privaet Limited	137, 1St Floor Building No.1-Edison Raheja Tesla D Block Ttc Industrial Area, Midc Jui Nag, Ar, Navi Mumbai, Maharashtra, Mumbai City	137, Navi Mumbai, Mumbai City, MH	all_current_passes	no_key_intersection_or_cap
S1-660076156	S2-586585325	S2	India	Dream Agro Private Limited	ड्रीम एग्रो प्राइवेट लिमिटेड	180A, Sainik Farm Adjoining Country Club, Khanpur, Delhi, South Delhi, Delhi	180A, DELHI, SOUTH DELHI, Delhi	all_current_passes	no_key_intersection_or_cap
S1-660076156	S2-963169406	S2	India	Dream Agro Private Limited	ड्रीम एग्रो प्राइवेट लिमिटेड	180A, Sainik Farm Adjoining Country Club, Khanpur, Delhi, South Delhi, Delhi	180A, DELHI, SOUTH DELHI, Delhi	all_current_passes	no_key_intersection_or_cap
S1-660076156	S3-851382760	S3	India	Dream Agro Private Limited	Dream Aeigrgo Private Limited	180A, Sainik Farm Adjoining Country Club, Khanpur, Delhi, South Delhi, Delhi	180A, Delhi, DL	all_current_passes	no_key_intersection_or_cap
S1-779071666	S2-894447711	S2	US	Behavioral Health Group	BEHAVIORAL HÉALTH	16 Mapledale Avenue, Fl 0, Glen Burnie, MD	16-D MAPLEDALE AVE, GLEN BURNIE, MD	all_current_passes	no_key_intersection_or_cap
S1-779071666	S3-254099983	S3	US	Behavioral Health Group	Deltanovi	16 Mapledale Avenue, Fl 0, Glen Burnie, MD	16. Mapledale Avenue, N/A, Glen Burnie, Maryland	all_current_passes	no_key_intersection_or_cap
S1-892768886	S2-868688772	S2	US	Prairie Ministries Inc	The The Prairie Ministries Inc	7112 Arden Court, Evansville, IN	06991 ARDEN CT, EVANSVILLE, IN	all_current_passes	no_key_intersection_or_cap
S1-223236467	S3-686921043	S3	India	Namrata Clinic	Shri Namrata (Clinic)	Flat No. M-102, G/F Plot No. 328/1 Palam Apartments Bijwasan, New Delhi, South West Delhi, Delhi	Flat No. M-#102, G/f Plot No. 328/1 Palam Apartments Bijwasan, Divreportingcircle, New Delhi, दिल्ली	all_current_passes	no_key_intersection_or_cap
S1-223236467	S3-316383902	S3	India	Namrata Clinic	Shri Namrata Clinic Corporation	Flat No. M-102, G/F Plot No. 328/1 Palam Apartments Bijwasan, New Delhi, South West Delhi, Delhi	Flat No. M-#102, G/f Plot No. 328/1 Palam Apartments Bijwasan, Divreportingcircle, New Delhi, DL	all_current_passes	no_key_intersection_or_cap
S1-529016248	S2-839563753	S2	US	Pediatric Dental Specialists	pediatricdentalspecialists.com	16 Breary Avenue, Unit Apartment H31, Sanford, ME	16 BREARY AVE, SANFORD, ME	all_current_passes	no_key_intersection_or_cap
S1-529016248	S3-131782931	S3	US	Pediatric Dental Specialists	Cirabrix DBA Pediatric Dental Specialists	16 Breary Avenue, Unit Apartment H31, Sanford, ME	16 Breary Avenue, Unit Apartment H31, Sanford, ME	all_current_passes	no_key_intersection_or_cap
S1-958358002	S2-413978746	S2	India	Ace International Private Limited	एस इंटरनेशनल प्राइवेट लिमिटेड	C/O Devanti Gupta, 2116051, Dariyapur, Kadam Kuan, Sampatchak, Patna, Bihar	C/O DEVANTI GUPTA, 2116051, DARIYAPUR, KADAM KUAN, PATNA, बिहार	all_current_passes	no_key_intersection_or_cap
S1-958358002	S2-352616267	S2	India	Ace International Private Limited	एस इंटरनेशनल प्राइवेट लिमिटेड	C/O Devanti Gupta, 2116051, Dariyapur, Kadam Kuan, Sampatchak, Patna, Bihar	DOOR NO 55 C/O DEVANTI GUPTA, PATNA, SAMPATCHAK, बिहार	all_current_passes	no_key_intersection_or_cap
S1-958358002	S2-191236765	S2	India	Ace International Private Limited	एस इंटरनेशनल प्राइवेट लिमिटेड	C/O Devanti Gupta, 2116051, Dariyapur, Kadam Kuan, Sampatchak, Patna, Bihar	H.NO 55 C/O DEVANTI GUPTA, PATNA, SAMPATCHAK, Bihar	all_current_passes	no_key_intersection_or_cap
S1-958358002	S3-129906398	S3	India	Ace International Private Limited	Ace-Internaionl Private Limited	C/O Devanti Gupta, 2116051, Dariyapur, Kadam Kuan, Sampatchak, Patna, Bihar	Plot 00432 C/o Devanti Gupta, Patna, Sampatchak, बिहार	all_current_passes	no_key_intersection_or_cap
S1-468092067	S3-598808382	S3	US	Direct Highland Northwest Care	Direct Hghlld Northwest Care	26 Isabella Street, Unit 9, Boston, MA	26 1/2 Isabella St, NULL, Boston, Massachusetts	all_current_passes	no_key_intersection_or_cap
S1-575212832	S2-474635774	S2	India	Sai Producer Private Limited	साई प्रोड्यूसर प्राइवेट लिमिटेड	1-Ag-1-10/16, Flr-Grd, 1, Ganesh Murti Ngr. Captain Prakash Pethe Marg, Colaba, Back Bay Bus Depot, Mumbai, Mumbai City, Maharashtra	#738 1-AG-1-10/16, FLR-GRD, 1, GANESH MURTI NGR. CAPTAIN PRAKASH PETHE MARG, COLABA, BACK BAY BUS DEPOT, BOMBAY, MUMBAI CITY, Maharashtra	all_current_passes	no_key_intersection_or_cap
S1-575212832	S2-391296287	S2	India	Sai Producer Private Limited	साई प्रोड्यूसर प्राइवेट लिमिटेड	1-Ag-1-10/16, Flr-Grd, 1, Ganesh Murti Ngr. Captain Prakash Pethe Marg, Colaba, Back Bay Bus Depot, Mumbai, Mumbai City, Maharashtra	H.NO 738 1-AG-1-10/16, FLR-GRD, 1, GANESH MURTI NGR. CAPTAIN PRAKASH PETHE MARG, COLABA, BACK BAY BUS DEPOT, BOMBAY, MUMBAI CITY, Maharashtra	all_current_passes	no_key_intersection_or_cap
S1-374373873	S3-771698089	S3	US	Martica's Bay Logistics	>> Jaxdova	IN, West Lafayette, 302 Point West Ii	302 Point West Ii, West Lafayette, Indiana	all_current_passes	no_key_intersection_or_cap
S1-261082046	S3-648050238	S3	India	Arya Marketing	Smt Arya Marketing Ltd	5, Ashwaraj Bunglows-2, Opp. Dev Vihar-1, Thaltej, Ahmedabad, Gujarat		all_current_passes	no_key_intersection_or_cap
S1-43044582	S2-85124305	S2	India	TM Green Private Limited	TM-Green Private	Tamil Nadu, Chennai, 2Nd Cross Chandran Nagar, Chromepet, Chennai, No.75	#75, 2ND CROSS CHANDRAN NAGAR, CHROMEPET, CHENNAI, Tamil Nadu	all_current_passes	no_key_intersection_or_cap
S1-43044582	S2-400667124	S2	India	TM Green Private Limited	Limited TM Green Partners	Tamil Nadu, Chennai, 2Nd Cross Chandran Nagar, Chromepet, Chennai, No.75	H.NO 75, 2ND CROSS CHANDRAN NAGAR, CHROMEPET, CHENNAI, தமிழ்நாடு	all_current_passes	no_key_intersection_or_cap
S1-43044582	S2-956915023	S2	India	TM Green Private Limited	TM GREEN  LIMITED PRIVATE	Tamil Nadu, Chennai, 2Nd Cross Chandran Nagar, Chromepet, Chennai, No.75	#75 , 2ND CROSS CHANDRAN NAGAR, CHROMEPET, CHENNAI, Tamil Nadu	all_current_passes	no_key_intersection_or_cap
S1-43044582	S3-108366387	S3	India	TM Green Private Limited	TM Private Limited Center	Tamil Nadu, Chennai, 2Nd Cross Chandran Nagar, Chromepet, Chennai, No.75	75, Chennai, TN	all_current_passes	no_key_intersection_or_cap
S1-192757112	S3-362275708	S3	US	Castillo Academy	Umbrasol formerly known as Castillo Academy	Unit 408, Louisville, 13630 Elanna Ave, KY	13630 Elanna Ave, Unit 408, Louisville, KY	all_current_passes	no_key_intersection_or_cap
S1-522799506	S2-700249706	S2	India	Black Arihant Estate Private Limited	ବ୍ଲାକ୍ ଅରିହନ୍ତ ଏଷ୍ଟେଟ୍ ପ୍ରାଇଭେଟ୍ ଲିମିଟେଡ୍	Balasore, Orissa, At: Manikhamb Po: Motiganj	BALASORE, AT: MANIKHAMB PO: MOTIGANJ, Odisha, BALASORE	all_current_passes	no_key_intersection_or_cap
S1-522799506	S3-425048411	S3	India	Black Arihant Estate Private Limited	ବ୍ଲାକ୍ ଅରିହନ୍ତ ଏଷ୍ଟେଟ୍ ପ୍ରାଇଭେଟ୍ ଲିମିଟେଡ୍	Balasore, Orissa, At: Manikhamb Po: Motiganj	OD, Balasore, At: Manikhamb Po: Mofiganj, Motiganj	all_current_passes	no_key_intersection_or_cap
S1-96886690	S2-386674236	S2	India	Digital Bharat Media Private Limited	डिजिटल भारत मीडिया प्राइवेट लिमिटेड	704, Om Sai Shraddha Co Op Hsg Society Ltd., Opp Gagangiri Park, Samta Nagar, Thane, Maharashtra	704/9, THANE, Maharashtra	all_current_passes	no_key_intersection_or_cap
S1-600604729	S2-142974942	S2	India	NX Pharmaceuticals Pvt. Ltd.	NX Pvt. Ltd. Services	H.No.20 Tulsigardens Yapral, Secunderabad, Hyderabad, Telangana	#B3/20 TULSIGARDENS YAPRAL, SECUNDERABAD, తెలంగాణ	all_current_passes	no_key_intersection_or_cap
S1-600604729	S2-456742792	S2	India	NX Pharmaceuticals Pvt. Ltd.	NX Pvt. Ltd. Service	H.No.20 Tulsigardens Yapral, Secunderabad, Hyderabad, Telangana	#B3/20 TULSIGARDENS YAPRAL, SECUNDERABAD, తెలంగాణ	all_current_passes	no_key_intersection_or_cap
S1-600604729	S2-659111294	S2	India	NX Pharmaceuticals Pvt. Ltd.	NX PVT. LTD. PARTNERS	H.No.20 Tulsigardens Yapral, Secunderabad, Hyderabad, Telangana	H.NO.B3/20 TULSIGARDENS YAPRAL, SECUNDERABAD, Telangana	all_current_passes	no_key_intersection_or_cap
S1-600604729	S3-571032681	S3	India	NX Pharmaceuticals Pvt. Ltd.	NX Pharmaceumticdals Pvt. Ltd.	H.No.20 Tulsigardens Yapral, Secunderabad, Hyderabad, Telangana	No 20/7 Tulsigardens Yapral, Secunderabad, Medchal Malkajgiri, TG	all_current_passes	no_key_intersection_or_cap
S1-921642430	S2-875992988	S2	US	Hornsby Trust	The Hornsby Trust	NM, 804 Linam Street, Hobbs	HOBBS, 804 LINBM ST, NM	all_current_passes	no_key_intersection_or_cap
S1-921642430	S2-814125378	S2	US	Hornsby Trust	Homsby Trust	NM, 804 Linam Street, Hobbs	HOBBS, 804 LIANM ST, NM	all_current_passes	no_key_intersection_or_cap
S1-661098344	S2-515979427	S2	India	Aditya Infra Limited	আদিত্য ইনফ্রা লিমিটেড	3Rd Floor, Room No - 6, Jugal Asha Apartment, Charakdanga, Barasat, Kolkata, Kolkata, Howrah, West Bengal	H.NO 3RD FLOR, ROOM NO - 6, JUGAL ASHA APARTMENT, CHARAKDANGA, BARASAT, KOLKATA, HOWRAH, KOLKATA, পশ্চিমবঙ্গ	all_current_passes	no_key_intersection_or_cap
S1-661098344	S3-618252646	S3	India	Aditya Infra Limited	আদিত্য ইনফ্রা লিমিটেড	3Rd Floor, Room No - 6, Jugal Asha Apartment, Charakdanga, Barasat, Kolkata, Kolkata, Howrah, West Bengal	H.no 3Rd Floor, Kolkata, WB	all_current_passes	no_key_intersection_or_cap
S1-404998558	S3-885764812	S3	US	Janessa Duckworth Soren, LLC	Janessa Dtuckhlwroh Soren, LLC	411 Annaberg Lane, Monroe, NC	North Carolina, Monroe, 411 1/2 Annaberg Lane	all_current_passes	no_key_intersection_or_cap
S1-404998558	S3-512682692	S3	US	Janessa Duckworth Soren, LLC	janessaduckworthsoren.com	411 Annaberg Lane, Monroe, NC	411 1/2 Annaberg Ln, Monroe, North Carolina	all_current_passes	no_key_intersection_or_cap
S1-852030997	S3-830838530	S3	US	Highland Project Clinic	Highland Porotjt Clínic	NY, 5487 Stone Road, Lockport	5487 Stone Rd, PO Box 3217, Lockport, New York	all_current_passes	no_key_intersection_or_cap
S1-3892247	S2-169252352	S2	US	Zenavue LLC	Zeneaoue LLC	13 Pavilion Lane, Berkeley Springs, WV	PAVILION LANE, BERKELEY SPRINGS, WV	all_current_passes	no_key_intersection_or_cap
S1-987375275	S2-328532430	S2	India	Hari Investment Private Limited	హరి ఇన్వెస్ట్‌మెంట్ ప్రైవేట్ లిమిటెడ్	Hyderabad, Madhapur, Software Units Layout, Hitec City, Telangana, Plot # 4	MADHAPUR, RANGAREDDY, NO. 852 PLOT # 4, Telangana	all_current_passes	no_key_intersection_or_cap
S1-987375275	S3-275798620	S3	India	Hari Investment Private Limited	హరి ఇన్వెస్ట్‌మెంట్ ప్రైవేట్ లిమిటెడ్	Hyderabad, Madhapur, Software Units Layout, Hitec City, Telangana, Plot # 4	Plot # 4/4, Software Units Layout, Hitec City, Hyderabad, Seri Lingampally, TG	all_current_passes	no_key_intersection_or_cap
S1-987375275	S3-459105416	S3	India	Hari Investment Private Limited	హరి ఇన్వెస్ట్‌మెంట్ ప్రైవేట్ లిమిటెడ్	Hyderabad, Madhapur, Software Units Layout, Hitec City, Telangana, Plot # 4	Plot # 4/4, Madhapur, Hyderabad, TG	all_current_passes	no_key_intersection_or_cap
S1-659175866	S3-387776647	S3	US	Roo Royal Centers LLC	Dovanyla f/k/a Roo Royal Centers LLC	543 Fm 833, Fairfield, TX	TX, Fairfield, 543 Fm 833	all_current_passes	no_key_intersection_or_cap
S1-176194512	S2-126037988	S2	India	Universal Properties Pvt Ltd	ಯುನಿವರ್ಸಲ್ ಪ್ರಾಪರ್ಟೀಸ್ ಪ್ರೈವೇಟ್ ಲಿಮಿಟೆಡ್	6410, Singapura Vinayakanagar, Vidyaranapura P, Bangalore, Bengaluru, Karnataka, C/O Parveen Taj	BANGALORE, BENGALURU, Karnataka, C/O PARVEEN TAJ, 6410, SINGAPURA VINAYAKANAGAR, VIDYARANAPURA P	all_current_passes	no_key_intersection_or_cap
S1-176194512	S2-753330615	S2	India	Universal Properties Pvt Ltd	ಯುನಿವರ್ಸಲ್ ಪ್ರಾಪರ್ಟೀಸ್ ಪ್ರೈವೇಟ್ ಲಿಮಿಟೆಡ್	6410, Singapura Vinayakanagar, Vidyaranapura P, Bangalore, Bengaluru, Karnataka, C/O Parveen Taj	C/O PARVEEN TAJ, BENGALURU, BANGALORE, Karnataka	all_current_passes	no_key_intersection_or_cap
S1-176194512	S3-540862469	S3	India	Universal Properties Pvt Ltd	ಯುನಿವರ್ಸಲ್ ಪ್ರಾಪರ್ಟೀಸ್ ಪ್ರೈವೇಟ್ ಲಿಮಿಟೆಡ್	6410, Singapura Vinayakanagar, Vidyaranapura P, Bangalore, Bengaluru, Karnataka, C/O Parveen Taj	null, Bangalore, C/o Parveen Taj, Bengaluru, KA	all_current_passes	no_key_intersection_or_cap
S1-245985596	S2-912804964	S2	US	Riley Engineering PLLC	RILEYENGINEERING.COM	Unit E-E15, Dove Valley, CO, 14200 Otero Avenue	14200 OTERO AVE, CO, DOVE VALLEY	all_current_passes	no_key_intersection_or_cap
S1-703735371	S2-519149050	S2	India	Saket Prashad Delhi	Shri Saket Prashad (Delhi)	Plot No 558, K.H. No. 143/558, Ground Floor, Extended Lal Dora, Kanjhwala, Delhi, North West, Delhi	NO 558. , K.H. NO. 143/558, GROUND FLOOR, EXTENDED LAL DORA, KANJHWALA, DELHI, दिल्ली	all_current_passes	no_key_intersection_or_cap
S1-703735371	S3-12136301	S3	India	Saket Prashad Delhi	Saket Pasda Delhi	Plot No 558, K.H. No. 143/558, Ground Floor, Extended Lal Dora, Kanjhwala, Delhi, North West, Delhi	No 0558, Delhi, N/A, DL	all_current_passes	no_key_intersection_or_cap
S1-131190690	S3-988033921	S3	US	Express Asset Advisors	Veravionovi	320 Righters Mill Road, Lower Merion Township, PA	320-324 Righters Mill Road, Lower Merion Township, Pennsylvania	all_current_passes	no_key_intersection_or_cap
S1-756955445	S3-397915695	S3	US	Sosa's Healthcare PC	Center Sosa's PC	11407 21st Street, Fl 0, Wichita, KS	011407 21st Street, Floor 0, Wichita, Kansas	all_current_passes	no_key_intersection_or_cap
S1-278943754	S2-176034363	S2	US	Pediatric Dentistry Specialists of Fyffe	Pediatric Dentistry  Specialists	34837 75, Fyffe, AL	34837 75, FYFFE, AL	all_current_passes	no_key_intersection_or_cap
S1-278943754	S3-23940923	S3	US	Pediatric Dentistry Specialists of Fyffe	Pediatric Deantisyr Specialists of Fyffe	34837 75, Fyffe, AL	3483 75, FYFE, Alabama	all_current_passes	no_key_intersection_or_cap
S1-388446115	S3-949603456	S3	India	Sultanpur Sweets Private Limited	Sultanpursweets.Com	Sultanpur, C/O Mrs. Shobha Wati W/O Mr. Deonath Singh, Sultanpur, Uttar Pradesh, Haliyapur	C/o Mrs. Shobha Wati W/o Mr. Deonath Singh, Amethi - Csm Nagar, UP	all_current_passes	no_key_intersection_or_cap
S1-716451136	S3-601709706	S3	US	Lucky Bakery	Lucky Berarkry	NY, Ramapo, 1 Gisele Court		all_current_passes	no_key_intersection_or_cap
S1-264679680	S3-854421430	S3	India	Gondia Tree Private Limited	G0ndia Tree Private Ltd	4/11 Manoharbhai, Ward Gondia, Gondia, Maharashtra	004/11 Manoharbhai, Gondia, महाराष्ट्र	all_current_passes	no_key_intersection_or_cap
S1-638016430	S3-229554313	S3	US	Vision Group	Vision	OH, Killbuck, 186 Grover Street	Ohio, 186D Grover St, Killbuck	all_current_passes	no_key_intersection_or_cap
S1-638016430	S3-288696915	S3	US	Vision Group	#visi0n	OH, Killbuck, 186 Grover Street	186D Grover Street, Ohio, Killbuck	all_current_passes	no_key_intersection_or_cap
S1-638016430	S3-555575622	S3	US	Vision Group	VISION VISION GROUP Enterprises	OH, Killbuck, 186 Grover Street		all_current_passes	no_key_intersection_or_cap
S1-672951415	S3-753197196	S3	India	Hyderabad Research Limited	Hyderabad Rdmoarhhc Limited	Flat No.202, No.8/2/456, Road No.4, Banjara Hills, Hyderabad, Telangana		all_current_passes	no_key_intersection_or_cap
S1-672951415	S3-349392161	S3	India	Hyderabad Research Limited	hyderabadresearch.com	Flat No.202, No.8/2/456, Road No.4, Banjara Hills, Hyderabad, Telangana	H.no 202, No.8/2/456, Road No.4, Banjara Hills, Hyderabad, TG	all_current_passes	no_key_intersection_or_cap
S1-177241641	S2-701819480	S2	US	Highland Gas Inc	highlandgas.com	3151 Mcguffey Road, Columbus, OH	151 MCGUFFEY ROAD, COLUMBUS, OH	all_current_passes	no_key_intersection_or_cap
S1-177241641	S2-149766288	S2	US	Highland Gas Inc	INC HIHGALND GAS	3151 Mcguffey Road, Columbus, OH	151 MCGUFFEY RD, COLUMBUS, OH	all_current_passes	no_key_intersection_or_cap
S1-149092361	S3-584248867	S3	US	Vaon	Vashn	5610 Plum Point Court, Sugar Land, TX	5610d Plum Point Court, Sugar Lannd, Texas	all_current_passes	no_key_intersection_or_cap
S1-149092361	S3-49879895	S3	US	Vaon	Vaon.Com	5610 Plum Point Court, Sugar Land, TX	5610d Plum Point Court, Sugar Lannd, Texas	all_current_passes	no_key_intersection_or_cap
S1-149092361	S3-210358031	S3	US	Vaon	Syngild Labs t/a Vaon	5610 Plum Point Court, Sugar Land, TX	TX, 5610 Plum Point Court, Sugar Land	all_current_passes	no_key_intersection_or_cap
S1-545210421	S3-704566174	S3	India	Raj Industries LLP	Dr Raj Industries L.L.P.	Near Park, Delhi, New Delhi, H.No.60 Ground Floor Shreshtha Vihar, New Delhi	H.no.##60 Ground Floor Shreshtha Vihar, New Delhi, DL, New Delhi, Near Park	all_current_passes	no_key_intersection_or_cap
S1-125935238	S2-494484844	S2	India	United Baba Systems Private Limited	ਯੂਨਾਈਟਿਡ ਬਾਬਾ ਸਿਸਟਮਜ਼ ਪ੍ਰਾਈਵੇਟ ਲਿਮਟਿਡ	Plot No-183, Phase-9 Industrial Area Focal Point, Mohali, Punjab	DOOR NO 429 PLOT NO-183, PHASE-9 INDUSTRIAL AREA FOCAL POINT, MOHALI, ਪੰਜਾਬ	all_current_passes	no_key_intersection_or_cap
S1-125935238	S2-372633350	S2	India	United Baba Systems Private Limited	ਯੂਨਾਈਟਿਡ ਬਾਬਾ ਸਿਸਟਮਜ਼ ਪ੍ਰਾਈਵੇਟ ਲਿਮਟਿਡ	Plot No-183, Phase-9 Industrial Area Focal Point, Mohali, Punjab	H.NO 429 PLOT NO-183, PHASE-9 INDUSTRIAL AREA FOCAL POINT, MOHALI, ਪੰਜਾਬ	all_current_passes	no_key_intersection_or_cap
S1-681160793	S2-891856879	S2	India	Divine Educational Society	Mr Novizeph	Plot No 01, Sect-06 Rajani, Khand, Sharda Nagar, Lucknow, Uttar Pradesh	#31, SECT-06 RAJANI, KHAND, SHARDA NAGAR, LUCKNOW, उत्तर प्रदेश	all_current_passes	no_key_intersection_or_cap
S1-364861670	S3-700153581	S3	US	Young, Brown and Montalvo Ltd	Young, Bcw And Montalvo Ltd	38 Bellevue Road, Stoneham, MA	1 Bellevue Rd, Stoneham, Massachusetts	all_current_passes	no_key_intersection_or_cap
S1-661690541	S3-139680162	S3	US	G & A Special, LLC	G & A Speral, LLC	1531 Mckinley Avenue, Rensselaer, IN	Mckinley Avenue, Rensselaer, Indiana	all_current_passes	no_key_intersection_or_cap
S1-407704425	S2-681006858	S2	US	Roth Polestar	R0th Polestar Co	MN, 418 Lake Street, Chisholm	418 LAKE ST, CHIHOLM, MN	all_current_passes	no_key_intersection_or_cap
S1-283013172	S2-1975467	S2	India	Kushagra Systems Pvt Ltd	Shri Kushagra Pvt Ltd Partners	House No - 279, Housing Board Colony, Ext Sector 07, Gurgaon, Haryana	HOUSE NO - 279 , HOUSING BOARD COLONY, EXT SECTOR 07, GURGAON, Haryana	all_current_passes	no_key_intersection_or_cap
S1-283013172	S3-485104561	S3	India	Kushagra Systems Pvt Ltd	Sri Kushagra Systems Pvt Limited	House No - 279, Housing Board Colony, Ext Sector 07, Gurgaon, Haryana	House No - 279, Gurgaon, HR	all_current_passes	no_key_intersection_or_cap
S1-283013172	S3-204998929	S3	India	Kushagra Systems Pvt Ltd	Kushagra	House No - 279, Housing Board Colony, Ext Sector 07, Gurgaon, Haryana	House No - 279, Housing Board Colony, Ext Sector 07, Gurgaon, Haryana	all_current_passes	no_key_intersection_or_cap
S1-62178354	S2-956848973	S2	US	Licata Pediatrics Inc	PLICATA.COM	8620 Haviland Avenue, Lakewood, WA	8620-8622 HAVILAND AVENUE, LAKEWOOD, WA	all_current_passes	no_key_intersection_or_cap
S1-62178354	S3-737837764	S3	US	Licata Pediatrics Inc	pediatricslicata.com	8620 Haviland Avenue, Lakewood, WA	Washington, 8620 Havland Avenue, Lakewood	all_current_passes	no_key_intersection_or_cap
S1-997650748	S2-679944918	S2	US	Biix	The Biix	24160 Perdido Beach Boulevard, Unit Unit 2052, Orange Beach, AL	AL, 24160 PERDIDO BEACH BOULEVARD, ORANGE BEACH	all_current_passes	no_key_intersection_or_cap
S1-315682359	S2-260280311	S2	US	Sweet Pilates	Sweet Pieitas	15 South Drive, Muncie, IN	SOUTH DRIVE, IN, MUNCIE	all_current_passes	no_key_intersection_or_cap
S1-738071841	S3-656325628	S3	India	Origin Trading	0rigin  Trading	401, Block D, Alaknanda Cghs, Plot No. 15, Sector 56, Gurgaon, Haryana	401, Gurgaon, हरियाणा, Block D, Alaknanda Cghs, Plot No. 15, Sector 56, Gurgaon	all_current_passes	no_key_intersection_or_cap
S1-539655547	S2-109390476	S2	India	Fortune Hospitality Private Limited	फॉर्च्यून हॉस्पिटैलिटी प्राइवेट लिमिटेड	Office No 115, Plot No 14B, Grohitam Bldg, Sector 19, Vashi, Thane, Maharashtra	#354/8 OFFICE NO 115, PLOT NO 14B, GROHITAM BLDG, SECTOR 19, VASHI, THANE, Maharashtra	all_current_passes	no_key_intersection_or_cap
S1-539655547	S3-839254878	S3	India	Fortune Hospitality Private Limited	Private Fortune Hospitality Limited	Office No 115, Plot No 14B, Grohitam Bldg, Sector 19, Vashi, Thane, Maharashtra	Block G-##901 Office No 115, Plot No 14B, Grohitam Bldg, Sector 19, Vashi, Thane, MH	all_current_passes	no_key_intersection_or_cap
S1-952244178	S2-914560498	S2	India	Real Technology Private Limited	रियल टेक्नोलॉजी प्राइवेट लिमिटेड	Opp Radhaswami Satsang Hall, Follower Lane Chowk, Kalyan Ambernath Ro, Ad, Maharashtra, C/O Royal Marbles, Ulhasnagar, Thane	THANE, OPP RADHASWAMI SATSANG HALL, FOLLOWER LANE CHOWK, KALYAN AMBERNATH RO, AD, C/O ROYAL MARBLES, ULHASNAGAR, Maharashtra	all_current_passes	no_key_intersection_or_cap
S1-952244178	S3-630331250	S3	India	Real Technology Private Limited	Real	Opp Radhaswami Satsang Hall, Follower Lane Chowk, Kalyan Ambernath Ro, Ad, Maharashtra, C/O Royal Marbles, Ulhasnagar, Thane	C/O Royal Marbles, Opp Radhaswami Satsang Hall, Follower Lane Chowk, Kalyan Ambernath Ro, Ad, Ulhasnagar, Thane, Maharashtra	all_current_passes	no_key_intersection_or_cap
S1-28453582	S2-72442936	S2	India	Laxmi Foundation Pvt Ltd	லக்ஷ்மி ஃபவுண்டேஷன் பிரைவேட் லிமிடெட்	No 45 F Karukinil, Amarthaval Koil Street, Kancheepuram, Kanchipuram, Tamil Nadu	DOOR NO #45 F KARUKINIL, AMARTHAVAL KOIL STREET, KANCHEEPURAM, KANCHIPURAM, Tamil Nadu	all_current_passes	no_key_intersection_or_cap
S1-28453582	S2-273367337	S2	India	Laxmi Foundation Pvt Ltd	லக்ஷ்மி ஃபவுண்டேஷன் பிரைவேட் லிமிடெட்	No 45 F Karukinil, Amarthaval Koil Street, Kancheepuram, Kanchipuram, Tamil Nadu	#45 F KARUKINIL, AMARTHAVAL KOIL STREET, KANCHIPURAM, KANCHEEPURAM, தமிழ்நாடு	all_current_passes	no_key_intersection_or_cap
S1-28453582	S3-638530782	S3	India	Laxmi Foundation Pvt Ltd	PVT LAXMI FOUNDATION LTD	No 45 F Karukinil, Amarthaval Koil Street, Kancheepuram, Kanchipuram, Tamil Nadu	Door No 45 F Karukinil, Kancheepuram, Kanchipuram, TN	all_current_passes	no_key_intersection_or_cap
S1-868945111	S2-576523285	S2	India	Buddha Services Private Limited	Sri Buddha Services Private	Uttar Pradesh, 1/785, Sector J, Janakipuram, Lucknow	1/785, SECFOR J, JANAKIPURAM, LUCKNOW, Uttar Pradesh	all_current_passes	no_key_intersection_or_cap
S1-868945111	S2-429309696	S2	India	Buddha Services Private Limited	Buddha Services Private	Uttar Pradesh, 1/785, Sector J, Janakipuram, Lucknow	1/785, SECTOR J, JANAKIPURAM, LUCKNOW, Uttar Pradesh	all_current_passes	no_key_intersection_or_cap
S1-868945111	S3-803740106	S3	India	Buddha Services Private Limited	Buddha Service Private Limited	Uttar Pradesh, 1/785, Sector J, Janakipuram, Lucknow	1/785, Lucknow, उत्तर प्रदेश	all_current_passes	no_key_intersection_or_cap
S1-868945111	S3-765863355	S3	India	Buddha Services Private Limited	Buddha Services Limited Center	Uttar Pradesh, 1/785, Sector J, Janakipuram, Lucknow		all_current_passes	no_key_intersection_or_cap
S1-507732665	S2-71746113	S2	India	Commodities Homes Private Limited	COMMODlTIES HOMES PRIVATE LIMITED	Plot No. 9 Vikalp Khand, Gomti Nagar, Lucknow, Uttar Pradesh, Lucknow	PLOT NO. 9  VIKALP KHAND, GOMTI NAGAR, LUCKNOW, Uttar Pradesh	all_current_passes	no_key_intersection_or_cap
S1-507732665	S3-858617832	S3	India	Commodities Homes Private Limited	Private Commodities Homes Limited	Plot No. 9 Vikalp Khand, Gomti Nagar, Lucknow, Uttar Pradesh, Lucknow	H.no 1-9 Vikalp Khand, Lucknow Hq Region, Lucknow, UP	all_current_passes	no_key_intersection_or_cap
S1-507732665	S3-178624588	S3	India	Commodities Homes Private Limited	Commodities	Plot No. 9 Vikalp Khand, Gomti Nagar, Lucknow, Uttar Pradesh, Lucknow	Gomti Nagar, Lucknow, Uttar Pradesh, Plot No. 9 Vikalp Khand, Lucknow	all_current_passes	no_key_intersection_or_cap
S1-194550645	S2-839447794	S2	India	Chemtex Ventures LLP	Smt Chemtex Venturaes LLP	Ward 11, Sadar, Lakshmipur, Gorakhpur, Uttar Pradesh	WARD A-11, LAKSHMIPUR, SADAR, Uttar Pradesh	all_current_passes	no_key_intersection_or_cap
S1-343690942	S2-318066962	S2	US	Dena Hendley Wisekey Company	HEDEY, DENA WISEKEY COMPANY	122 14th Street, Elmira Heights, NY	14TH STREET, ELMIRA HEIGHTS, NY	all_current_passes	no_key_intersection_or_cap
S1-343690942	S3-593190209	S3	US	Dena Hendley Wisekey Company	Dena  Hefndly Wisekey Company	122 14th Street, Elmira Heights, NY	Elmira, 00122 14th Street, New York	all_current_passes	no_key_intersection_or_cap
S1-915642112	S2-402715888	S2	India	Infra Aerial Chit Private Limited	Infra Atail Chit  Private Limited	173/175, Sultan Manzil, 2Nd Floor, Office No. 8, Bora Bazar Street, Fort, Mumbai, Mumbai City, Maharashtra		all_current_passes	no_key_intersection_or_cap
S1-109932442	S2-792984398	S2	India	Hari Constructions Pvt Ltd	हरि कंस्ट्रक्शंस प्रा. लि.	Block-G Gali No-11 Shop No-1 Ratia Marg, New Delhi, South Delhi, Delhi	H.NO 637 BLOCK-G GALI NO-11 SHOP NO-1 RATIA MARG, NEW DELHI, SOUTH DELHI, दिल्ली	all_current_passes	no_key_intersection_or_cap
S1-782585260	S3-301222761	S3	US	Elliott Fitness LLC	LLC Elliott Fitncss	28613 8th Place, Federal Way, WA	8th Pl, Federal Way, Washington	all_current_passes	no_key_intersection_or_cap
S1-742696221	S3-609776940	S3	US	Havens Diamond Duration LLC	Havens Diam0nd Druatifo-LLC	10525 Constitution Avenue, Albuquerque, NM	010525 Constitution Ave, Abuquerque, New Mexico	all_current_passes	no_key_intersection_or_cap
S1-742696221	S3-232874027	S3	US	Havens Diamond Duration LLC	Lyraavi	10525 Constitution Avenue, Albuquerque, NM	010525 Constitution Ave, Abuquerque, New Mexico	all_current_passes	no_key_intersection_or_cap
S1-742696221	S3-417138619	S3	US	Havens Diamond Duration LLC	havensdiamondduration.com	10525 Constitution Avenue, Albuquerque, NM	Abuquerque, Constitution Ave, New Mexico	all_current_passes	no_key_intersection_or_cap
S1-696908232	S3-811836089	S3	India	Sree Technologies Pvt Ltd	Shri sree technologies pvt ltd	Regus Business Centre, 1St Flr, Shiv Sagar Estate, Dr. Annie Besant Road, Worli, Mumbai, Mumbai City, Maharashtra		all_current_passes	no_key_intersection_or_cap
S1-650390016	S2-422716036	S2	US	Better Software Services Inc	Better-Softrswabre Services Inc	32 Albion Street, Unit 2, Medford, MA	032 ALBION ST, MEDFORD, MA	all_current_passes	no_key_intersection_or_cap
S1-727686013	S2-244152687	S2	India	Vision Tech Private Limited	विजन टेक प्राइवेट लिमिटेड	Plot No. 12C, North West, Delhi, Mezzanine Floor, Block C2, Pragati Market, Ashok Vihar, P, Hase Ii, Delhi	DOOR NO 12C, MEZZANINE FLOOR, BLOCK C2, PRAGATI MARKET, ASHOK VIHAR, P, HASE II, DELHI, NORTH WEST, Delhi	all_current_passes	no_key_intersection_or_cap
S1-727686013	S2-389881714	S2	India	Vision Tech Private Limited	M/s visi0ntech.com	Plot No. 12C, North West, Delhi, Mezzanine Floor, Block C2, Pragati Market, Ashok Vihar, P, Hase Ii, Delhi	PLOT NO. 12C  , MEZZANINE FLOOR, BLOCK C2, PRAGATI MARKET, ASHOK VIHAR, P, HASE II, DELHI, दिल्ली	all_current_passes	no_key_intersection_or_cap
S1-727686013	S3-343979962	S3	India	Vision Tech Private Limited	Mr Vision Private Limited Partners	Plot No. 12C, North West, Delhi, Mezzanine Floor, Block C2, Pragati Market, Ashok Vihar, P, Hase Ii, Delhi	Plot No. 12C, Delhi, North West, दिल्ली	all_current_passes	no_key_intersection_or_cap
S1-727686013	S3-391121684	S3	India	Vision Tech Private Limited	विजन टेक प्राइवेट लिमिटेड	Plot No. 12C, North West, Delhi, Mezzanine Floor, Block C2, Pragati Market, Ashok Vihar, P, Hase Ii, Delhi	Plot No. 12C, Mezzanine Floor, Block C2, Pragati Market, Ashok Vihar, P, Hase Ii, Delhi, North West, DL	all_current_passes	no_key_intersection_or_cap
S1-674046857	S2-344455692	S2	US	Brem Diamond Leapfrog LLC	Onyxsynbrix	2740 34th Street, Washington, DC	DC, WASHINGTON, 2740 34TH STREET	all_current_passes	no_key_intersection_or_cap
S1-86766910	S3-638759317	S3	US	Verrelle Averin	Verre1le Averin	2426 Bathwick Lane, Forney, TX	Bathwick Ln, Forey, Texas	all_current_passes	no_key_intersection_or_cap
S1-13355188	S3-943452243	S3	US	X K Kenner Regency Inc	X K Kenner-Regentcy Inc	225 Lederach Road, Upper Salford Township, PA	22 Lederach Rd, Schwenksville, Pennsylvania	all_current_passes	no_key_intersection_or_cap
S1-59474645	S3-180857360	S3	US	Harbor Hamilton	Harbor Partners	2316 Finch Court, Albemarle County, VA	Charlottesville, 02316 Finch Court, Virginia	all_current_passes	no_key_intersection_or_cap
S1-174171861	S3-494163345	S3	US	123 Cohen P.C.	123 P.C. Center	UT, 6001 Carnelian Parkway, St George City		all_current_passes	no_key_intersection_or_cap
S1-33745503	S2-220028154	S2	US	Neuenschwander Apex Four Partners	The Neuenschwander Apex Four Partners	4318 Ranier Avenue, Massillon, OH	4318-4322 RANIER AVENUE, MASSILLON, OH	all_current_passes	no_key_intersection_or_cap
S1-165937999	S3-766423819	S3	US	Llanes Value Ventures LLC	Llanes Ventures LLC Partners	850 1st Avenue, North Hempstead, NY	850. First Avenue, North Hempstead, New York	all_current_passes	no_key_intersection_or_cap
S1-102500336	S3-86548047	S3	India	Aahana Realty Limited	aahanarealty.c0m	Ih-10, Hemavathi Nagar Alape, Mangalore, Dak. Kannada, Karnataka	Ih-010, Hemavathi Nagar Alape, Mangalore, Dak. Kannada, KA	all_current_passes	no_key_intersection_or_cap
S1-919094063	S2-396879800	S2	India	Jay Food Private Limited	जय फूड प्राइवेट लिमिटेड	Nirthan, Kharkhoda, Kharkhoda, Haryana, C/O Rajpal, Sonipat	C/O RAJPAL, NIRTHAN, KHARKHODA, SONIPAT, हरियाणा	all_current_passes	no_key_intersection_or_cap
S1-919094063	S3-774430010	S3	India	Jay Food Private Limited	जय फूड प्राइवेट लिमिटेड	Nirthan, Kharkhoda, Kharkhoda, Haryana, C/O Rajpal, Sonipat	C/o Rajpal, Sonipat, HR	all_current_passes	no_key_intersection_or_cap
S1-841376780	S2-902955597	S2	India	Anand Investments Private Limited	આણંદ ઇન્વેસ્ટમેન્ટ્સ પ્રાઇવેટ લિમિટેડ	Flat A/2, 1004, Samarth Enclave Vip Road, Surat, Gujarat	FLTA A/2, 1004, SAMARTH ENCLAVE VIP ROAD, PATIALA, SURAT, Gujarat	all_current_passes	no_key_intersection_or_cap
S1-129783257	S3-683078820	S3	US	KB Arcelormittal LLC	KB LLC Services	202 Bluebird Court, TX, Van	Bluebird Ct, Van, Texas	all_current_passes	no_key_intersection_or_cap
S1-198786916	S2-228950353	S2	India	Services Taksh Infra Private Limited	servicestakshinfra.com	35/219 Vikram Vihar Lgfbehind Vikram Hotal Lajpat, New Delhi, South Delhi, Delhi	G-35/219 VIKRAM VIHAR LGFBEHIND VIKRAM HOTAL LAJPAT, NEW DELHI, Delhi	all_current_passes	no_key_intersection_or_cap
S1-973613897	S2-18824946	S2	India	Battle Consultants Private Limited	Battle Private Limited Center	Flat No.2, Tulasi Sadan, No.26, 18Th Main 16Th Cross, Jp Nagar 5Th Phase, Bangalore, Karnataka	#2 , TULASI SADAN, NO.26, 18TH MAIN 16TH CROSS, JP NAGAR 5TH PHASE, Karnataka	all_current_passes	no_key_intersection_or_cap
S1-973613897	S3-376512712	S3	India	Battle Consultants Private Limited	Battle Coniuttcis Private Limited	Flat No.2, Tulasi Sadan, No.26, 18Th Main 16Th Cross, Jp Nagar 5Th Phase, Bangalore, Karnataka	Jp Nagar 5Th Phase, Door No 2, ಕರ್ನಾಟಕ, Tulasi Sadan, No.26, 18Th Main 16Th Cross, Bangalore	all_current_passes	no_key_intersection_or_cap
S1-973613897	S3-430225486	S3	India	Battle Consultants Private Limited	Battle Private Limited Center	Flat No.2, Tulasi Sadan, No.26, 18Th Main 16Th Cross, Jp Nagar 5Th Phase, Bangalore, Karnataka	Jp Nagar 5Th Phase, KA, Bangalore, 2, Tulasi Sadan, No.26, 18Th Main 16Th Cross	all_current_passes	no_key_intersection_or_cap
S1-482767162	S2-953458366	S2	US	Internal Medicine Specialists Inc.	Internal Medrmaile Specialists Inc.	663 Grouse Flat Road, Anatone, WA	GROUSE FLAT RD, ANATONE, WA	all_current_passes	no_key_intersection_or_cap
S1-482767162	S2-868551337	S2	US	Internal Medicine Specialists Inc.	Internal Specialists Inc. [Service]	663 Grouse Flat Road, Anatone, WA	663B GROUSE FLAT RD, PO BOX 4935, ANATONE, WA	all_current_passes	no_key_intersection_or_cap
S1-525076766	S2-416349575	S2	India	HQN Plantations Pvt Ltd	HQN PLANTATION5 LTD PVT	C-134A, Dashrath Puri Dabri Palam Road, New Delhi, South West Delhi, Delhi	PLOT 1-77 C-134A, DASHRATH PURI DABRI PALAM ROAD, NEW DELHI, Delhi	all_current_passes	no_key_intersection_or_cap
S1-476229978	S2-777355389	S2	US	Delta Premier Maritime	DELTA PEMIR MARITIME	310 Jefferson Avenue, Mason City, IA	309 JEFFERSON AVENUE, MASON CITY, IA	all_current_passes	no_key_intersection_or_cap
S1-476229978	S2-769476897	S2	US	Delta Premier Maritime	PREMIER DELTA MARHITIEM	310 Jefferson Avenue, Mason City, IA	309 JEFFERSON AVE, MASON TOWNSHIP, IA	all_current_passes	no_key_intersection_or_cap
S1-321648485	S3-772750581	S3	US	Herman Total Software LLC	Hermantotal.Com	1151 Birdwell Drive, Gallatin, TN	Gallatin, 1151a Birdwell Drive, Tennessee	all_current_passes	no_key_intersection_or_cap
S1-595584379	S2-90794520	S2	US	Pediatric Continental Associates LLC	Pediatric Associates LLC Center	1208 Stafford Road, Darlington, MD		all_current_passes	no_key_intersection_or_cap
S1-220467518	S2-634226364	S2	India	Delhi Financial Private Limited	PRIVATE DELHI FINANCIAL LTD	A-104 Panchal Complexchandar Vihar I. P. Exten, Delhi, East Delhi, Delhi	NO 88 A-104 PANCHAL COMPLEXCHANDAR VIHAR I. P. EXTEN, NULL, EAST DELHI, DELHI	all_current_passes	no_key_intersection_or_cap
S1-331782121	S2-162959227	S2	India	All Ventures Private Limited	অল ভেঞ্চারস প্রাইভেট লিমিটেড	6A, Kiran Shankar Roy Road, 3Rd Floor, Kolkata, Kolkata, Howrah, West Bengal	A-6A, KIRAN SHANKAR ROY ROAD, 3RD FLOOR, KOLKATA, KOLKATA, পশ্চিমবঙ্গ	all_current_passes	no_key_intersection_or_cap
S1-331782121	S3-477032572	S3	India	All Ventures Private Limited	অল ভেঞ্চারস প্রাইভেট লিমিটেড	6A, Kiran Shankar Roy Road, 3Rd Floor, Kolkata, Kolkata, Howrah, West Bengal	Kolkata, Kiran Shankar Roy Road, 3Rd Floor, Kolkata, 6A, Howrah, WB	all_current_passes	no_key_intersection_or_cap
S1-867636377	S2-739033454	S2	India	Innovative Global Limited	Shri Innovative Global Global Ltd	No.1 Patterivila Veedu, Paruthumpara Maranadu Po, Kottarakara, Kollam, Kerala	Keralam, #1 PATTEFIVILA VEEDU, PARUTHUMPARA MARANADU PO, KOTTARAKARA	all_current_passes	no_key_intersection_or_cap
S1-489879219	S3-695864518	S3	US	Tri-State Center Inc	The Tri-State Center Inc	107 Idlewild Road, Advance, NC	00107 Idlewild Road, Advance, North Carolina	all_current_passes	no_key_intersection_or_cap
S1-396880873	S2-589481940	S2	India	Bargain Air Private Limited	Bargain Private Limited Service	H.No. 146/4, Bishan Swroop Colony, Panipat, Haryana	H.NO. 146/4, BISHAN SWROOP COLONY, PANIPAT, Haryana	all_current_passes	no_key_intersection_or_cap
S1-396880873	S3-956492835	S3	India	Bargain Air Private Limited	Dovavioriza a/k/a Bargain Air Private Limited	H.No. 146/4, Bishan Swroop Colony, Panipat, Haryana	H.No. 146/4, Bishan Swroop Colony, Panipat, Haryana	all_current_passes	no_key_intersection_or_cap
S1-434099993	S3-880074882	S3	India	Finpro Creations Company	Finpro Crefations Company	Bangalore, Karnataka, Bangalore, 163/5, Bhoomika Apartments G-002, 1St Floor, Seshadripuram	Plot 00749 163/5, Bangalore, <NULL>, KA	all_current_passes	no_key_intersection_or_cap
S1-855854352	S2-144852028	S2	India	YSN Products Private Limited	Miracira	Plot No-1745/4095, Kanan Vihar, Patia, Bhubaneswar, Khordha, Orissa	HN 251 PLOT NO-1745/4095, BHUBANESWAR, KHORDHA, ଓଡ଼ିଶା	all_current_passes	no_key_intersection_or_cap
S1-855854352	S3-677980514	S3	India	YSN Products Private Limited	YSN Private Limited  Service	Plot No-1745/4095, Kanan Vihar, Patia, Bhubaneswar, Khordha, Orissa	Plot No-01745/4095, Kanan Vihar, Patia, Bhubaneswar, OD	all_current_passes	no_key_intersection_or_cap
S1-812323348	S3-439462603	S3	US	3458 Lexington Way Partners LLC	3458lexingtonway.com	Cameron, 49 Gloucester Court, NC	49 Gloucester Ct, Camreon, North Carolina	all_current_passes	no_key_intersection_or_cap
S1-630488273	S2-429732333	S2	US	Physical Therapy Partners LLC	@physicaltherapy	15453 224th Avenue, Town Of Cleveland, WI	15453 224RD AVENUE, BLOOMER, WI	all_current_passes	no_key_intersection_or_cap
S1-630488273	S3-732719184	S3	US	Physical Therapy Partners LLC	Physical Terayp Partners Partners LLC	15453 224th Avenue, Town Of Cleveland, WI	15453 224th Avenue, Bloomer, Wisconsin	all_current_passes	no_key_intersection_or_cap
S1-931070977	S2-185075524	S2	US	Animal Welfare Committee	Anima1 Wélfare	Garner, 232 Gulley Glen Drive, NC		all_current_passes	no_key_intersection_or_cap
S1-994437498	S3-498056371	S3	US	Midwest Better Fargo Inc	Midwest  Fargo Inc Service	491 Dutton Street, Unit 507, Lowell, MA	Dutton Street, Unit 507, Lowel CITY, Massachusetts	all_current_passes	no_key_intersection_or_cap
S1-320676568	S2-43587955	S2	US	Primary Care Platinum Clinic LLC	Primary Care Platinum Cdlic LLC	4033 Abbott Avenue, Minneapolis, MN	4033 ABBOTT AVE, MINNEAPOLIS, MN	all_current_passes	no_key_intersection_or_cap
S1-827122880	S3-233305147	S3	US	Office of Environmental Protection	Office óf Trading	268 Military Ridge Drive, City Of Verona, WI		all_current_passes	no_key_intersection_or_cap
S1-204552244	S2-202813015	S2	US	Pediatric Dentistry Associates LLC	Pediatric Dnrntlsrty Associates LLC	Millcreek, 3510 Westwood Drive, UT	UT, MILLCREEK, 003510 Westwood Drive	all_current_passes	no_key_intersection_or_cap
S1-298888351	S2-671785527	S2	US	Lumyn Oriental	lumynoriental.com	211 School Street, VA, Purcellville Town	21 SCHOOL ST, PURCELLVILLE TOWN, VA	all_current_passes	no_key_intersection_or_cap
S1-619804628	S2-530209279	S2	US	Physical Therapy Heritage Group	Physical  Heritage Group Center	6095 Echo Crossing Road, Tucson, AZ	6095 ECHO CROSSING RD, TUCSOON, AZ	all_current_passes	no_key_intersection_or_cap
S1-105764764	S3-984259538	S3	US	Womens Health American Medicine Inc	Womens-American Medicine Inc Center	26722 Red Sunset Mapl Lane, Katy, TX	Red Sunset Mapl Ln, Katy, Texas	all_current_passes	no_key_intersection_or_cap
S1-105764764	S3-859771044	S3	US	Womens Health American Medicine Inc	Womenshealthamerican.Com	26722 Red Sunset Mapl Lane, Katy, TX	26722 Red Sunset Mapl Lane, Katy, Texas	all_current_passes	no_key_intersection_or_cap
S1-521027263	S2-373305722	S2	India	Gananayak & Brothers Private Limited	Limited Gananayak & Private Center	H No.8-2-682, Laxmi Cyber Centre Road No.12, Banjara Hills, Hyderabad, Telangana	DOOR NO 8-2-682, HYDERABAD, Telangana	all_current_passes	no_key_intersection_or_cap
S1-632569241	S3-118192964	S3	India	Aquatic Maritime Private Limited	aquaticmaritime.com	Moti Manzil Samanpura Rara Bazar, Post. B.V.College, Patna, Bihar	No 450 Moti Manzil Samanpura Rara Bazar, Post. B.v.college, Patna, BR	all_current_passes	no_key_intersection_or_cap
S1-869086057	S2-63952229	S2	India	Modern Foods Private Limited	मॉडर्न फूड्स प्राइवेट लिमिटेड	1904, Floor 19Th, Plot-2/85, B.Wing, Samar Heights, Mumbai, Maharashtra	NO. 91 1904, FLOOR 19TH, PLOT-2/85, B.WING, SAMAR HEIGHTS, MUMBAI, महाराष्ट्र	all_current_passes	no_key_intersection_or_cap
S1-264081337	S3-933367133	S3	India	Arogya Health Private Limited	arogyahealth.com	P N 3 Rampura Veshwar Roaddhabai Ji Ki Badi Post Sisarma, Rajasthan, Udaipur	RJ, Udaipur, P N 3 Rampura Veshwar Roaddhabai Ji Ki Baid Post Sisarma	all_current_passes	no_key_intersection_or_cap
S1-107975488	S2-35385665	S2	India	Redox (India) Ventures Private Limited	Private Redox (lndia) Ventures Limited	19, Shiva Colony, Opp. Dharsen Smarak Haribahu Upashayay Nagar Extention, Push, Kar Road, Ajmer, Rajasthan	NO G-62 19, AJMER, Rajasthan	all_current_passes	no_key_intersection_or_cap
S1-107975488	S3-976838152	S3	India	Redox (India) Ventures Private Limited	Red0x (India) Ventures Ventures Private Limited	19, Shiva Colony, Opp. Dharsen Smarak Haribahu Upashayay Nagar Extention, Push, Kar Road, Ajmer, Rajasthan		all_current_passes	no_key_intersection_or_cap
S1-31959681	S3-981871469	S3	US	Trusted United Mercury LLC	trustedunitedmercury.com	AR, 165 Parkview Drive, Trumann	##165 Parkview Drive, Trumann, Arkansas	all_current_passes	no_key_intersection_or_cap
S1-273093097	S2-382715444	S2	US	Secure Printing Ventures	XYLOWEX	201 Wessington Place, Hendersonville, TN	201-205 WESSINGTON PL, HENDERSONVILLE, TN	all_current_passes	no_key_intersection_or_cap
S1-350094757	S2-196038492	S2	US	Cornerstone Infrastructure Concepts Corp	The Cornerstone Infrastructure Concepts Corp	Raleigh, 206 Knowles Street, NC	##1 KNOWLES STREET, RALEIGH, NC	all_current_passes	no_key_intersection_or_cap
S1-390838754	S2-287660910	S2	US	Womens Health Allied Care Associates Center	Womens Health Allied Associates Center [Services]	9347 Cosmo Court, New Hartford, NY		all_current_passes	no_key_intersection_or_cap
S1-390838754	S3-43104736	S3	US	Womens Health Allied Care Associates Center	womenshealthallied.com	9347 Cosmo Court, New Hartford, NY	09347 Cosmo Ct, PMB 6704, Sauquoit, New York	all_current_passes	no_key_intersection_or_cap
S1-349490818	S2-77700517	S2	India	Ziravi Infrabuild Pvt Ltd	Infrabuild Ziravi-Ltd Pvt Infrabuild	Plot No.104/A1, Moti Bhoyan- Vadsar Road Village Sabaspur, Taluka Kalol, Kalol, Mahesana, Gujarat	104/A1, KALOL, MAHESANA, Gujarat	all_current_passes	no_key_intersection_or_cap
S1-760571322	S2-353092135	S2	India	Off Services Private Limited	Off Services Limited Partners	C/O Kashi Prasad Singh 188/9 Gram Malhat Post Dabethuwa, Varanasi, Uttar Pradesh	C/O KASHI PRASAD SINGH 188/9 GRAM MALHAT POST DABETHUWA, VARANASI, Uttar Pradesh	all_current_passes	no_key_intersection_or_cap
S1-760571322	S3-541467279	S3	India	Off Services Private Limited	Sri Off Services Pirvnaet Limited	C/O Kashi Prasad Singh 188/9 Gram Malhat Post Dabethuwa, Varanasi, Uttar Pradesh	C/o Kashi Prasad Singh A-188/9 Gram Malhat Post Dabethuwa, Varanasi, Katirav Bazar, UP	all_current_passes	no_key_intersection_or_cap
S1-93364669	S3-931161797	S3	US	Hoff Software LLC	hoffsoftware.com	1053 Emily Lane, Jefferson City, MO	Jefferson City, PMB 6875, Missouri, 1053 Emily Ln	all_current_passes	no_key_intersection_or_cap
S1-832050262	S2-856926544	S2	India	Shakti Agro Limited	ଶକ୍ତି ଆଗ୍ରୋ ଲିମିଟେଡ୍	C/O Gurnav Singh Saluja, Beside Zudio, Kultapara, Sadar, Sambalpur, Orissa	C/O GURNAV SINGH SALUJA, SADAR, Odisha	all_current_passes	no_key_intersection_or_cap
S1-832050262	S3-673592452	S3	India	Shakti Agro Limited	Wexveo	C/O Gurnav Singh Saluja, Beside Zudio, Kultapara, Sadar, Sambalpur, Orissa	Block F-264- C/o Gurnav Singh Saluja, Beside Zudio, Kultapara, Sadar, Sambalpur, OD	all_current_passes	no_key_intersection_or_cap
S1-175961840	S2-98426633	S2	US	Urology Partners	urologyptr.com	111 Orchard Avenue, Beckley, WV	BECKLEY, 11 ORCHARD AVE, WV	all_current_passes	no_key_intersection_or_cap
S1-636957501	S2-688848091	S2	India	Shine Micro Pvt Ltd	PVT SHINE MICRO LIMITED	C/O Arvind Kumar H. No. - 40 Ahikaura Sakaldiha, Chandauli, Uttar Pradesh	C/O ARVIND KUMAR H. NO. - ##40 AHIKAURA SAKALDIHA, CHANDAULI, KAMALPUR, उत्तर प्रदेश	all_current_passes	no_key_intersection_or_cap
S1-636957501	S3-304851288	S3	India	Shine Micro Pvt Ltd	Shine Pvt Ltd Service	C/O Arvind Kumar H. No. - 40 Ahikaura Sakaldiha, Chandauli, Uttar Pradesh	C/o Arvind Kumar H. No. - 4-0 Ahikaura Sakaldiha, Varanasi, Chandauli, UP	all_current_passes	no_key_intersection_or_cap
S1-636957501	S3-871549310	S3	India	Shine Micro Pvt Ltd	Shine Pvt Ltd Services	C/O Arvind Kumar H. No. - 40 Ahikaura Sakaldiha, Chandauli, Uttar Pradesh	C/o Arvind Kumar H. No. - 4-0 Ahikaura Sakaldiha, Varanasi, Chandauli, UP	all_current_passes	no_key_intersection_or_cap
S1-831090227	S2-297054511	S2	India	Urban International Private Limited	அர்பன் இன்டர்நேஷனல் பிரைவேட் லிமிடெட்	No 63/A Nethaji Road Pudur Ilaiyangudi Taluk Sivagangai Sivaganga Tn In, Sivaganga, Tamil Nadu	1 NETHAJI ROAD PUDUR ILAIYANGUDI TALUK SIVAGANGAI SIVAGANGA TN IN, SOUTHERN REGION MADURAI, SIVAGANGA, Tamil Nadu	all_current_passes	no_key_intersection_or_cap
S1-565373599	S2-563691319	S2	India	Subham & Co	SGM  & CO	Flat No. 1501, Atlantis, Raheja Arcopolis Complex, Behind Deonar Telecom Factory, Deonar, C, Hembur, Mumbai, Maharashtra	FAT NO. 1501, ATLANTIS, RAHEJA ARCOPOLIS COMPLEX, BEHIND DEONAR TELECOM FACTORY, DEONAR, C, HEMBUR, MUMBAI, Maharashtra	all_current_passes	no_key_intersection_or_cap
S1-565373599	S2-187309079	S2	India	Subham & Co	Shri SMUBBHM  & CO	Flat No. 1501, Atlantis, Raheja Arcopolis Complex, Behind Deonar Telecom Factory, Deonar, C, Hembur, Mumbai, Maharashtra	MUMBAI, NO 1501, ATLANTIS, RAHEJA ARCOPOLIS COMPLEX, BEHIND DEONAR TELECOM FACTORY, DEONAR, C, Maharashtra, HEMBUR	all_current_passes	no_key_intersection_or_cap
S1-805559134	S3-865686833	S3	US	Express Precision Partners	expressprecisionpartners.com	IA, 714 Prairie View Road, Cedar Falls	714 Prairie View Rd, Cedar Falls, Iowa	all_current_passes	no_key_intersection_or_cap
S1-971401943	S2-367259550	S2	India	Galaxy Arihant Investment Private Limited	గెలాక్సీ అరిహంత్ ఇన్వెస్ట్‌మెంట్ ప్రైవేట్ లిమిటెడ్	Gachibowli, Telangana, Sy No.55To58, 5Th Floor, The Park View Behind Preston Prime Mall Lumbini Avenue, Hyderabad, Rangareddy, Plot No 43	PLOT NO 43, SY NO.55TO58, 5TH FLOOR, THE PARK VIEW BEHIND PRESTON PRIME MALL LUMBINI AVENUE, HYDERABAD, GACHIBOWLI, RANGAREDDY, Andhra Pradesh	all_current_passes	no_key_intersection_or_cap
S1-971401943	S2-385360519	S2	India	Galaxy Arihant Investment Private Limited	గెలాక్సీ అరిహంత్ ఇన్వెస్ట్‌మెంట్ ప్రైవేట్ లిమిటెడ్	Gachibowli, Telangana, Sy No.55To58, 5Th Floor, The Park View Behind Preston Prime Mall Lumbini Avenue, Hyderabad, Rangareddy, Plot No 43	NO 43, SY NO.55TO58, 5TH FLOOR, THE PARK VIEW BEHIND PRESTON PRIME MALL LUMBINI AVENUE, HYDERABAD, GACHIBOWLI, RANGAREDDY, Andhra Pradesh	all_current_passes	no_key_intersection_or_cap
S1-971401943	S3-133067760	S3	India	Galaxy Arihant Investment Private Limited	గెలాక్సీ అరిహంత్ ఇన్వెస్ట్‌మెంట్ ప్రైవేట్ లిమిటెడ్	Gachibowli, Telangana, Sy No.55To58, 5Th Floor, The Park View Behind Preston Prime Mall Lumbini Avenue, Hyderabad, Rangareddy, Plot No 43	Plot No 43, Rangareddy, Gachibowli, TG	all_current_passes	no_key_intersection_or_cap
S1-204791742	S2-717582147	S2	India	Developers Saar Fabricator Pvt Ltd	Developers Sndar Fabricator Pvt Ltd	23, Nagathamman Koil St 12Th Avenue, Ashok Nagar, Chennai, Tamil Nadu		all_current_passes	no_key_intersection_or_cap
S1-473112445	S3-84017453	S3	US	Epperson, Howell & Corcoran LLC	Zephbeloumbra	Frankfort, IN, 2778 400	400, Frankfort, Indiana	all_current_passes	no_key_intersection_or_cap
S1-275239484	S2-810206705	S2	India	Mangalshree Services Private Limited	MANGALSHREE SERVICES PTIBTE (LIMITED)	1725 Dariba Kalan Dariba, Kalan Delhi Central, Delhi, North Delhi, Delhi		all_current_passes	no_key_intersection_or_cap
S1-993896174	S2-926616562	S2	India	Anon Constructions Corp	Sri Anon-Constructions Corp	Pune, Sr No 36/1/1 B Olympia Phase 1, Haveli, Maharashtra, Office No 207 Baner Gaon	SR NO 0036/1/1 B OLYMPIA PHASE 1, OFFICE NO 207 BANER GAON, HAVELI, Maharashtra	all_current_passes	no_key_intersection_or_cap
S1-316106555	S2-989860697	S2	India	Kelvin Services Private Limited	Ke1vin Services Private Limited	Apt Rps More Danapur, Co Rubi Sinha Lakhan Sona, Patna, Bihar, Dinapur-Cum-Khagaul	NO 419. CO RUBI SINHA LAKHAN SONA, APT RPS MORE DANAPUR, PATNA, बिहार	all_current_passes	no_key_intersection_or_cap
S1-316106555	S2-791564793	S2	India	Kelvin Services Private Limited	Kelvin Services Private	Apt Rps More Danapur, Co Rubi Sinha Lakhan Sona, Patna, Bihar, Dinapur-Cum-Khagaul	DOOR NO 419. CO RUBI SINHA LAKHAN SONA, APT RPS MORE DANAPUR, DINAPUR-CUM-KHAGAUL, Bihar	all_current_passes	no_key_intersection_or_cap
S1-316106555	S3-676048929	S3	India	Kelvin Services Private Limited	Kelvin Srevices Private Limited	Apt Rps More Danapur, Co Rubi Sinha Lakhan Sona, Patna, Bihar, Dinapur-Cum-Khagaul	Co Rubi Sinha Lakhan Sona, Dinapur-cum-khagaul, Patna, BR	all_current_passes	no_key_intersection_or_cap
S1-316106555	S3-812740888	S3	India	Kelvin Services Private Limited	Kelvin Private Limited Center	Apt Rps More Danapur, Co Rubi Sinha Lakhan Sona, Patna, Bihar, Dinapur-Cum-Khagaul	Co Rubi Sinha Lakhan Sona, Apt Rps More Danapur, Dinapur-cum-khagaul, Patna, BR	all_current_passes	no_key_intersection_or_cap
S1-606804763	S3-669278669	S3	India	Thane Lifestyle Private Limited	#thanelifestyle	Shop No 3, Giridarshan Bldg, Old Agra Road, Thane, Maharashtra	Shop No 3, Giridarshan Bldg, Old Agra Road, Thane, MH	all_current_passes	no_key_intersection_or_cap
S1-658885004	S3-943938430	S3	US	Oconnell Antimony	Oconnell Antcsony	728 Mountain Laurel Way, Rock Hill, SC	721 Mountain Laurel Way, <NULL>, Rock Hill, South Carolina	all_current_passes	no_key_intersection_or_cap
S1-180206717	S3-809337662	S3	US	Linnet's Property Solutions	@linnetsproperty	403 Severn Way, Edgewood, MD	403 1/2 Severn Way, Edgewood, Maryland	all_current_passes	no_key_intersection_or_cap
S1-579433542	S2-465989096	S2	US	Pollard Family Practice PLLC	THE POLLARD FAMILY PRACTICE [PLLC]	AZ, Payson, 506 Ponderosa Street	PAYSNO CITY, ##506 PONDEROSA STREET, AZ	all_current_passes	no_key_intersection_or_cap
S1-811121697	S3-29902361	S3	US	Mccullough Adamas Inc	Service Mccullough Inc	623 Manvel, Chandler, OK	Manvel, Chandler, Oklahoma	all_current_passes	no_key_intersection_or_cap
S1-498966014	S2-131741448	S2	India	Tejam Distillery	TEJAMDISTILLERY.COM	C/O Smt Meena Devi, Naya Tola, Bahadurpur, Sampatchak, Patna, Bihar	C/O SMT MEENA DEVI, NAYA TOLA, BAHADURPUR, SAMPATCHAK, Bihar	all_current_passes	no_key_intersection_or_cap
S1-498966014	S3-176062886	S3	India	Tejam Distillery	Umbraarc formerly Tejam Distillery	C/O Smt Meena Devi, Naya Tola, Bahadurpur, Sampatchak, Patna, Bihar	C/O Smt Meena Devi, Naya Tola, Bahadurpur, Sampatchak, Patna, Bihar	all_current_passes	no_key_intersection_or_cap
S1-387650052	S3-373777380	S3	US	Bison Inc	bison.com	363 4351, Gilmer, TX	4351, Gilmer, Texas	all_current_passes	no_key_intersection_or_cap
S1-710149190	S2-60796846	S2	US	STY Wireless Inc	STY Inc Center	70 Besco Road, Wheelersburg, OH	BESCO RD, WHEELERSBURG, OH	all_current_passes	no_key_intersection_or_cap
S1-143510112	S2-820850032	S2	US	@ Care 8 You L.L.C.	@ CARE 8  Y0U	907 Congress Circle, Jonesboro, AR	JONESBORO, 907 1/2 CONGRESS CIR, AR	all_current_passes	no_key_intersection_or_cap
S1-373651039	S3-6170524	S3	India	Shah Bloom Private Limited	Shah Bodtom Prívate Limited	161, Ground Floor, Sfs, Pocket-I, Sector-22 Dwarka, New Delhi, Delhi		all_current_passes	no_key_intersection_or_cap
S1-480158538	S3-660484580	S3	India	Ram Logistics Private Limited	Ram Private Limited Center	B-48, Hanuman Temple, Nr. Park Kiran Garden, Uttam Nagar, Delhi, West Delhi, Delhi	B-0048, Hanuman Temple, Nr. Park Kiran Garden, Uttam Nagar, Delhi, West Delhi, DL	all_current_passes	no_key_intersection_or_cap
S1-480158538	S3-107836483	S3	India	Ram Logistics Private Limited	राम लॉजिस्टिक्स प्राइवेट लिमिटेड	B-48, Hanuman Temple, Nr. Park Kiran Garden, Uttam Nagar, Delhi, West Delhi, Delhi	Delhi, West Delhi, दिल्ली, Hanuman Temple, Nr. Park Kiran Garden, Uttam Nagar, B-0048	all_current_passes	no_key_intersection_or_cap
S1-911672680	S2-488041389	S2	US	Great Infrastructure	GINFRASTRUCTURE.COM	11386 Eldorado Street, Unit Unit H, Blaine, MN	1138 ELDORADO ST, BLAINE, MN	all_current_passes	no_key_intersection_or_cap
S1-891275716	S3-634767346	S3	India	Spd Infosys Pvt Ltd	Pvt Spd Infosys Limited	9Thavenue, Groundfloor, Behindrajpathclub, Memnagar, Bodakdev, Ahmedabad, Gujarat	Door No 235 9Thavenue, Ahmedabad, GJ	all_current_passes	no_key_intersection_or_cap
S1-353886587	S3-699593858	S3	India	Data Hospital Corporation	Data-H0spital	Ugf, Baldev Plaza, Golghar, Gorakhpur, Gorakhpur, Uttar Pradesh	Ugf, Gorakhpur, UP	all_current_passes	no_key_intersection_or_cap
S1-579807935	S2-558130562	S2	US	Nova P.C.	Vantageevosol	319 Stone Hill Farm Road, Weathersfield, VT	VT, 319  STONE HILL FARM ROAD, WEATHERSFIELD	all_current_passes	no_key_intersection_or_cap
S1-70372721	S3-354783202	S3	India	Classic Care Private Limited	ಕ್ಲಾಸಿಕ್ ಕೇರ್ ಪ್ರೈವೇಟ್ ಲಿಮಿಟೆಡ್	No. 26A, 2Nd Phase, 3Rd Main Road, 4Th Cross, Near Nttf Circle, Peenya, Bangalore, Karnataka	ಕರ್ನಾಟಕ, Bangalore, 2Nd Phase, 3Rd Main Road, 4Th Cross, Near Nttf Circle, Peenya, Bangalore, No 6A	all_current_passes	no_key_intersection_or_cap
S1-479832626	S3-507463477	S3	US	Plumbers Local 428	plumberslocal428.com	Athens, AL, 24620 Savannah Trail	24620 Savannah Trail, Athens, Alabama	all_current_passes	no_key_intersection_or_cap
S1-298123204	S3-882638615	S3	US	Economic Development Network	economicdevelopmentnetwork.com	Fordyce, AR, 328 Calhoun 189	328 Calhoun 189, Fordyce, Arkansas	all_current_passes	no_key_intersection_or_cap
S1-64423771	S3-346285454	S3	India	Jvj Allied Group	Shri Jvj Allied Company	Malayalay, Unit No. 2A (S) 2Nd Floor, 3 Woodburn Park, Kolkata, Kolkata, Howrah, West Bengal	Malayalay, Kolkata, Howrah, WB	all_current_passes	no_key_intersection_or_cap
S1-64423771	S3-508261785	S3	India	Jvj Allied Group	Jvj Group Allide	Malayalay, Unit No. 2A (S) 2Nd Floor, 3 Woodburn Park, Kolkata, Kolkata, Howrah, West Bengal	Kolkata, Malayalay, Howrah, WB	all_current_passes	no_key_intersection_or_cap
S1-33679216	S3-341514770	S3	India	Ganesha Mud Co	Co Gagncesha Mud	Gill Enclave, Patiala, Punjab, Patiala, Jhill Chowk To Alipur Rd	Hn 688 Gill Enclave, Patiala, PB	all_current_passes	no_key_intersection_or_cap
S1-33679216	S3-980203975	S3	India	Ganesha Mud Co	Ganesha Co Services	Gill Enclave, Patiala, Punjab, Patiala, Jhill Chowk To Alipur Rd	Hn 688 Gill Enclave, Jhill Chowk To Alipur Rd, Patiala, PB	all_current_passes	no_key_intersection_or_cap
S1-956902396	S2-992350163	S2	US	Leonard Security LLC	Leonard 5ecurity LLC	620 F Street, Ardmore, OK	ARDMORE, OK, F STREET	all_current_passes	no_key_intersection_or_cap
S1-581867733	S2-108968176	S2	India	Unique It Private Limited	యూనిక్ ఐటీ ప్రైవేట్ లిమిటెడ్	H.No.17-203/3, Srinagar Colony Nagarkurnool, Mahbubnagar, Nagarkurnool, Telangana	DOOR NO 0017-203/3, MAHBUBNAGAR, NAGARKURNOOL, Telangana	all_current_passes	no_key_intersection_or_cap
S1-465930062	S2-932694216	S2	India	Fitness & Brothers Pvt Ltd	FITNESS & PVT BROTHERS LTD	Office No. 7, Third Floor, Nitco Limited-Biz Park, Plot No C-19, Road No. 160, Wagle Industr, Ial Estate, Thane, Maharashtra	OFFICE NO. 7, THIRD FLOOR, NITCO LIMITED-BIZ PARK, PLOT NO C-19, ROAD NO. 160, WAGLE INDUSTR, IAL ESTATE, Maharashtra	all_current_passes	no_key_intersection_or_cap
S1-566009366	S2-209081816	S2	India	Shakti Consultancy Pvt Ltd	शक्ति कंसल्टेंसी प्रा. लि.	New Delhi, New Millennium, Plot No. 2, Sector 23, 641, Dwarka, Delhi	641, NEW MILLENNIUM, PLOT NO. 2, SECTOR 23, DWARKA, NEW DELHI, Delhi	all_current_passes	no_key_intersection_or_cap
S1-566009366	S2-840990980	S2	India	Shakti Consultancy Pvt Ltd	Shakti Consultnacy Pvt Ltd	New Delhi, New Millennium, Plot No. 2, Sector 23, 641, Dwarka, Delhi	641, NEW MILLENNIUM, PLOT NO. 2, SECTOR 23, DWARKA, Delhi	all_current_passes	no_key_intersection_or_cap
S1-348865280	S3-904264803	S3	US	Henry Realty LLC	Henry Relaty  LLC	850 7th Street, West Memphis, AR	850 Seventh Street, West Memphis, Arkansas	all_current_passes	no_key_intersection_or_cap
S1-527664763	S2-581346778	S2	US	Cypress Fidelity	cypressfidelity.com	Fayetteville, NC, 615 Ashbrook Court	615 ASHBROOK CT, FAYETTEVILLE, NC	all_current_passes	no_key_intersection_or_cap
S1-813444083	S3-712664261	S3	US	Frontier Investments, LLC	Belopyra	Chattanooga, 1144 23rd Street, Unit 104, TN	1144 23rd St, # 104, Chattanooga, Tennessee	all_current_passes	no_key_intersection_or_cap
S1-298182947	S2-74020850	S2	US	Godley & Hubbard Inc	The Godley & Hubbard Inc	Byers, 400 Feed Lot Drive, TX	400 FEED LOT DR, BYERS, TX	all_current_passes	no_key_intersection_or_cap
S1-298182947	S3-382178342	S3	US	Godley & Hubbard Inc	hubbardgodley.com	Byers, 400 Feed Lot Drive, TX	00400 Feed Lot Dr, Byers, Texas	all_current_passes	no_key_intersection_or_cap
S1-237177847	S2-665077604	S2	US	Laborers Union Local No 454	Laborer Union Local No 454	100 Brahman Road, Magdalena, NM	BRAHMAN ROAD, MAGDALENA, NM	all_current_passes	no_key_intersection_or_cap
S1-237177847	S3-538637647	S3	US	Laborers Union Local No 454	laborersunionlocal.com	100 Brahman Road, Magdalena, NM	Brahman Rd, Magdalena, New Mexico	all_current_passes	no_key_intersection_or_cap
S1-781005250	S2-948258039	S2	US	Pinnacle Modern Floating LLC	PINNACLE FLOATING LLC CENTER	4848 Hall Road, East Bend, NC	EAST BEND, 848 HALL RD, NC	all_current_passes	no_key_intersection_or_cap
S1-18789095	S2-180986210	S2	India	All Future Constructions Pvt Ltd	ऑल फ्यूचर कंस्ट्रक्शंस प्रा. लि.	K-33 Yashoda Nagar, Kanpur, Uttar Pradesh	#262 K-33 YASHODA NAGAR, KANPUR, उत्तर प्रदेश	all_current_passes	no_key_intersection_or_cap
S1-18789095	S2-920664858	S2	India	All Future Constructions Pvt Ltd	All फ्यूचर Constructions प्रा. लि.	K-33 Yashoda Nagar, Kanpur, Uttar Pradesh	#262 K-33 YASHODA NAGAR, KANPUR, Uttar Pradesh	all_current_passes	no_key_intersection_or_cap
S1-18789095	S3-439411737	S3	India	All Future Constructions Pvt Ltd	Pvt All Future Constructions Limited	K-33 Yashoda Nagar, Kanpur, Uttar Pradesh	UP, Kanpur, Hn 440 K-33 Yashoda Nagar	all_current_passes	no_key_intersection_or_cap
S1-18789095	S3-719562587	S3	India	All Future Constructions Pvt Ltd	ऑल फ्यूचर कंस्ट्रक्शंस प्रा. लि.	K-33 Yashoda Nagar, Kanpur, Uttar Pradesh	Kanpur, UP, Kanpur, Hn 440 K-33 Yashoda Nagar	all_current_passes	no_key_intersection_or_cap
S1-234129982	S2-785572148	S2	US	Samples & Sheldon	Samples  and Sheltn	3824 Clayton Street, Baton Rouge City, LA	3824 1/2 CLAYTON STREET, BATON ROUGE CITY, LA	all_current_passes	no_key_intersection_or_cap
S1-801894442	S3-573715420	S3	US	Back Alley Ice Cream LLC	Korkor	3239 Creosote Lane, Gilbert, AZ	239 Creosote Ln, Gilbert, Arizona	all_current_passes	no_key_intersection_or_cap
S1-440366196	S2-107024797	S2	India	First Trading	फर्स्ट ट्रेडिंग	Thane, Plot No.59 Sector 11, Cbd Belapur, Maharashtra, Office No.B-313	OFFICE NO.B-313, THANE, महाराष्ट्र	all_current_passes	no_key_intersection_or_cap
S1-235455145	S2-202473952	S2	India	Prajit India Private Limited	Private Prajit India Limited	Rajasthan, 64 B, Jaipur, Ajmer Road, Hathroi Fort	64 B, HATHROI FORT, AJMER ROAD, JAIPUR, Rajasthan	all_current_passes	no_key_intersection_or_cap
S1-347639856	S2-549696851	S2	India	Vv Constructive Private Limited	Mr Vv Constructive (Private) #21226	S No 340/3, Fl No A2/305, Pebbles, Patilnagar, Haveli, Pune, Maharashtra	S NO 340/3, FL NO A2/305, PEBBLES, PATILNAGAR, HAVELI, Maharashtra	all_current_passes	no_key_intersection_or_cap
S1-347639856	S3-74869075	S3	India	Vv Constructive Private Limited	Vv Constructive Private	S No 340/3, Fl No A2/305, Pebbles, Patilnagar, Haveli, Pune, Maharashtra	S No ##340/3, Fl No A2/305, Pebbles, Patilnagar, Haveli, महाराष्ट्र	all_current_passes	no_key_intersection_or_cap
S1-347639856	S3-355445032	S3	India	Vv Constructive Private Limited	vvconstructive.com	S No 340/3, Fl No A2/305, Pebbles, Patilnagar, Haveli, Pune, Maharashtra	S No ##340/3, Fl No A2/305, Pebbles, Patilnagar, Haveli, MH	all_current_passes	no_key_intersection_or_cap
S1-905269811	S2-872846190	S2	India	Good Services	गुड सर्विसेज	52, Vijay Nagar, Kartarpura Ward No. 15 Tehsil Jaipur, Jaipur, Rajasthan	BLOCK G-0618 52, VIJAY NAGAR, JAIPUR, KARTARPURA WARD NO. 15 TEHSIL JAIPUR, Rajasthan	all_current_passes	no_key_intersection_or_cap
S1-905269811	S3-739345030	S3	India	Good Services	गुड सर्विसेज	52, Vijay Nagar, Kartarpura Ward No. 15 Tehsil Jaipur, Jaipur, Rajasthan	52, Kartarpura Ward No. 15 Tehsil Jaipur, राजस्थान	all_current_passes	no_key_intersection_or_cap
S1-905269811	S3-274149100	S3	India	Good Services	good good services	52, Vijay Nagar, Kartarpura Ward No. 15 Tehsil Jaipur, Jaipur, Rajasthan	RJ, Jaipur, 52	all_current_passes	no_key_intersection_or_cap
S1-945473328	S2-533632907	S2	US	Juliana Dekle Blue Polestar Inc	Juliana Dkaeloe Blue Polestar Inc	578 Hillside Avenue, Patton Twp, PA	HILLSIDE AVE, PATTON TWP, PA	all_current_passes	no_key_intersection_or_cap
S1-394509887	S2-686931655	S2	US	Straight Edge Coffee!	Straight Ee Coffee!	New Carlisle, IN, 7870 Emery Road	7881 EMERY RD, NEW CARLISLE, IN	all_current_passes	no_key_intersection_or_cap
S1-511599958	S3-106289459	S3	US	Weinberg, Carrillo & Helms LLC	Weinberg, Cárri1lo & Helms LLC	211 Sunnyslope Street, Fl 1, West Frankfort, IL	225-B Sunnyslope Street, West Frankfort, Illinois	all_current_passes	no_key_intersection_or_cap
S1-842983493	S2-878151338	S2	India	Tl Securities Limited	Tl Scrts Limited	Haren Tex Compoundnear Dahisar Check Naka Dahisar (East), Mumbai, Maharashtra	DOOR NO 584 HAREN TEX COMPOUNDNEAR DAHISAR CHECK NAKA DAHISAR (EAST), MUMBAI, Maharashtra	all_current_passes	no_key_intersection_or_cap
S1-662264524	S2-947598134	S2	US	Cummings Safety LLC	cummingssafety.com	West Des Moines, 404 Vine Street, IA	VINE STREET, W DES MOINES, IA	all_current_passes	no_key_intersection_or_cap
S1-665710461	S2-787616883	S2	US	Cardinal	Cialbdnla	IL, 13A 142 Powder Horne Lane, Apple River	13A 142 POWDER HORNE LANE, APPLE RIVER, IL	all_current_passes	no_key_intersection_or_cap
S1-978097437	S2-767769254	S2	US	Valley Institute	Valley Center	2200 Lewis Avenue, Unit APARTMENT 103, Zion, IL	2200A LEWIS AVE, ZION, IL	all_current_passes	no_key_intersection_or_cap
S1-598548390	S2-766597833	S2	US	Womens Health Medicine LLC	Womens Health Medicfhnie LLC	3516 Hackers Creek Road, Jane Lew, WV	3516-3520 HACKERS CREEK RD, JANE LEW, WV	all_current_passes	no_key_intersection_or_cap
S1-598548390	S3-20049063	S3	US	Womens Health Medicine LLC	Womens	3516 Hackers Creek Road, Jane Lew, WV	3516 Hackers Creek Road, Jane Lew, WV	all_current_passes	no_key_intersection_or_cap
S1-950473771	S3-888313475	S3	India	Everrise Epitome Private Limited	Prívate Everrise Epitome Limited	Door No 17/1491 D, Iii Floor, Malabar Gate, Ram Mohan Road, Puthiyara Post, Calicut, Kerala	17/1491 D, Puthiyara Post, Calicut, Keralam	all_current_passes	no_key_intersection_or_cap
S1-530500005	S2-565031183	S2	India	Sai Industries Group Private Limited	Private Sai Industries Group (Limited)	5 Hirak Societys V Road Irla, Mumbai, Mumbai City, Maharashtra	महाराष्ट्र, MUMBAI, #5 HIRAK SOCIETYS V ROAD IRLA, MUMBAI CITY	all_current_passes	no_key_intersection_or_cap
S1-885325753	S2-820279250	S2	India	Vijayshree Development Pvt. Ltd.	Vijayshree Pvt Ltd Center	Office No.301, Antaaya, Sr.No.28/3B/2 P, Balewadi, Haveli, Pune, Maharashtra	OFFICE NO.301, ANTAAYA, SR.NO.28/3B/2 P, BALEWADI, HAVELI, Maharashtra	all_current_passes	no_key_intersection_or_cap
S1-885325753	S3-988493975	S3	India	Vijayshree Development Pvt. Ltd.	Shri Vijayshree Devehlopmemt Pvt. Ltd.	Office No.301, Antaaya, Sr.No.28/3B/2 P, Balewadi, Haveli, Pune, Maharashtra	Office No.00301, Haveli, MH	all_current_passes	no_key_intersection_or_cap
S1-885325753	S3-779474405	S3	India	Vijayshree Development Pvt. Ltd.	Smt Vijayshree Development Pvt.	Office No.301, Antaaya, Sr.No.28/3B/2 P, Balewadi, Haveli, Pune, Maharashtra	Office No.00301, Haveli, MH	all_current_passes	no_key_intersection_or_cap
S1-885325753	S3-966459797	S3	India	Vijayshree Development Pvt. Ltd.	Pvt Vijayshree Development Ltd	Office No.301, Antaaya, Sr.No.28/3B/2 P, Balewadi, Haveli, Pune, Maharashtra	Office No.00301, Pune, महाराष्ट्र	all_current_passes	no_key_intersection_or_cap
S1-954611473	S2-532397913	S2	India	Sunrise Consulting Private Limited	सनराइज कंसल्टिंग प्राइवेट लिमिटेड	D-15/29, First Floor, Sector 3, Rohini, Delhi, North West Delhi, Delhi	D-C-15/29, FIRST FLOOR, SECTOR 3, ROHINI, DIVREPORTINGCIRCLE, DELHI, दिल्ली	all_current_passes	no_key_intersection_or_cap
S1-695566958	S3-658465955	S3	US	Foot & Ankle Express Care Associates	Footankleexpress.Com	5742 Wayne Memorial Drive, Pikeville, NC	North Carolina, 5742 Wayne Memorial Dr, Pikeville	all_current_passes	no_key_intersection_or_cap
S1-835682577	S3-41824266	S3	US	Youth Project	youthproject.com	NY, Hempstead, 1672 Midland Drive	1672 Midland Dr, East Meadow, New York	all_current_passes	no_key_intersection_or_cap
S1-298441391	S3-797442876	S3	US	Chaffee, Reynolds and Lowden Pearl LLC	*** Chaffee, Reyn0lds And Lowden Péarl LLC	305 Belding Street, Hot Springs, AR	Arkansas, Hot Springs National Park, 00305 Belding Street	all_current_passes	no_key_intersection_or_cap
S1-208047438	S2-173147740	S2	India	H.S.R Layout Service Private Limited	H.S.R PRIVATE SERVICE LAYOUT LIMITED	No.7, 17Th Cross, 7Th Sector, H.S.R Layout, Bangalore, Karnataka	NO.07 , 17TH CROSS, 7TH SECTOR, H.S.R LAYOUT, Karnataka	all_current_passes	no_key_intersection_or_cap
S1-820876279	S2-295162549	S2	India	Baba Energy Private Limited	ബാബ എനർജി പ്രൈവറ്റ് ലിമിറ്റഡ്	No.40/2281, 2Nd Floor, Civil Lane Road, Edappally South, Ernakulam, Kerala	Keralam, NO G-40/2281, KALOOR, ERNAKULAM	all_current_passes	no_key_intersection_or_cap
S1-117328785	S2-525489560	S2	US	Strategic Agricultural Alliance Inc	Strategic Agricunaural Alliance Inc	14 Wanless Lane, Trout Creek, MT	138 WANLESS LN, TOUT CREEK, MT	all_current_passes	no_key_intersection_or_cap
S1-117328785	S3-833300471	S3	US	Strategic Agricultural Alliance Inc	Strategic Aricultuoal Alliance Inc	14 Wanless Lane, Trout Creek, MT	14 1/2 Wanless Ln, Trout Creek, Montana	all_current_passes	no_key_intersection_or_cap
S1-117328785	S3-58825519	S3	US	Strategic Agricultural Alliance Inc	Korzephdova formerly: Strategic Agricultural Alliance Inc	14 Wanless Lane, Trout Creek, MT	MT, Trout Creek, 14 Wanless Lane	all_current_passes	no_key_intersection_or_cap
S1-792681001	S3-826592553	S3	US	Desert Direct Bynordic	Desert Diagtc Bynordic	480 Payne Ridge Road, WV, Gandeeville	482 Payne Ridge Road, Gandeeville, West Virginia	all_current_passes	no_key_intersection_or_cap
S1-332709346	S3-900969148	S3	India	Infrastructure Core Service Private Limited	Infrastructure  Cnmee Service Private Limited	Ground Floor, K M K Tower, No.142, K H Double Road, Bangalore South, Bangalore, Karnataka	Ground Floor, Bangalore South, Bangalore, KA	all_current_passes	no_key_intersection_or_cap
S1-332709346	S3-15823747	S3	India	Infrastructure Core Service Private Limited	Rizanylayuma	Ground Floor, K M K Tower, No.142, K H Double Road, Bangalore South, Bangalore, Karnataka	Bangalore South, K M K Tower, No.142, K H Double Road, Ground Floor, Karnataka, Bangalore	all_current_passes	no_key_intersection_or_cap
S1-606490135	S3-194051544	S3	India	Hl Investment of Amravati Pvt Ltd	Mr investmentamravatihl.com	Maharashtra, Amravati, C/O Dr. Rajesh Vasantrao Gondhalekar Shop No.10 Mudholkar Peth Vasudev Sankul, Amravati	C/o Dr. Rajesh Vasantrao Gondhalekar Shop No.10 Mudholkar Peth Vasudev Sankul, Jalgaon, Amravati, महाराष्ट्र	all_current_passes	no_key_intersection_or_cap
S1-785727849	S3-835066339	S3	India	Vishvam Enterprise Pvt Ltd	Vishvam Enteerprise  Pvt Ltd	Pune, Maharashtra, Pune, H No. 5061 Mother Meri Soc Wagholi Awalwadi Road	50-61 Mother Meri Soc Wagholi Awalwadi Road, Pune, MH	all_current_passes	no_key_intersection_or_cap
S1-773140953	S2-885672178	S2	India	Gujarat Technologies Private Limited	குஜராத் டெக்னாலஜீஸ் பிரைவேட் லிமிடெட்	5Th Avenue, Orur Olcott Road Besant Nagar, Chennai, 35, Tamil Nadu	35, CHENNAI, Tamil Nadu	all_current_passes	no_key_intersection_or_cap
S1-773140953	S2-483237483	S2	India	Gujarat Technologies Private Limited	குஜராத் டெக்னாலஜீஸ் பிரைவேட் லிமிடெட்	5Th Avenue, Orur Olcott Road Besant Nagar, Chennai, 35, Tamil Nadu	35, 5TH AVENUE, ORUR OLCOTT ROAD BESANT NAGAR, CHENNAI, Tamil Nadu	all_current_passes	no_key_intersection_or_cap
S1-479756373	S3-801617101	S3	India	First Agro Private Limited	ফার্স্ট অ্যাগ্রো প্রাইভেট লিমিটেড	164C/11, Lake Gardens Prince Anwar Shah Road, Kolkata, Kolkata, Howrah, West Bengal	64C/11, Lake Gardens Prince Anwar Shah Road, Kolkata, Howrah, WB	all_current_passes	no_key_intersection_or_cap
S1-479756373	S3-40858779	S3	India	First Agro Private Limited	ফার্স্ট অ্যাগ্রো প্রাইভেট লিমিটেড	164C/11, Lake Gardens Prince Anwar Shah Road, Kolkata, Kolkata, Howrah, West Bengal	64C/11, Kolkata, Howrah, WB	all_current_passes	no_key_intersection_or_cap
S1-479756373	S3-236962953	S3	India	First Agro Private Limited	ফার্স্ট অ্যাগ্রো প্রাইভেট লিমিটেড	164C/11, Lake Gardens Prince Anwar Shah Road, Kolkata, Kolkata, Howrah, West Bengal	64C/11, Kolkata, Howrah, WB	all_current_passes	no_key_intersection_or_cap
S1-939215291	S3-788944164	S3	US	Calhoun & Piccolo LLC	Soliri	4604 Charleston Street, Broken Arrow, OK	4604 Charelston St, Broken Arrow, Oklahoma	all_current_passes	no_key_intersection_or_cap
S1-38401919	S3-446331963	S3	India	Bharat Construction	Bharat Construhtison	Plot No. 127, Tf, Meenakshi Garden, New Delhi, Delhi, West Delhi, Wz-74	Wz-b3/74, New Delhi, West Delhi, DL	all_current_passes	no_key_intersection_or_cap
S1-38401919	S3-947969237	S3	India	Bharat Construction	Bháratconstruction.Com	Plot No. 127, Tf, Meenakshi Garden, New Delhi, Delhi, West Delhi, Wz-74	Wz-b3/74, Plot No. 127, Tf, Meenakshi Garden, West Delhi, New Delhi, DL	all_current_passes	no_key_intersection_or_cap
S1-653436323	S2-243364070	S2	India	Real Foundation Private Limited	रियल फाउंडेशन प्राइवेट लिमिटेड	Mumbai, Shop No 5, Borivali West, Maharashtra, Tirupati Complex, Ram Mandir Road, Near Babhai Naka Road, Borivali West	SHOP NO 5, Maharashtra, MUMBAI	all_current_passes	no_key_intersection_or_cap
S1-653436323	S3-635706570	S3	India	Real Foundation Private Limited	रियल फाउंडेशन प्राइवेट लिमिटेड	Mumbai, Shop No 5, Borivali West, Maharashtra, Tirupati Complex, Ram Mandir Road, Near Babhai Naka Road, Borivali West	Shop No 05, Ramnagar, Mumbai, MH	all_current_passes	no_key_intersection_or_cap
S1-31839210	S3-884030278	S3	India	Ganpati Traders Ltd	6anpati Traders Ltd	Mehsana, Wellcome Complex, Nr. Manav Ashram, Visnagar Link Road, Mahesana, Gujarat, 14	14/1, Wellcome Complex, Nr. Manav Ashram, Visnagar Link Road, Mehsana, Mahesana, GJ	all_current_passes	no_key_intersection_or_cap
S1-31839210	S3-263642356	S3	India	Ganpati Traders Ltd	GT	Mehsana, Wellcome Complex, Nr. Manav Ashram, Visnagar Link Road, Mahesana, Gujarat, 14	14, Wellcome Complex, Nr. Manav Ashram, Visnagar Link Road, Mehsana, Mahesana, Gujarat	all_current_passes	no_key_intersection_or_cap
S1-979104856	S2-867322406	S2	India	IB Builders LLP	IB Builders L.L.P.	C/O. Podarbinda Panda, Word No. 02, House No. 314, Ichhabatiguda, Orissa, Nabarangpur		all_current_passes	no_key_intersection_or_cap
S1-956213693	S3-71079214	S3	India	Krishna Logistics Private Limited	Krishna Logaistfcs Private Limited	H.No.4165/2, Plotno.23/Part, Surveyno.9, Attapur, Hyderabad, Rangareddy, Telangana	H.no.4165/2, Plotno.23/part, Surveyno.9, Attapur, Hyderabad, TG	all_current_passes	no_key_intersection_or_cap
S1-956213693	S3-54081551	S3	India	Krishna Logistics Private Limited	Miraavi Labs a/k/a Krishna Logistics Private Limited	H.No.4165/2, Plotno.23/Part, Surveyno.9, Attapur, Hyderabad, Rangareddy, Telangana	H.No.4165/2, Plotno.23/Part, Surveyno.9, Attapur, Hyderabad, Rangareddy, Telangana	all_current_passes	no_key_intersection_or_cap
S1-441609621	S2-484830115	S2	India	North Logistics Private Limited	નોર્થ લોજિસ્ટિક્સ પ્રાઇવેટ લિમિટેડ	Complex Nr Ambalal Park, Gujarat, Padra, Vadodara, Shop No 3 Vraj Raj	SHOP NO 3 VRAJ RAJ, PADRA, VADODARA, ગુજરાત	all_current_passes	no_key_intersection_or_cap
S1-441609621	S2-755852221	S2	India	North Logistics Private Limited	નોર્થ લોજિસ્ટિક્સ પ્રાઇવેટ લિમિટેડ	Complex Nr Ambalal Park, Gujarat, Padra, Vadodara, Shop No 3 Vraj Raj	SHOP NO 3 VRAJ RAJ, COMPLEX NR AMBALAL PARK, PADRA, VADODARA, Gujarat	all_current_passes	no_key_intersection_or_cap
S1-791350673	S3-323586841	S3	India	Indore (india) LLP	Indore Indore (índia)	Khasra No. 4/1/1/4 & 4/1/1/5 Lasudia Mori, Dewas Naka, Indore, Mp, Madhya Pradesh, Indore	& 4/1/1/5 Lasduia Mori, Dewas Naka, Indore, Mp, Indore, मध्य प्रदेश	all_current_passes	no_key_intersection_or_cap
S1-171232743	S2-586300855	S2	India	Services Tauras Investment Private Limited	Services Private Investment Tauras Limited - 9373804565	Bldg No. 218 / F, Madappatuparambil, Pannithadam, Chiramanangad P.O. Kunnamkulam, Thrissur, Kerala	BLDG NO. 218 / F, MADAPPATUPARAMBIL, PANNITHADAM, CHIRAMANANGAD P.O. KUNNAMKULAM, THRISSUR, കേരളം	all_current_passes	no_key_intersection_or_cap
S1-171232743	S3-636690699	S3	India	Services Tauras Investment Private Limited	Services Tauraa Investment Private Limited	Bldg No. 218 / F, Madappatuparambil, Pannithadam, Chiramanangad P.O. Kunnamkulam, Thrissur, Kerala		all_current_passes	no_key_intersection_or_cap
S1-171232743	S3-590337572	S3	India	Services Tauras Investment Private Limited	Services Tuecm Investment Private Limited	Bldg No. 218 / F, Madappatuparambil, Pannithadam, Chiramanangad P.O. Kunnamkulam, Thrissur, Kerala		all_current_passes	no_key_intersection_or_cap
S1-171124248	S3-237463750	S3	US	Classic Infrastructure Collective Inc	>> classicinfrastructurecollective.com	4710 Waterloo Drive, Fl 1, Columbia, MO	4710a Waterloo Drive, Floor 1, Columbia, Missouri	all_current_passes	no_key_intersection_or_cap
S1-526816916	S3-83138401	S3	India	Belle Craft Private Limited	Prívate Belle Craft Limited	29/A Gowri Reddy Nilaya 10Th Cross, Avani Shrungeri Nagar, Nyanayappanahalli, Bangalore, Karnataka	H.no 29/A Gowri Reddy Nilaya 10Th Cross, Bangalore, KA	all_current_passes	no_key_intersection_or_cap
S1-526816916	S3-883121692	S3	India	Belle Craft Private Limited	Shri Belle Craft Private  Limited	29/A Gowri Reddy Nilaya 10Th Cross, Avani Shrungeri Nagar, Nyanayappanahalli, Bangalore, Karnataka	Bangalore, ಕರ್ನಾಟಕ, 29/A Gowri Reddy Nilaya 10Th Cross	all_current_passes	no_key_intersection_or_cap
S1-565276433	S3-160274744	S3	India	Premia (India) Services LLP	premiaindiaservices.com	35/151, Laxmi Indsutrial Estate New Link Road, Andheri (West), Mumbai, Mumbai City, Maharashtra	G-35/151, Laxmi Indsutrial Estate New Link Road, Andheri (West), Mumbai, Mumbai City, महाराष्ट्र	all_current_passes	no_key_intersection_or_cap
S1-840961764	S2-308741469	S2	US	Behavioral Health Clinic Inc.	Belonylayuma	UT, Highland, 5534 10480	5534 10480, AMERICAN FORK, UT	all_current_passes	no_key_intersection_or_cap
S1-840961764	S2-618341747	S2	US	Behavioral Health Clinic Inc.	behavioralhealth.com	UT, Highland, 5534 10480	5534 10480, HIGHLAND, UT	all_current_passes	no_key_intersection_or_cap
S1-840961764	S2-613080913	S2	US	Behavioral Health Clinic Inc.	... Behavioral Health Inc.  Services	UT, Highland, 5534 10480	5534 10480, UT, HIGHLAND	all_current_passes	no_key_intersection_or_cap
S1-840961764	S2-326313763	S2	US	Behavioral Health Clinic Inc.	healthclinicbehavioral.com	UT, Highland, 5534 10480	10480, HIGHLAND, UT	all_current_passes	no_key_intersection_or_cap
S1-840961764	S3-697564549	S3	US	Behavioral Health Clinic Inc.	Behaviora1 Health Clinic Inc.	UT, Highland, 5534 10480	5534 10480, American Fork, Utah	all_current_passes	no_key_intersection_or_cap
S1-840961764	S3-519933551	S3	US	Behavioral Health Clinic Inc.	Clinic-Inc. The Behavioral Health	UT, Highland, 5534 10480	American Fork, Utah, 5534 10480	all_current_passes	no_key_intersection_or_cap
S1-668474448	S2-149980945	S2	India	Seven Infotech Pvt Ltd	ಸೆವೆನ್ ಇನ್‌ಫೋಟೆಕ್ Pvt Ltd	No. 360A, Dr. Rajkumar Road, 12Th Main, Rajajinagar 6Th Block, Bengaluru, Bangalore, Karnataka	NO. 360, DR. RAJKUMAR ROAD, 12TH MAIN, RAJAJINAGAR 6TH BLOCK, BANGALORE, BENGALURU, ಕರ್ನಾಟಕ	all_current_passes	no_key_intersection_or_cap
S1-668474448	S3-183642705	S3	India	Seven Infotech Pvt Ltd	Seveninfotech.Com	No. 360A, Dr. Rajkumar Road, 12Th Main, Rajajinagar 6Th Block, Bengaluru, Bangalore, Karnataka	Bangalore, Dr. Rajkumar Road, 12Th Main, Rajajinagar 6Th Block, No. 360A, Bengaluru, ಕರ್ನಾಟಕ	all_current_passes	no_key_intersection_or_cap
S1-153715376	S2-696002686	S2	US	Geralda Noakes, M.D.	Geralda Nooakes, M.D.	Mexia, 1167 County Road 377, TX	01167 COUNTY ROAD 377, MEIA TOWNSHIP, TX	all_current_passes	no_key_intersection_or_cap
S1-688389912	S3-386681119	S3	US	Back Alley Tavern!	Back Alley (ID: 4695)	14624 Jobs-new Pittsburg Road, Murray City, OH	14626 Jobs-New Pittsburg Rd, Murray City, Ohio	all_current_passes	no_key_intersection_or_cap
S1-239188103	S2-554042438	S2	India	International Tech Private Limited	इंटरनेशनल टेक प्राइवेट लिमिटेड	41 Gandhi Maraketbehind Hotel Ranjit, New Delhi, Central Delhi, Delhi	NO 41 GANDHI MARAKETBEHIND HOTEL RANJIT, CENTRAL DELHI, NEW DELHI, Delhi	all_current_passes	no_key_intersection_or_cap
S1-239188103	S2-745661355	S2	India	International Tech Private Limited	इंटरनेशनल टेक प्राइवेट लिमिटेड	41 Gandhi Maraketbehind Hotel Ranjit, New Delhi, Central Delhi, Delhi	H.NO 41 GANDHI MARAKETBEHIND HOTEL RANJIT, CENTRAL DELHI, NEW DELHI, Delhi	all_current_passes	no_key_intersection_or_cap
S1-348413877	S3-788984089	S3	US	Timber Consultants, Inc	Fayeorbi	4428 Shepherd Drive, Houston, TX	4428 Shepierd Dr, Houston, Texas	all_current_passes	no_key_intersection_or_cap
S1-763112366	S3-529383130	S3	US	Trusted Construction Digital LLC	Trusted Digital LLC Cénter	2288 Old 101 Road, Unit 290, Liberty, IN	02288 Old 101 Rd, # 290, Liberty, Indiana	all_current_passes	no_key_intersection_or_cap
S1-936164337	S2-641813636	S2	US	Norris Spectral LLC	Norris LLC Center	3679 Opossum Creek Road, Victor, WV	OPOSSUM CREEK RD, VICTOR, WV, N/A	all_current_passes	no_key_intersection_or_cap
S1-864038052	S3-566812966	S3	US	Main Street Nails!	#máinstreet - 4212066233	23809 Devonfield Lane, Daphne, AL	23809 Devonfield Lane, Daphne, Alabama	all_current_passes	no_key_intersection_or_cap
S1-413151292	S2-237730241	S2	US	J Q & V Ship Inc.	J Q and V	2400 24th Street, Unit Unit 17, Texarkana, AR	24TH STREET, TEXARKANA, AR	all_current_passes	no_key_intersection_or_cap
S1-353994754	S3-657086920	S3	India	Uday Infra Private Limited	Rizaciralyra née Uday Infra Private Limited	G-10, G.F. Aggarwal Bhawan, 35-36, Nehru Place, New Delhi, South Delhi, Delhi	South Delhi, G-10, Delhi, G.F. Aggarwal Bhawan, 35-36, Nehru Place, New Delhi	all_current_passes	no_key_intersection_or_cap
S1-429417491	S3-840558966	S3	India	Agni To Corporation	Aai To Corporation	Flat No.9 Vishal Heritage Hissa 3/25 Sno 48 Wadgaonsheri, Pune, Maharashtra	Flat No.9 Vishal Heritage Hissa 3/25 Sno 48 Wadgaonsheri, Pune, Shirur, MH	all_current_passes	no_key_intersection_or_cap
S1-845507859	S2-24496898	S2	India	Shiva Consultants Pvt Ltd	ಶಿವ ಕನ್ಸಲ್ಟೆಂಟ್ಸ್ ಪ್ರೈವೇಟ್ ಲಿಮಿಟೆಡ್	Royal Space, Building No.154/20, V 279, 3Rd Floor, 5Th Main, Hsr Layout 7Th Sector, Madina Nagar, Bommanahalli, Bangalore South, Bangalore, Karnataka	HN 209 ROYAL SPACE, BUILDING NO.154/20, V 279, 3RD FLOOR, 5TH MAIN, HSR LAYOUT 7TH SECTOR, MADINA NAGAR, BOMMANAHALLI, BANGALORE, BANGALORE SOUTH, Karnataka	all_current_passes	no_key_intersection_or_cap
S1-845507859	S2-680902222	S2	India	Shiva Consultants Pvt Ltd	Novivio	Royal Space, Building No.154/20, V 279, 3Rd Floor, 5Th Main, Hsr Layout 7Th Sector, Madina Nagar, Bommanahalli, Bangalore South, Bangalore, Karnataka	HN 209 ROYAL SPACE, BUILDING NO.154/20, V 279, 3RD FLOOR, 5TH MAIN, HSR LAYOUT 7TH SECTOR, MADINA NAGAR, BOMMANAHALLI, BANGALORE, BANGALORE SOUTH, Karnataka	all_current_passes	no_key_intersection_or_cap
S1-845507859	S3-105925672	S3	India	Shiva Consultants Pvt Ltd	Korsolvera	Royal Space, Building No.154/20, V 279, 3Rd Floor, 5Th Main, Hsr Layout 7Th Sector, Madina Nagar, Bommanahalli, Bangalore South, Bangalore, Karnataka	Bangalore South, KA, Bangalore, Royal Space	all_current_passes	no_key_intersection_or_cap
S1-232040435	S2-422633167	S2	US	Office of Environmental Protection	Office of Envirbhmertl Protection	236 5th St S, Central City, IA	0236 5TH ST S, CENTRAL CITY, IA	all_current_passes	no_key_intersection_or_cap
S1-969359084	S3-785521957	S3	India	Emxcel Corporate Ltd	Emxcel Crpofaedt Ltd	B-1/3, Jeevan Jyoti Apartments, Pitam Pura, Delhi, North Delhi, Delhi	B-3/3, Pitampura, Delhi, DL	all_current_passes	no_key_intersection_or_cap
S1-270346740	S3-109023350	S3	US	Painters Local 983	Painters Lnol 983	1018 Cr 533, Berryville, AR	01018 Cr 533, Berryville, Arkansas	all_current_passes	no_key_intersection_or_cap
S1-270346740	S3-582652910	S3	US	Painters Local 983	Painters Locsnba 983	1018 Cr 533, Berryville, AR	01018 Cr 533, Arkansas, Berryville	all_current_passes	no_key_intersection_or_cap
S1-865509540	S3-839768578	S3	US	Murray & Lunsford Systems Inc	Zetavantage formerly known as Murray & Lunsford Systems Inc	NY, Brookhaven, 24 Saint George Drive	24 Saint George Drive, Brookhaven, NY	all_current_passes	no_key_intersection_or_cap
S1-951159035	S2-417819840	S2	India	Sai Construction	సాయి కన్‌స్ట్రక్షన్	5Th Floor, Bbr Avenue, Plot No 38, C Block 7/3, Brindavanamu Colony, Kokapet, Rajendranagar, K.V.Rangareddy, Telangana	NO G-5TH FLOOR, RAJENDRANAGAR, K.V.RANGAREDDY, Telangana	all_current_passes	no_key_intersection_or_cap
S1-951159035	S2-875950440	S2	India	Sai Construction	Sai  Services	5Th Floor, Bbr Avenue, Plot No 38, C Block 7/3, Brindavanamu Colony, Kokapet, Rajendranagar, K.V.Rangareddy, Telangana		all_current_passes	no_key_intersection_or_cap
S1-951159035	S3-836271457	S3	India	Sai Construction	Zephgildecto f/k/a Sai Construction	5Th Floor, Bbr Avenue, Plot No 38, C Block 7/3, Brindavanamu Colony, Kokapet, Rajendranagar, K.V.Rangareddy, Telangana	Rajendranagar, Telangana, K.V.Rangareddy, 5Th Floor, Bbr Avenue, Plot No 38, C Block 7/3, Brindavanamu Colony, Kokapet	all_current_passes	no_key_intersection_or_cap
S1-947134124	S2-285479972	S2	India	Gadhinglaj Industries Private Limited	Gadhinglaj Industries Industries Private	H. No. 1338, Behind T. K. Kolekar Senior College, Nesari, Tal. Gadhinglaj, Gadhinglaj, Kolhapur, Maharashtra	H. NO. 13-38 , BEHIND T. K. KOLEKAR SENIOR COLLEGE, NESARI, TAL. GADHINGLAJ, GADHINGLAJ, महाराष्ट्र	all_current_passes	no_key_intersection_or_cap
S1-947134124	S3-467610013	S3	India	Gadhinglaj Industries Private Limited	Gadhinglaj Industries Private	H. No. 1338, Behind T. K. Kolekar Senior College, Nesari, Tal. Gadhinglaj, Gadhinglaj, Kolhapur, Maharashtra	Kolhapur, MH, H. No. 1338, Kolhapur, Behind T. K. Kolekar Senior College, Nesari, Tal. Gadhinglaj	all_current_passes	no_key_intersection_or_cap
S1-332633797	S3-971354514	S3	India	Future Construction Private Limited	फ्यूचर कंस्ट्रक्शन प्राइवेट लिमिटेड	Bihar, W/O Ashok Bhuiya Vill-Karmi Po-Rafiganj Ps Rafiganj Hno 10 Near Of School Vill, Aurangabad, Karmi Po+Ps-Rafiganj	W/o Ashok Bhuiya Vill-karmi Po-rafiganj Ps Rafiganj Hno 10 Near Of School Vill, Karmi Po+ps-rafiganj, Aurangabad, बिहार	all_current_passes	no_key_intersection_or_cap
S1-332633797	S3-679742767	S3	India	Future Construction Private Limited	फ्यूचर Construction Private Limited	Bihar, W/O Ashok Bhuiya Vill-Karmi Po-Rafiganj Ps Rafiganj Hno 10 Near Of School Vill, Aurangabad, Karmi Po+Ps-Rafiganj	W/o Ashok Bhuiya Vill-karmi Po-rafiganj Ps Rafiganj Hno 10 Near Of School Vill, Karmi Po+ps-rafiganj, Aurangabad, BR	all_current_passes	no_key_intersection_or_cap
S1-332633797	S3-120094780	S3	India	Future Construction Private Limited	फ्यूचर कंस्ट्रक्शन प्राइवेट लिमिटेड	Bihar, W/O Ashok Bhuiya Vill-Karmi Po-Rafiganj Ps Rafiganj Hno 10 Near Of School Vill, Aurangabad, Karmi Po+Ps-Rafiganj	W/o Ashok Bhuiya Vill-karmi Po-rafiganj Ps Rafiganj Hno 10 Ner Of School Vill, Karmi Po+ps-rafiganj, Aurangabad, बिहार	all_current_passes	no_key_intersection_or_cap
S1-650989164	S3-899739007	S3	US	Doster Detailing LLC	Doster Detai1ing Detai1ing LLC	160 Gray Lane, Kalispell, MT	160 1/2 Gray Ln, Kalispell, Montana	all_current_passes	no_key_intersection_or_cap
S1-268584924	S2-744988206	S2	US	Wallace Argentina LLC	WALLACEARGENTINA.COM	703 Lafontaine Street, Huntington, IN	03 LAFONTAINE STREET, HUNTINGTON, IN	all_current_passes	no_key_intersection_or_cap
S1-206569853	S2-246893714	S2	India	Dream Investment Private Limited	ड्रीम इन्वेस्टमेंट प्राइवेट लिमिटेड	275 Katghar, Allahabad, Uttar Pradesh	75 KAAGHAR, ALLAHABAD, Uttar Pradesh	all_current_passes	no_key_intersection_or_cap
S1-206569853	S2-650042785	S2	India	Dream Investment Private Limited	ड्रीम इन्वेस्टमेंट प्राइवेट लिमिटेड	275 Katghar, Allahabad, Uttar Pradesh	75 KATGHAR, ALLAHABAD, उत्तर प्रदेश	all_current_passes	no_key_intersection_or_cap
S1-206569853	S2-298174647	S2	India	Dream Investment Private Limited	Dr dreaminvestment.com #69815	275 Katghar, Allahabad, Uttar Pradesh	DOOR NO 75 KATGHAR, ALLAHABAD, Uttar Pradesh	all_current_passes	no_key_intersection_or_cap
S1-206569853	S3-902889499	S3	India	Dream Investment Private Limited	Private Dream Investment Ltd	275 Katghar, Allahabad, Uttar Pradesh	H.no D/275 Katghar, Allahabad, UP	all_current_passes	no_key_intersection_or_cap
S1-893695207	S2-721917107	S2	US	Oncology Atlantic Health Inc	Oncology Health-Inc Center	5925 University Drive, Unit 111, Mesa Falcon Field, AZ		all_current_passes	no_key_intersection_or_cap
S1-893695207	S3-639631814	S3	US	Oncology Atlantic Health Inc	atlantichealth0ncology.com	5925 University Drive, Unit 111, Mesa Falcon Field, AZ	University Dr, Unit 111, Mesa Falcon Field, Arizona	all_current_passes	no_key_intersection_or_cap
S1-367678985	S2-842042266	S2	US	Hussain Endocrinology	Hussain Endocrinaology	1534 27th Street, Columbus, IN	COLUMBUS, 153 27TH STREET, IN	all_current_passes	no_key_intersection_or_cap
S1-367678985	S2-45739229	S2	US	Hussain Endocrinology	Hussain Center	1534 27th Street, Columbus, IN	153 27th St, COLUMBUS, IN	all_current_passes	no_key_intersection_or_cap
S1-717956928	S2-124432095	S2	US	Pediatric Medicine	PEDIATRICMEDICINECOM	2001 Harwood Street, Lincoln, NE	2013 HARWOOD STREET, LINCOLN CITY, NE	all_current_passes	no_key_intersection_or_cap
S1-960449899	S2-943749349	S2	India	Anand Exports Private Limited	આનંદ એક્સપોર્ટ્સ પ્રાઇવેટ લિમિટેડ	201, Shanti Niketan Apartment Opp. Central Bank Of India, Navsari, Gujarat	NO 785 201, NAVSARI, SHANTI NIKETAN APARTMENT OPP. CENTRAL BANK OF INDIA, Gujarat	all_current_passes	no_key_intersection_or_cap
S1-960449899	S3-697231331	S3	India	Anand Exports Private Limited	આનંદ એક્સપોર્ટ્સ પ્રાઇવેટ લિમિટેડ	201, Shanti Niketan Apartment Opp. Central Bank Of India, Navsari, Gujarat	20, Shanti Niketan Apartment Opp. Central Bank Of India, Navsari, GJ	all_current_passes	no_key_intersection_or_cap
S1-960449899	S3-467985871	S3	India	Anand Exports Private Limited	આણંદ એક્સપોર્ટ્સ પ્રાઇવેટ લિમિટેડ	201, Shanti Niketan Apartment Opp. Central Bank Of India, Navsari, Gujarat	20, Shanti Niketan Apartment Opp. Central Bank Of India, Navsari, GJ	all_current_passes	no_key_intersection_or_cap
S1-960449899	S3-925889676	S3	India	Anand Exports Private Limited	Anand Exp0rts  Private	201, Shanti Niketan Apartment Opp. Central Bank Of India, Navsari, Gujarat	20, Shanti Niketan Apartment Opp. Central Bank Of India, Navsari, ગુજરાત	all_current_passes	no_key_intersection_or_cap
S1-761661692	S2-802765784	S2	US	First Star Tinto, LLC	First Sitar Tinto, LLC	228 Caroline Place, Dover, DE	CAROLINE PLACE, DOVER, DE	all_current_passes	no_key_intersection_or_cap
S1-34188140	S2-973234692	S2	India	Dss Welfare Society LLP	Smt Dss Welfare	Building No. 15/203, First Floor Hail Mary Junction, Perumpilly Po, Mulanthuruthy, Ernakulam, Kerala	#865. BUILDING NO. 15/203, FIRST FLOOR HAIL MTRY JUNCTION, PERUMPILLY PO, MULANTHURUTHY, Keralam	all_current_passes	no_key_intersection_or_cap
S1-34188140	S3-957989589	S3	India	Dss Welfare Society LLP	Dss Society LLP  Services	Building No. 15/203, First Floor Hail Mary Junction, Perumpilly Po, Mulanthuruthy, Ernakulam, Kerala	First Floor Hail Mary Junction, Perumpilly Po, Ernakulam, Keralam, Mulanthuruthy, Building No. ##15/203	all_current_passes	no_key_intersection_or_cap
S1-34188140	S3-157465541	S3	India	Dss Welfare Society LLP	Dr dsswelfaresociety.com	Building No. 15/203, First Floor Hail Mary Junction, Perumpilly Po, Mulanthuruthy, Ernakulam, Kerala	Building No. ##15/203, First Floor Hail Mary Junction, Perumpilly Po, Ernakulam, Mulanthuruthy, Keralam	all_current_passes	no_key_intersection_or_cap
S1-22904457	S2-458831613	S2	US	Primary Care Medicine LLC	Primary Care Care	5037 25th Place, Cicero, IL	5037-D 25TH PLACE, CICERO, IL	all_current_passes	no_key_intersection_or_cap
S1-688983753	S3-13387829	S3	US	Jessica Baker Integrated Property LLC	Haloiriio née Jessica Baker Integrated Property LLC	320 Roselle Road, Roselle, IL	IL, Roselle, 320 Roselle Road	all_current_passes	no_key_intersection_or_cap
S1-267682501	S3-515933286	S3	US	JK Grand Adamas LLC	JK Grand	4712 Comal Street, Pearland, TX	Texas, Pearland CIY, 471 Comal Street	all_current_passes	no_key_intersection_or_cap
S1-267682501	S3-474020962	S3	US	JK Grand Adamas LLC	JK Gd Adamas LLC	4712 Comal Street, Pearland, TX	471 Comal St, Pearland CIY, Texas	all_current_passes	no_key_intersection_or_cap
S1-693256026	S3-788157737	S3	US	Peridus Tech, LLC	The Peridus Tech, LLC	KY, Grand Rivers, 203 B R T Road	203-A B R T Rd, Grand Rivers, Kentucky	all_current_passes	no_key_intersection_or_cap
S1-38241942	S2-568676161	S2	India	Thasra Consultancy Private Limited	thásraconsultancy.com	C/O Patel Manojkumar Ambalal, Near Bharat Petroleum, Thasra, Kheda, Gujarat	C/O PATEL MANOJKUMAR AMBALAL, NEAR BHARAT PETROLEUM, THASRA, ગુજરાત	all_current_passes	no_key_intersection_or_cap
S1-38241942	S3-10104411	S3	India	Thasra Consultancy Private Limited	Arclum D.B.A. Thasra Consultancy Private Limited	C/O Patel Manojkumar Ambalal, Near Bharat Petroleum, Thasra, Kheda, Gujarat	Kheda, Near Bharat Petroleum, Gujarat, Thasra, C/O Patel Manojkumar Ambalal	all_current_passes	no_key_intersection_or_cap
S1-199554784	S2-605498104	S2	India	New Delhi Ai Private Limited	New Delhi Ai  Private	New Delhi, Nhai Corporate Officeplot G-5 & 6 Sector -10 Dwarka, West Delhi, Delhi	NHAI CORPORATE OFFICEPLOT G-5 & 6 SECTOR -10 DWARKA, NEW DELHI, Delhi	all_current_passes	no_key_intersection_or_cap
S1-199554784	S2-425339415	S2	India	New Delhi Ai Private Limited	New Di Ai Private Limited	New Delhi, Nhai Corporate Officeplot G-5 & 6 Sector -10 Dwarka, West Delhi, Delhi		all_current_passes	no_key_intersection_or_cap
S1-199554784	S3-785387667	S3	India	New Delhi Ai Private Limited	New Delhi Ai Private Ltd	New Delhi, Nhai Corporate Officeplot G-5 & 6 Sector -10 Dwarka, West Delhi, Delhi	Nhai Corporate Officeplot G-05 & 6 Sector -10 Dwarka, New Delhi, West Delhi, DL	all_current_passes	no_key_intersection_or_cap
S1-289962618	S2-718193362	S2	India	Black Hari Technologies Private Limited	બ્લેક હરિ ટેક્નોલોજીસ પ્રાઇવેટ લિમિટેડ	Jay Siyaram Industrial Estate, Plot No 6, Shed No 1, Nr. Ajay Weigh Bridge, Rajkot, Gujarat	PLOT 448 JAY SIYARAM INDUSTRIAL ESTATE, PLOT NO 6, SHED NO 1, NR. AJAY WEIGH BRIDGE, RAJKOT, Gujarat	all_current_passes	no_key_intersection_or_cap
S1-920620020	S2-646895637	S2	India	Krishna Mining Private Limited	miningprivate.com	M-601, Maceo, Sector 91 Meoka (121), Gurgaon, Haryana	M-01, MACEO, SECTOR 91 MEOKA (121), GARHI HARSARU, Haryana	all_current_passes	no_key_intersection_or_cap
S1-920620020	S2-103716158	S2	India	Krishna Mining Private Limited	Private Krishna Mining (Limited)	M-601, Maceo, Sector 91 Meoka (121), Gurgaon, Haryana	M-01, MACEO, SECTOR 91 MEOKA (121), GARHI HARSARU, हरियाणा	all_current_passes	no_key_intersection_or_cap
S1-297991452	S2-170871388	S2	India	Sky Infotech Limited	ஸ்கை இன்ஃபோடெக் லிமிடெட்	3, First Street, Kurinji Nagar, Tambaram, Kanchipuram, Tamil Nadu	#265. 3, FIRST STREET, KURINJI NAGAR, KANCHIPURAM, TAMBARAM, தமிழ்நாடு	all_current_passes	no_key_intersection_or_cap
S1-297991452	S2-94455164	S2	India	Sky Infotech Limited	ஸ்கை இன்ஃபோடெக் லிமிடெட்	3, First Street, Kurinji Nagar, Tambaram, Kanchipuram, Tamil Nadu	NO. 265. 3, TAMBARAM, KANCHIPURAM, Tamil Nadu	all_current_passes	no_key_intersection_or_cap
S1-34940329	S2-903023022	S2	India	Mumbai Hospitalities Private Limited	Mumbai Private Limited Services	Flat No 73, Floor No 6, Wing 6, Shivanand -6, Chitrakar Ketkar Marg, Near M L Dahanukar Collge Of Commerce, Vile Parle - East, Mumbai, Maharashtra	#73 , FLOOR NO 6, WING 6, SHIVANAND -6, CHITRAKAR KETKAR MARG, NEAR M L DAHANUKAR COLLGE OF COMMERCE, VILE PARLE - EAST, MUMBAI, Maharashtra	all_current_passes	no_key_intersection_or_cap
S1-34940329	S3-951652837	S3	India	Mumbai Hospitalities Private Limited	Private Mumbai Hospitalities Límited	Flat No 73, Floor No 6, Wing 6, Shivanand -6, Chitrakar Ketkar Marg, Near M L Dahanukar Collge Of Commerce, Vile Parle - East, Mumbai, Maharashtra	Flat No 73/6, Mumbai, महाराष्ट्र	all_current_passes	no_key_intersection_or_cap
S1-856111350	S3-856986375	S3	US	Z+ Pro LP	Zpro.Com	545 Evergreen Avenue, Youngstown, OH	545-D Evergreen Ave, Youngstown, Ohio	all_current_passes	no_key_intersection_or_cap
S1-856111350	S3-359679199	S3	US	Z+ Pro LP	zpro.com	545 Evergreen Avenue, Youngstown, OH	545-D Evergreen Ave, Youngstown, Ohio	all_current_passes	no_key_intersection_or_cap
S1-590392911	S2-923345876	S2	US	Lambert Pimco, Inc	Services Lambert Inc	854 Ewing Street, Joliet, IL	856 EWING STREET, NULL, JOLITE CITY, IL	all_current_passes	no_key_intersection_or_cap
S1-590392911	S2-959597922	S2	US	Lambert Pimco, Inc	LAMBERT PISC, (INC)	854 Ewing Street, Joliet, IL	856 EWING ST, NULL, JOLITE CITY, IL	all_current_passes	no_key_intersection_or_cap
S1-590392911	S2-943166437	S2	US	Lambert Pimco, Inc	Lambert Inc-Services	854 Ewing Street, Joliet, IL	856 Ewing St, NULL, JOLITE CITY, IL	all_current_passes	no_key_intersection_or_cap
S1-456900390	S3-337696255	S3	US	Urgent Care Gulf Partners LLC	urgentcaregu1f.com	Winterset, 824 4th Avenue, IA	824-A Fourth Ave, Lincoln, Iowa	all_current_passes	no_key_intersection_or_cap
S1-147531129	S3-106797188	S3	India	Das Inframart	Dasinframart.Com	Flat No. B-211, Bldg No.2, Palmgroves Nanbhat Road, Vasai, Thane, Maharashtra	Flat No. B-a-211, Bldg No.2, Palmgroves Nanbhat Road, Vasai, Thane, महाराष्ट्र	all_current_passes	no_key_intersection_or_cap
S1-147531129	S3-647867088	S3	India	Das Inframart	Das	Flat No. B-211, Bldg No.2, Palmgroves Nanbhat Road, Vasai, Thane, Maharashtra	Flat No. B-211, Bldg No.2, Palmgroves Nanbhat Road, Vasai, Thane, Maharashtra	all_current_passes	no_key_intersection_or_cap
S1-956726685	S3-479204903	S3	US	Boswell Coastal Dynamics LP	LP 8oswell Coastal Dynamics	15 Helio Hills Lane, WA, Manson	15-C Helio Hills Ln, Mannson, Washington	all_current_passes	no_key_intersection_or_cap
S1-102206723	S2-932550817	S2	US	Physical Therapy Heartland Clinic	Physica1-Therapy Heartland Clinic	950 Woodland Avenue, Unit 5, Ojai, CA	##950 WOODLAND AVENUE, NULL, OJAI, CA	all_current_passes	no_key_intersection_or_cap
S1-901640603	S2-133479863	S2	US	Sherman Frontier Rithm Inc.	Sherman Rithm Inc.  Center	749 Black Creek Drive, Chattanooga, TN		all_current_passes	no_key_intersection_or_cap
S1-393540392	S3-856478591	S3	India	Technologies Saket Services	Vantagexyloevo	H. No. 266, Double Storey, New Rajinder Nagar, Delhi, Central Delhi, Delhi	H. No. 266, Double Storey, New Rajinder Nagar, Delhi, Central Delhi, Delhi	all_current_passes	no_key_intersection_or_cap
S1-249653998	S2-430985420	S2	India	Creativity Systems	Creativity  Sstses	C/O Vansh Narayan H.No 837 Bhagat Vatika Near Itc Gate, Saharanpur, Uttar Pradesh	C/O VANSH NARAYAN H.NO 837 BHAGAT VATIKA NEAR ITC GATE, SAHARANPUR, Uttar Pradesh	all_current_passes	no_key_intersection_or_cap
S1-249653998	S2-48987082	S2	India	Creativity Systems	Creativity 5ystems	C/O Vansh Narayan H.No 837 Bhagat Vatika Near Itc Gate, Saharanpur, Uttar Pradesh		all_current_passes	no_key_intersection_or_cap
S1-251080561	S3-475161094	S3	US	Trinity Baptist Church	Trinity Trinity Baptist	115 Commercial Drive, Unit B, Mooresville, NC	115 1/2 Commercial Drive, # B, Mooresville, North Carolina	all_current_passes	no_key_intersection_or_cap
S1-942252068	S3-730397995	S3	US	Polaris LLC	Polaris LLC  Service Enterprises	14637 Labrador Avenue, Fontana, CA		all_current_passes	no_key_intersection_or_cap
S1-466963472	S2-24944329	S2	US	Highland Society PC	PC Highland Sohedy	NC, 107 Ben Williams Road, Jacksonville	107 BEN WILLIAMS RD, JACKSONVILLE, NC	all_current_passes	no_key_intersection_or_cap
S1-467172907	S2-144130825	S2	India	Prime Infrastructure Private Limited	प्राइम इंफ्रास्ट्रक्चर प्राइवेट लिमिटेड	36, Dakshineshwar Building, 10, Hailey Road, New Delhi, Delhi	NEW DELHI, 36, दिल्ली, CENTRAL DELHI	all_current_passes	no_key_intersection_or_cap
S1-467172907	S3-557552533	S3	India	Prime Infrastructure Private Limited	Primeinfrastructureprivate.Com	36, Dakshineshwar Building, 10, Hailey Road, New Delhi, Delhi	Delhi Connaught Place, New Delhi, Dakshineshwar Building, 10, 36, DL	all_current_passes	no_key_intersection_or_cap
S1-912645081	S2-571419532	S2	US	Mauer, Lipsky & Walker Inc	CENTER MAUER, LIPSKY WALKER INC	1244 Arbor Road, Unit 405, Winston-salem, NC	001244 ARBOR ROAD, WINSTON-SALEM, NC	all_current_passes	no_key_intersection_or_cap
S1-845829210	S3-842729013	S3	India	Infinite Research Limited	infiniteresearch.com	H.No 8-2-293/82/J/B/60, 1St Floor Journalists Colony, Shaikpet, Hyderabad, Telangana	Shaikpet, NULL, H.no 8-2-293/82/J/B/60., తెలంగాణ, Hyderabad	all_current_passes	no_key_intersection_or_cap
S1-958297307	S2-753140238	S2	US	Hearn Jersey, LLC	Hearn Jerfey, LLC	Fairfax County, Unit STE 103, VA, 7336 Route 29	7336 ROOTE 29, FALLS CHURCH, VA	all_current_passes	no_key_intersection_or_cap
S1-958297307	S3-103154542	S3	US	Hearn Jersey, LLC	Hearn LLC Center	Fairfax County, Unit STE 103, VA, 7336 Route 29	7336 Route 29, Virginia, Falls Church	all_current_passes	no_key_intersection_or_cap
S1-958297307	S3-278439020	S3	US	Hearn Jersey, LLC	Hearn LLC Center	Fairfax County, Unit STE 103, VA, 7336 Route 29	7336 Route 29, Falls Church, Virginia	all_current_passes	no_key_intersection_or_cap
S1-510640586	S2-431727928	S2	India	North Estate Limited	नॉर्थ एस्टेट लिमिटेड	246, Ist Floor, Sant Nagar, New Delhi, South Delhi, Delhi	NO. 681 246, NEW DELHI, SOUTH DELHI, Delhi	all_current_passes	no_key_intersection_or_cap
S1-510640586	S2-754450081	S2	India	North Estate Limited	नॉर्थ एस्टेट लिमिटेड	246, Ist Floor, Sant Nagar, New Delhi, South Delhi, Delhi	#681 246, NEW DELHI, SOUTH DELHI, Delhi	all_current_passes	no_key_intersection_or_cap
S1-510640586	S3-243061544	S3	India	North Estate Limited	नॉर्थ एस्टेट लिमिटेड	246, Ist Floor, Sant Nagar, New Delhi, South Delhi, Delhi	A-246, Ist Floor, Sant Nagar, New Delhi, South Delhi, दिल्ली	all_current_passes	no_key_intersection_or_cap
S1-791263821	S3-834523308	S3	US	Bay and Zimmerman Chain	bayzimmermanchain.c0m	57 Fire Lane, Scipio, NY	Fire Ln, Scipio, New York	all_current_passes	no_key_intersection_or_cap
S1-875282110	S2-499157661	S2	India	TY Services Private Limited	TY Services Private	New Delhi, Mustatil No-6, Killa No. 3, Nishant Park, Najafgarh Road, Kakrola, Plot No. C-3, Delhi, West Delhi	PLOT NO. C-#3, MUSTATIL NO-6, KILLA NO. 3, NISHANT PARK, NAJAFGARH ROAD, KAKROLA, NEW DELHI, Delhi	all_current_passes	no_key_intersection_or_cap
S1-875282110	S2-156558238	S2	India	TY Services Private Limited	TY Services Private Ltd	New Delhi, Mustatil No-6, Killa No. 3, Nishant Park, Najafgarh Road, Kakrola, Plot No. C-3, Delhi, West Delhi	PLOT NO. C-#3, MUSTATIL NO-6, KILLA NO. 3, NISHANT PARK, NAJAFGARH ROAD, KAKROLA, NEW DELHI, Delhi	all_current_passes	no_key_intersection_or_cap
S1-847307458	S2-803648232	S2	India	Global Ss Management Pvt Ltd	ગ્લોબલ એસએસ મેનેજમેન્ટ પ્રા. લિ.	G.I.D.C, Shed-G 25, Gandhidham, Kachchh, Gujarat	SHED-G 25, G.I.D.C, KACHCHH, Gujarat, GANDHIDHAM	all_current_passes	no_key_intersection_or_cap
S1-847307458	S3-509854488	S3	India	Global Ss Management Pvt Ltd	ગ્લોબલ એસએસ મેનેજમેન્ટ પ્રા. લિ.	G.I.D.C, Shed-G 25, Gandhidham, Kachchh, Gujarat	Brock F-b3/647 G.i.d.c, Shed-g 25, Gandhidham, Kachchh, GJ	all_current_passes	no_key_intersection_or_cap
S1-958383057	S3-264224599	S3	India	Agro Mahan Laboratories Company	Mahan Agro	12, 3Rd Cross Street, Trustpuram, Madras 24 Trustpuram, Madras 24, Trustpuram, Madras 24, Chennai, Tamil Nadu	3Rd Cross Street, Trustpuram, Madras 24 Trustpuram, Madras 24, Trustpuram, 12, Chennai, Madras 24, Tamil Nadu	all_current_passes	no_key_intersection_or_cap
S1-34698027	S2-783389260	S2	India	Unique Construction Pvt Ltd	यूनिक कंस्ट्रक्शन प्रा. लि.	S.No. 138/1 Green Olive Fl- A/501 Fl-A/501 Nr Symboisis Hostel, Pune, Maharashtra	S.NO. 138/1 GREEN OLIVE FL- A/501 FL-A/501 NR SYMBOISIS HOSTEL, PUNE, Maharashtra	all_current_passes	no_key_intersection_or_cap
S1-34698027	S3-16939046	S3	India	Unique Construction Pvt Ltd	Unique Contrutcimnh Pvt Ltd	S.No. 138/1 Green Olive Fl- A/501 Fl-A/501 Nr Symboisis Hostel, Pune, Maharashtra	Hn 52 S.no. 138/1 Green Olive Fl- A/501 Fl-a/501 Nr Symboisis Hostel, Pune, MH	all_current_passes	no_key_intersection_or_cap
S1-34698027	S3-623971926	S3	India	Unique Construction Pvt Ltd	यूनिक कंस्ट्रक्शन प्रा. लि.	S.No. 138/1 Green Olive Fl- A/501 Fl-A/501 Nr Symboisis Hostel, Pune, Maharashtra	MH, Pune, Hn 52 S.no. 138/1 Green Olive Fl- A/501 Fl-a/501 Nr Symboisis Hostel, Pune	all_current_passes	no_key_intersection_or_cap
S1-383410847	S3-660283156	S3	US	New Life Zion	Quonyla aka New Life Zion	WA, 436 Broadway, Tacoma, Unit #200	436 Broadway, Unit #200, Tacoma, WA	all_current_passes	no_key_intersection_or_cap
S1-786154505	S2-378000587	S2	India	Axial & Sons Private Limited	AXIAL & SOSM PRIVATE LIMITED	Flat No.2-B/174, Windermere Chs Ltd, New Link Road Oshiwara, Near Mega Mall, Andheri (W), Mumbai, Mumbai City, Maharashtra	Maharashtra, #2-B/174 , WINDERMERE CHS LTD, NEW LINK ROAD OSHIWARA, NEAR MEGA MALL, ANDHERI (W), MUMBAI	all_current_passes	no_key_intersection_or_cap
S1-786154505	S2-266047688	S2	India	Axial & Sons Private Limited	Axial & Snos Private Limited	Flat No.2-B/174, Windermere Chs Ltd, New Link Road Oshiwara, Near Mega Mall, Andheri (W), Mumbai, Mumbai City, Maharashtra	Maharashtra, 2-B/174 , WINDERMERE CHS LTD, NEW LINK ROAD OSHIWARA, NEAR MEGA MALL, ANDHERI (W), MUMBAI	all_current_passes	no_key_intersection_or_cap
S1-32048079	S2-881452813	S2	India	Galaxy Bombay Management Private Limited	गैलेक्सी बॉम्बे मैनेजमेंट प्राइवेट लिमिटेड	South West Delhi, Delhi, Mansih Chamber-Iv, Plot No-7, Sector-12. Lsc Dwarka 3Rd Floor, Office No. T-6, Delhi	OFFICE NO. T-##6, MANSIH CHAMBER-IV, PLOT NO-7, SECTOR-12. LSC DWARKA 3RD FLOOR, DELHI, SOUTH WEST DELHI, Delhi	all_current_passes	no_key_intersection_or_cap
S1-32048079	S3-134350666	S3	India	Galaxy Bombay Management Private Limited	गैलेक्सी बॉम्बे मैनेजमेंट प्राइवेट लिमिटेड	South West Delhi, Delhi, Mansih Chamber-Iv, Plot No-7, Sector-12. Lsc Dwarka 3Rd Floor, Office No. T-6, Delhi	Office No. T-6., Delhi, South West Delhi, DL	all_current_passes	no_key_intersection_or_cap
S1-297037917	S2-272937180	S2	India	IWD Natural Limited	IWD Naoural Limited	New Delhi, Delhi, Pocket 3 Sector-19 Dwaraka, Flat -489	FLAT -489, POCKET 3 SECTOR-19 DWARAKA, NEW DELHI, Delhi	all_current_passes	no_key_intersection_or_cap
S1-297037917	S2-170522322	S2	India	IWD Natural Limited	IWD Limited Services	New Delhi, Delhi, Pocket 3 Sector-19 Dwaraka, Flat -489	Delhi, FLAT -489, POCKET 3 SECTOR-19 DWARAKA, NEW DELHI	all_current_passes	no_key_intersection_or_cap
S1-85129189	S2-135197506	S2	US	Internal Medicine Center LLC	lnternal Medicine Center  LLC	Springfield, 2646 Sunshine Street, MO	SPRINGFIELD, MO, 2646 SUNSHINE STREET	all_current_passes	no_key_intersection_or_cap
S1-986516034	S2-853483077	S2	US	Womens Health Partners	Womens Health	4 Bridge Street, Monson, MA	##4 BRIDGE STREET, MONSON CITY, MA	all_current_passes	no_key_intersection_or_cap
S1-986516034	S2-825092928	S2	US	Womens Health Partners	WOMENSHEALTHPARTNERS.COM	4 Bridge Street, Monson, MA	##4 BRIDGE ST, MONSON CITY, MA	all_current_passes	no_key_intersection_or_cap
S1-986516034	S3-5379716	S3	US	Womens Health Partners	Womens Partners Center	4 Bridge Street, Monson, MA	4 Bridge St, Monson, Massachusetts	all_current_passes	no_key_intersection_or_cap
S1-986516034	S3-588063432	S3	US	Womens Health Partners	womenshealthpartners.com	4 Bridge Street, Monson, MA	4 Bridge Street, Monson, Massachusetts	all_current_passes	no_key_intersection_or_cap
S1-969243928	S3-29610628	S3	India	Black Finance Private Limited	ब्लैक फाइनेंस प्राइवेट लिमिटेड	2B Two Roses Ground Floorpali Road Bandra (W), Mumbai, Maharashtra	No 2B Two Roses Ground Floorpali Road Bandra (W), Mumbai, MH	all_current_passes	no_key_intersection_or_cap
S1-523632949	S2-658153348	S2	India	Amrut Group of Companies Ltd	ACOMPANIES.COM	Madhya Pradesh, Indore, 226 - Tanki Chowk Bijalpur, Indore	22 - TANKI CHOWK BIJALPUR, INDORE, Madhya Pradesh	all_current_passes	no_key_intersection_or_cap
S1-523632949	S2-858637848	S2	India	Amrut Group of Companies Ltd	Shri Amrut Group Of Companies Ltd	Madhya Pradesh, Indore, 226 - Tanki Chowk Bijalpur, Indore	#22 - TANKI CLOWK BIJALPUR, INDORE, Madhya Pradesh	all_current_passes	no_key_intersection_or_cap
S1-523632949	S3-465784216	S3	India	Amrut Group of Companies Ltd	ámrutcompanies.com	Madhya Pradesh, Indore, 226 - Tanki Chowk Bijalpur, Indore	Indore, ##226 - Tanki Chowk Bijalpur, MP	all_current_passes	no_key_intersection_or_cap
S1-107452900	S3-559088411	S3	US	Altamont Youth Select Association Partners	Altamont Ydhght Select Association Partners	320 Township Road, Altamont, NY	321 Township Road, Altamont, New York	all_current_passes	no_key_intersection_or_cap
S1-107452900	S3-177747919	S3	US	Altamont Youth Select Association Partners	A1tamont Youth Select Association Partners	320 Township Road, Altamont, NY	321 Township Rd, Altamont, New York	all_current_passes	no_key_intersection_or_cap
S1-370447359	S2-365692796	S2	India	Galaxy Exports Private Limited	गैलेक्सी एक्सपोर्ट्स प्राइवेट लिमिटेड	A-305, Tower A, Sector-86, Adore Happy Homes, Faridabad, Haryana	FARIDABAD, हरियाणा, A-B3/305, FARIDABAD	all_current_passes	no_key_intersection_or_cap
S1-370447359	S2-642686964	S2	India	Galaxy Exports Private Limited	गैलेक्सी एक्सपोर्ट्स प्राइवेट लिमिटेड	A-305, Tower A, Sector-86, Adore Happy Homes, Faridabad, Haryana	A-B3/305, TOWER A, SECTOR-86, ADORE HAPPY HOMES, FARIDABAD, हरियाणा	all_current_passes	no_key_intersection_or_cap
S1-384495382	S2-224782387	S2	India	Garments Institute of Technology	Smt Garments Institute Institute of Technology [Co]	Maharashtra, Phulewadi Main Road, Rs No 1229/1, Karvir, Kolhapur	Maharashtra, RS NO 01229/1, PHULEWADI MAIN ROAD, KARVIR	all_current_passes	no_key_intersection_or_cap
S1-384495382	S3-769607337	S3	India	Garments Institute of Technology	Umbraarc DBA: Garments Institute of Technology	Maharashtra, Phulewadi Main Road, Rs No 1229/1, Karvir, Kolhapur	Rs No 1229/1, Phulewadi Main Road, Karvir, Kolhapur, Maharashtra	all_current_passes	no_key_intersection_or_cap
S1-549136348	S3-845557579	S3	India	Sunrise Solutions Private Limited	Sunrise Solutions Private  Ltd	3Rd Floor, Gh House, A-21/22 Yogeshwar Kripa Society Makrant Desai Marg, Vasna Road, Vadodara, Gujarat	Door No ##3Rd Floor, Vadodara, ગુજરાત	all_current_passes	no_key_intersection_or_cap
S1-177182415	S2-559311001	S2	India	Vijay Investments Private Limited	विजय इन्वेस्टमेंट्स प्राइवेट लिमिटेड	House Number 21, Ward Number 3 Kema Marg Dl 00404 Maharajpur, Maharajpur, Chhatarpur, Madhya Pradesh	HBUSE NUMBER ##21, MAHARAJPUR, CHHATARPUR, Madhya Pradesh	all_current_passes	no_key_intersection_or_cap
S1-28076299	S3-738541795	S3	US	Biva, LLC	Boiva, LLC	Kelly, WY, 6015 Highlands Drive Loop	6015 Highlands Drive Loop, Kelly, Wyoming	all_current_passes	no_key_intersection_or_cap
S1-362114529	S2-299860691	S2	India	Aparna Brothers Pvt. Ltd.	Aparna Botehrs Botehrs Pvt. Ltd.	Plot No. 49 Blk-B Sector 128 Dwarka Opposite Bal Bhawan Public School, New Delhi, West Delhi, Delhi	PLOT NO. ##49 BLK-B SECTOR 128 DWARKA OPPOSITE BAL BHAWAN PUBLIC SCHOOL, NEW DELHI, Delhi	all_current_passes	no_key_intersection_or_cap
S1-362114529	S3-334028237	S3	India	Aparna Brothers Pvt. Ltd.	Ltd. Aparna Pvt. Services	Plot No. 49 Blk-B Sector 128 Dwarka Opposite Bal Bhawan Public School, New Delhi, West Delhi, Delhi	##49 Blk-b Sector 128 Dwarka Opposite Bal Bhawan Public School, New Delhi, West Delhi, DL	all_current_passes	no_key_intersection_or_cap
S1-633912801	S2-932927575	S2	India	Kalidindi Aqua (India)	Shri Kalidindi Áqua (India)	Maharashtra, Sangli, H/No - 566 At - Vijay Nagar Near Zp School, Nigadi Kh, Jath	#00972 H/NO - 566 AT - VIJAY NAGAR NEAR ZP SCHOOL, NIGADI KH, JATH, Maharashtra	all_current_passes	no_key_intersection_or_cap
S1-633912801	S2-253829421	S2	India	Kalidindi Aqua (India)	Kalidindi Amqa (India)	Maharashtra, Sangli, H/No - 566 At - Vijay Nagar Near Zp School, Nigadi Kh, Jath	00972 H/NO - 566 AT - VIJAY NAGAR NEAR ZP SCHOOL, NIGADI KH, JATH, महाराष्ट्र	all_current_passes	no_key_intersection_or_cap
S1-992926925	S3-447280367	S3	India	Abhay (India) Asian Private Limited	Shri Abhay Abhay (India) Asian Private Limited	Sn-234A/14 Pl-9, Sanjay Park Lohgaon, Pune, Maharashtra	Pune, Sn-a-234a/14 Pl-9, महाराष्ट्र	all_current_passes	no_key_intersection_or_cap
S1-332389192	S2-833378080	S2	US	Highland Endocrinology	Highland Endcrniology	1285 89, White Sulphur Springs, MT	1286 89, WHITE SULPHUR SPRINGS, MT	all_current_passes	no_key_intersection_or_cap
S1-332389192	S2-667206235	S2	US	Highland Endocrinology	hendocrinology.com	1285 89, White Sulphur Springs, MT	1286 89, WHITE SULPHUR SPRINGS, MT	all_current_passes	no_key_intersection_or_cap
S1-737093634	S2-759907112	S2	US	Gina Bird Resorts	Gina 8ird-Resorts	37 1/2 Cleveland Avenue, Binghamton, NY	CLEVELAND AVE, BINGHAMTON, NY	all_current_passes	no_key_intersection_or_cap
S1-737093634	S3-307090935	S3	US	Gina Bird Resorts	Gina Brrd Resorts	37 1/2 Cleveland Avenue, Binghamton, NY	Cleveland Avenue, Binghamton, New York	all_current_passes	no_key_intersection_or_cap
S1-739035466	S3-821209762	S3	India	Moments Excellence Private Limited	Private Moments Excellence Limited	Pl.No.66, Rukmani Apartment, 2Nd Floor, Sita Nagar Near Dhawad Polytechnic Colleg Nagpur (M, Corp.), Nagpur, Maharashtra	Rukmani Apartment, 2Nd Floor, Sita Nagar Near Dhawad Polytechnic Colleg Nagpur (M, Corp.), Pl.no.66, MH, Nagpur	all_current_passes	no_key_intersection_or_cap
S1-697332200	S2-522628160	S2	India	Alpha Constructions Private Limited	আলফা কনস্ট্রাকশনস প্রাইভেট লিমিটেড	Kolkata, Jl Nehru Road, 9Th Floor, R.M. No.-, A-11, Kolkata, Chatterjee International Centre 33A, Howrah, West Bengal	CHATTERJEE INTERNATIONAL CENTRE 033A, JL NEHRU ROAD, 9TH FLOOR, R.M. NO.-, A-11, KOLKATA, KOLKATA REGION, HOWRAH, West Bengal	all_current_passes	no_key_intersection_or_cap
S1-697332200	S2-913383201	S2	India	Alpha Constructions Private Limited	আলফা কনস্ট্রাকশনস প্রাইভেট লিমিটেড	Kolkata, Jl Nehru Road, 9Th Floor, R.M. No.-, A-11, Kolkata, Chatterjee International Centre 33A, Howrah, West Bengal	CHATTERJEE INTERNATIONAL CENTRE 033A, JL NEHRU ROAD, 9TH FLOOR, R.M. NO.-, A-11, KOLKATA, KOLKATA, পশ্চিমবঙ্গ	all_current_passes	no_key_intersection_or_cap
S1-697332200	S3-832599561	S3	India	Alpha Constructions Private Limited	আলফা কনস্ট্রাকশনস Private Limited	Kolkata, Jl Nehru Road, 9Th Floor, R.M. No.-, A-11, Kolkata, Chatterjee International Centre 33A, Howrah, West Bengal	Howrah, Plot 72 Chatterjee International Centre 33A, পশ্চিমবঙ্গ	all_current_passes	no_key_intersection_or_cap
S1-697332200	S3-42117384	S3	India	Alpha Constructions Private Limited	আলফা কনস্ট্রাকশনস প্রাইভেট লিমিটেড	Kolkata, Jl Nehru Road, 9Th Floor, R.M. No.-, A-11, Kolkata, Chatterjee International Centre 33A, Howrah, West Bengal	Plot 72 Chatterjee International Centre 33A, Howrah, WB	all_current_passes	no_key_intersection_or_cap
S1-191211002	S2-254812068	S2	India	Hakim Cold (India) Company	Hakim Co1d-(India) Company	Flat No 102, Block D, Mona Greens, Vip Road, Zirakpur, Mohali, Punjab	H.NO #102 , BLOCK D, MONA GREENS, VIP ROAD, ZIRAKPUR, MOHALI, Punjab	all_current_passes	no_key_intersection_or_cap
S1-480754757	S2-667921032	S2	India	East Consulting Private Limited	ইস্ট কনসাল্টিং প্রাইভেট লিমিটেড	66 Salkia School Rdsalkia P S Golabari, Howrah, West Bengal	#64 STLKIA SCHOOL RDSALKIA P S GOLABARI, HOWRAH, West Bengal	all_current_passes	no_key_intersection_or_cap
S1-462399576	S3-916994876	S3	India	Dyechem & Brothers Pvt Ltd	Brosdyechem.Com	Pune, Maharashtra, 523, Narayan Peth, Near Modi Ganapati Temple	5-23, Near Modi Ganapati Temple, Pune, MH	all_current_passes	no_key_intersection_or_cap
S1-674129778	S3-711405847	S3	US	Rasoft Inc.	rásoft.com	11710 Astoria Drive, Austin, TX	11718 Astoria Dr, Austin, Texas	all_current_passes	no_key_intersection_or_cap
S1-591670838	S2-587500587	S2	India	Kaveraksh Studios Private Limited	KAVERAKSH 5TUDIOS PRIVATE LIMITED	Survey No. 43, At: Virpar Tal. Wakaner, Morbi, Rajkot, Gujarat	29, AT: VIRPAR TAL. WAKANER, MORBI, <NULL>, Gujarat	all_current_passes	no_key_intersection_or_cap
S1-591670838	S2-763126096	S2	India	Kaveraksh Studios Private Limited	Kaveraksh Private Studios (Limited)	Survey No. 43, At: Virpar Tal. Wakaner, Morbi, Rajkot, Gujarat	29, AT: VIRPAR TAL. WAKANER, MORBI, <NULL>, Gujarat	all_current_passes	no_key_intersection_or_cap
S1-591670838	S3-921541399	S3	India	Kaveraksh Studios Private Limited	Private Kaveraksh Studios Ltd	Survey No. 43, At: Virpar Tal. Wakaner, Morbi, Rajkot, Gujarat	<NULL>, ગુજરાત, Morbi, At: Virpar Tal. Wakaner, Survey No. ##43	all_current_passes	no_key_intersection_or_cap
S1-57721335	S2-677001430	S2	US	Brown and Boone Sony	brownboonesony.com	215 Mimosa Lane, Rocky Point, NC	NC, 215 MIMOSA LANE, ROCKY POINT CITY	all_current_passes	no_key_intersection_or_cap
S1-962816231	S3-470975290	S3	US	Vision Care Associates	Solveoquo	25865 Big Valley Road, Poulsbo, WA	Washington, Poulsbo, 25865 Big Valley Road	all_current_passes	no_key_intersection_or_cap
S1-95742235	S3-956631186	S3	India	Combatore Consultants Ltd	Combatore Consu1tants Ltd	186A T D Street Race Course, Combatore, Coimbatore, Tamil Nadu	186 T D Street Race Course, TN, Combatore, Coimbatore	all_current_passes	no_key_intersection_or_cap
S1-705118055	S2-574977697	S2	US	Jarleus Idea Partners	#jarleusidea	5013 62nd Street, Sapulpa, OK	OK, TULSA, 013 62ND STREET	all_current_passes	no_key_intersection_or_cap
S1-705118055	S3-377565070	S3	US	Jarleus Idea Partners	jarleusideapartners.com	5013 62nd Street, Sapulpa, OK	Oklahoma, 5013- 62nd Street, Sapulpa	all_current_passes	no_key_intersection_or_cap
S1-749766134	S3-329070717	S3	India	Aditya It Private Limited	আদিত্য আইটি প্রাইভেট লিমিটেড	84/1, Jelia Para Lane P. S. Golabari, Howrah, West Bengal	6-84/1, Howrah, WB	all_current_passes	no_key_intersection_or_cap
S1-887188549	S2-228630363	S2	India	Guna Companies Limited	Shri Guna Companies	No.9/4, Patel Ramaiah Layout Byrathi Cross Kothanur, Kothanur, Bengaluru, Bangalore, Karnataka	#9/4 , PATEL RAMAIAH LAYOUT BYRATHI CROSS KOTHANUR, KOTHANUR, BENGALURU, ಕರ್ನಾಟಕ	all_current_passes	no_key_intersection_or_cap
S1-826041251	S3-770523908	S3	US	Patriot Eco, LLC	Patriot Endro, LLC	TX, Pasadena, 208 Allendale Road	Allendale Road, Pasdaena, Texas	all_current_passes	no_key_intersection_or_cap
S1-826041251	S3-663561537	S3	US	Patriot Eco, LLC	Ectoarcsol DBA: Patriot Eco, LLC	TX, Pasadena, 208 Allendale Road	208 Allendale Road, Pasadena, TX	all_current_passes	no_key_intersection_or_cap
S1-984940763	S2-537176720	S2	US	Ear Nose & Throat Health, LLC	EARNOSETHROAT.COM	17076 Boy Scout Road, Durango, IA	17076. BOY SCOUT RD, DURANGO, IA	all_current_passes	no_key_intersection_or_cap
S1-984940763	S3-482974611	S3	US	Ear Nose & Throat Health, LLC	éarnosethroat.com	17076 Boy Scout Road, Durango, IA	17076 Boy Scout Road, Durango, Iowa	all_current_passes	no_key_intersection_or_cap
S1-640822834	S2-817255797	S2	US	Lincoln Premier Term LLC	>> lincolnpremierterm.com	NE, 2848 O'hanlon Drive, Lincoln	2848 O'HANLON DRIVE, LICOLN TOWNSHIP, NE	all_current_passes	no_key_intersection_or_cap
S1-640822834	S3-485494494	S3	US	Lincoln Premier Term LLC	lincolnpremierterm.com	NE, 2848 O'hanlon Drive, Lincoln	2848b O'Hanlon Drive, Lincoln, Nebraska	all_current_passes	no_key_intersection_or_cap
S1-13788702	S2-109813376	S2	US	Varner Infinite	Varner Service	Omaha, Unit 1, 1613 Vinton Street, NE	1613 VINTON STREET, OMAHA, NE	all_current_passes	no_key_intersection_or_cap
S1-13788702	S2-847158846	S2	US	Varner Infinite	Varner lnfinite Inc	Omaha, Unit 1, 1613 Vinton Street, NE	1613 VINTON ST, OMAHA, NE	all_current_passes	no_key_intersection_or_cap
S1-64263582	S2-152626112	S2	India	North Pioneer Finance Private Limited	नॉर्थ पायोनियर फाइनेंस प्राइवेट लिमिटेड	C/O Ramesh Chand Vishwakarma Kakaharawa, Sadar, Mirzapur, Uttar Pradesh	C/O RAMESH CHAND VISHWAKARMA KAKAHARAWA, SADAR, MIRZAPUR, Uttar Pradesh	all_current_passes	no_key_intersection_or_cap
S1-64263582	S2-886741749	S2	India	North Pioneer Finance Private Limited	नॉर्थ पायोनियर फाइनेंस प्राइवेट लिमिटेड	C/O Ramesh Chand Vishwakarma Kakaharawa, Sadar, Mirzapur, Uttar Pradesh	C/O RAMESH CHAND VISHWAKAMRA KAKAHARAWA, SADAR, MIRZAPUR, उत्तर प्रदेश	all_current_passes	no_key_intersection_or_cap
S1-64263582	S3-316748177	S3	India	North Pioneer Finance Private Limited	नॉर्थ पायोनियर फाइनेंस प्राइवेट लिमिटेड	C/O Ramesh Chand Vishwakarma Kakaharawa, Sadar, Mirzapur, Uttar Pradesh	C/o Ramesh Chand Vishwakarma Kakaharawa, Sadar, Mirzapur, UP	all_current_passes	no_key_intersection_or_cap
S1-64263582	S3-683333941	S3	India	North Pioneer Finance Private Limited	नॉर्थ पायोनियर फाइनेंस प्राइवेट लिमिटेड	C/O Ramesh Chand Vishwakarma Kakaharawa, Sadar, Mirzapur, Uttar Pradesh	C/o Ramesh Chand Vishwakarma Kakaharawa, Sadar, Mirzapur, UP	all_current_passes	no_key_intersection_or_cap
S1-897532620	S3-93573097	S3	US	Urgent Care Direct Partners	Urgent Direct Partners Center	13002 H, Henley, MO	13002 1/2 H, Henley, Missouri	all_current_passes	no_key_intersection_or_cap
S1-760945453	S3-202730898	S3	India	YN Development Corporation	YN Devebopment Devebopment Corporation	Near Sweet Milan Hotel, G.T. Road, Bathinda, Punjab, Hari Singh Complex	Modeltown, PB, Bathinda, H.no 0167 Hari Singh Complex	all_current_passes	no_key_intersection_or_cap
S1-719550572	S2-327176933	S2	India	Sunrise Management Private Limited	സൺറൈസ് മാനേജ്മെന്റ് പ്രൈവറ്റ് ലിമിറ്റഡ്	Hamadan Shopping Complex, Trikaripur Post, Kasargod, Kerala	TRIKARIPUR POST, KASARGOD, കേരളം, #A-629 HAMADAN SHOPPING COMPLEX	all_current_passes	no_key_intersection_or_cap
S1-894251996	S2-776720587	S2	US	Electronic Creative Technologies	Electronic Technologies Center	3187 South Street, Quincy, IN		all_current_passes	no_key_intersection_or_cap
S1-923089955	S2-671328376	S2	India	Faridabad Tango Private Limited	Faridabad Tearco Private-Limited	F-1726, Sainik Colony, Block A, Sector 49, Faridabad, Haryana	#0830 F-1726, SAINIK COLONY, BLOCK A, SECTOR 49, FARIDABAD, Haryana	all_current_passes	no_key_intersection_or_cap
S1-340896926	S3-172496828	S3	US	Carl Cap Inc	carlcap.com	3523 Elmhurst Avenue, Spokane, WA	352 Elmhurst Ave, Spokane, Washington	all_current_passes	no_key_intersection_or_cap
S1-461231695	S2-353764431	S2	US	Foundry	FOENAMDRY	6267 Martin Luther King Jr Boulevard, Unit 135, Sacramento, CA	MARTIN LUTHER KING JR BLVD, SACRAMENTO, CA	all_current_passes	no_key_intersection_or_cap
S1-713870051	S3-335315012	S3	US	Ridge Figx Inc	Lyraquo née Ridge Figx Inc	1645 Beaver Dam Road, Erwin, NC	NC, Erwin, 1645 Beaver Dam Road	all_current_passes	no_key_intersection_or_cap
S1-517755890	S2-114696300	S2	India	City Ace Producer Pvt Ltd	सिटी एस प्रोड्यूसर प्रा. लि.	Mumbai, Strand Cinema Bldg., 1St Floor, C.S. No. 506 Arthur Bunder Road, Colaba, Mumbai City, Maharashtra	STRAND CINEMA BLDG., 1ST FLOOR, C.S. NO. 506 ARTHUR BUNDER ROAD, COLABA, MUMBAI (SUBURBAN), MUMBAI CITY, Maharashtra	all_current_passes	no_key_intersection_or_cap
S1-517755890	S3-859512390	S3	India	City Ace Producer Pvt Ltd	सिटी Ace Producer Pvt Ltd	Mumbai, Strand Cinema Bldg., 1St Floor, C.S. No. 506 Arthur Bunder Road, Colaba, Mumbai City, Maharashtra	Mumbai, Hn 47 Strand Cinema Bldg., MH, Mumbai City, 1St Floor, C.s. No. 506 Arthur Bunder Road, Colaba	all_current_passes	no_key_intersection_or_cap
S1-517755890	S3-904410462	S3	India	City Ace Producer Pvt Ltd	Drexzeta DBA City Ace Producer Pvt Ltd	Mumbai, Strand Cinema Bldg., 1St Floor, C.S. No. 506 Arthur Bunder Road, Colaba, Mumbai City, Maharashtra	Strand Cinema Bldg., 1St Floor, C.S. No. 506 Arthur Bunder Road, Colaba, Mumbai, Mumbai City, Maharashtra	all_current_passes	no_key_intersection_or_cap
S1-8890689	S3-994068317	S3	US	Shultz, Genevieve H., L.C.S.W.	Nexkelo dba Shultz, Genevieve H., L.C.S.W.	Seattle, 2746 46th Avenue, WA	2746 46th Avenue, Seattle, WA	all_current_passes	no_key_intersection_or_cap
S1-894079582	S3-88145680	S3	India	Red Apex It Limited	irapex.com	1St Flr, 7, Ashok Nagar, Ashtvinayak Chawl Safed Pool, Kurla Andheri Road, Sakinaka Mumbai, Mumbai City, Maharashtra	H.no 1St Flr, Mumbai City, Sakinaka Mumbai, महाराष्ट्र	all_current_passes	no_key_intersection_or_cap
S1-894079582	S3-120170769	S3	India	Red Apex It Limited	रेड एपेक्स आईटी लिमिटेड	1St Flr, 7, Ashok Nagar, Ashtvinayak Chawl Safed Pool, Kurla Andheri Road, Sakinaka Mumbai, Mumbai City, Maharashtra	1St Flr, Sakinaka Mumbai, Mumbai City, महाराष्ट्र	all_current_passes	no_key_intersection_or_cap
S1-373563969	S3-883559049	S3	India	Balaji Ventures Pvt Ltd	बालाजी वेंचर्स प्रा. लि.	Shop No. 001, Ground Floor, Shiv Darshan Chawl, Near Seven Eleven Square Academy, Thane, Maharashtra	Door No 001, Thane, Shantinagar, MH	all_current_passes	no_key_intersection_or_cap
S1-342466559	S2-863657536	S2	US	Pioneer Battery Inc	pi0neerbattery.com	737 Barry Street, Agawam, MA	MA, 737- BARRY STREET, FEEDING IHLLS	all_current_passes	no_key_intersection_or_cap
S1-342466559	S2-874173213	S2	US	Pioneer Battery Inc	PIONEER BÁTTRTRY INC	737 Barry Street, Agawam, MA	BARRY ST, FEEDING IHLLS, MA	all_current_passes	no_key_intersection_or_cap
S1-140600400	S2-263041330	S2	US	Desrochers Piedmont Hill of Rockford Inc	Desrochers Pbedtmnot Hill of Rockford Inc	431 Hawthorne Avenue, Rockford, IL		all_current_passes	no_key_intersection_or_cap
S1-930233312	S2-748070756	S2	India	Prime Seven Impex Private Limited	प्राइम सेवन इम्पेक्स प्राइवेट लिमिटेड	49-A Dipak Nagar Patel Nagar, Indra Nagar, Lucknow, Uttar Pradesh	INDRA NAGAR, उत्तर प्रदेश, NO 49-A DIPAK NAGAR PATEL NAGAR, LUCKNOW	all_current_passes	no_key_intersection_or_cap
S1-498250167	S2-729796580	S2	India	Bright Apex Properties Private Limited	ब्राइट एपेक्स प्रॉपर्टीज प्राइवेट लिमिटेड	Vikas Marg Laxmi Nagar, New Delhi, G-55, Delhi, 3Rd Floor, Royal Palace	G-55, 3RD FLOOR, ROYAL PALACE, VIKAS MARG LAXMI NAGAR, NEW DELHI, दिल्ली	all_current_passes	no_key_intersection_or_cap
S1-498250167	S3-723359518	S3	India	Bright Apex Properties Private Limited	ब्राइट एपेक्स प्रॉपर्टीज प्राइवेट लिमिटेड	Vikas Marg Laxmi Nagar, New Delhi, G-55, Delhi, 3Rd Floor, Royal Palace	306- G-55, 3Rd Floor, Royal Palace, Vikas Marg Laxmi Nagar, New Delhi, DL	all_current_passes	no_key_intersection_or_cap
S1-498250167	S3-106524062	S3	India	Bright Apex Properties Private Limited	ब्राइट एपेक्स प्रॉपर्टीज प्राइवेट लिमिटेड	Vikas Marg Laxmi Nagar, New Delhi, G-55, Delhi, 3Rd Floor, Royal Palace	H.no 306- G-55, 3Rd Floor, Royal Palace, Vikas Marg Laxmi Nagar, New Delhi, DL	all_current_passes	no_key_intersection_or_cap
S1-654038920	S2-35262231	S2	US	Scholarship Fellowship LLC	5CHOLARSHIP FELLOWSHIP	516 Capricorn Street, Mission, TX	516 CAPRICON ST, MISSION, TX	all_current_passes	no_key_intersection_or_cap
S1-654038920	S3-793502293	S3	US	Scholarship Fellowship LLC	Evoavi One formerly known as Scholarship Fellowship LLC	516 Capricorn Street, Mission, TX	TX, Mission, 516 Capricorn Street	all_current_passes	no_key_intersection_or_cap
S1-21999003	S2-167376141	S2	India	Super Constructions Private Limited	सुपर कंस्ट्रक्शंस प्राइवेट लिमिटेड	Madhya Pradesh, Rewa, Near Rampur House Civil Line Jhiriya, Rewa	NEAR RAMPUR HOUSE CIVIL LINE JHIRIYA, REWA, Madhya Pradesh	all_current_passes	no_key_intersection_or_cap
S1-21999003	S3-174563442	S3	India	Super Constructions Private Limited	सुपर कंस्ट्रक्शंस प्राइवेट लिमिटेड	Madhya Pradesh, Rewa, Near Rampur House Civil Line Jhiriya, Rewa	मध्य प्रदेश, Rewa, Near Rampur House Civil Line Jhiriya, Rewa	all_current_passes	no_key_intersection_or_cap
S1-809308505	S2-70877263	S2	India	HTZ Solutions Private Limited	HTZ SOLUTIONS PRIVATE LTD	C/O Mr. Manjeet Kumar 1, Dahawa Sidhauli Sitapur, Sidhauli, Sitapur, Uttar Pradesh	C/O MR. MANJEET KUMAR 3, DAHAWA SIDHAULI SITAPUR, SIDHAULI, Uttar Pradesh	all_current_passes	no_key_intersection_or_cap
S1-809308505	S2-612255268	S2	India	HTZ Solutions Private Limited	Private HTZ Solutions Ltd	C/O Mr. Manjeet Kumar 1, Dahawa Sidhauli Sitapur, Sidhauli, Sitapur, Uttar Pradesh	C/O MR. MANJEET KUMAR 3, Uttar Pradesh, SITAPUR	all_current_passes	no_key_intersection_or_cap
S1-636119444	S3-837497590	S3	India	Krishan College Public Limited	Mr krishancollegepublic.com	Floor - 7Th, Casa Granade Tower, Senapati Bapat Marg, Lower Parel, Delisl, E Road, Mumbai, Mumbai City, A-701, Maharashtra	A-701, Floor - 7Th, Casa Granade Tower, Senapati Bapat Marg, Lower Parel, Delisl, E Road, Mumbai City, MH	all_current_passes	no_key_intersection_or_cap
S1-636119444	S3-510058015	S3	India	Krishan College Public Limited	Krishancollegepublic.Com	Floor - 7Th, Casa Granade Tower, Senapati Bapat Marg, Lower Parel, Delisl, E Road, Mumbai, Mumbai City, A-701, Maharashtra	A-701, Floor - 7Th, Casa Granade Tower, Senapati Bapat Marg, Lower Parel, Delisl, E Road, Mumbai City, MH	all_current_passes	no_key_intersection_or_cap
S1-636119444	S3-229279511	S3	India	Krishan College Public Limited	Sri Krishan College Public	Floor - 7Th, Casa Granade Tower, Senapati Bapat Marg, Lower Parel, Delisl, E Road, Mumbai, Mumbai City, A-701, Maharashtra	Mumbai, Floor - 7Th, Casa Granade Tower, Senapati Bapat Marg, Lower Parel, Delisl, E Road, महाराष्ट्र, A-701	all_current_passes	no_key_intersection_or_cap
S1-357337914	S2-261441543	S2	US	Peiffer Piedmont Safeguard	PEIFFER  SAFEGUARD SERVICE	308 59th Street, Oak Island, NC	OAK ISLAND, 08 59TH SAINT, NC	all_current_passes	no_key_intersection_or_cap
S1-33869471	S2-973387005	S2	India	Services Shepherd Synthetics Private Limited	Private Services Shepherd Synthetics Ltd	House No. 3724, Plot No. 160, 2Nd Floor Kanhiya Nagar Tri Nagar, New Delhi, North West, Delhi	HN 5-87 HOUSE NO. 3724, PLOT NO. 160, 2ND FLOOR KANHIYA NAGAR TRI NAGAR, NEW DELHI, NORTH WEST, दिल्ली	all_current_passes	no_key_intersection_or_cap
S1-33869471	S3-926267330	S3	India	Services Shepherd Synthetics Private Limited	Services Snhhehed Synthétics Private Limited	House No. 3724, Plot No. 160, 2Nd Floor Kanhiya Nagar Tri Nagar, New Delhi, North West, Delhi	House No. 3724, North West Delhi, North West, DL	all_current_passes	no_key_intersection_or_cap
S1-431903166	S3-849762532	S3	India	Celesta Foundations Private Limited	celestafoundations.com	4, Lee Road, Vaibhav Plaza 1St Floor, Room No- 11, Kolkata, Howrah, West Bengal	Block B-0269 4, Kolkata, Howrah, WB	all_current_passes	no_key_intersection_or_cap
S1-112308458	S2-537740526	S2	US	Pioneer Semiconductor Global PC	THE PIONEER SEMICONDUCTOR GLOBAL PC	39 Scranton Avenue, NY, Staten Island	STATEN ISLAND, NY, 39-A SCRANTON AVE	all_current_passes	no_key_intersection_or_cap
S1-620955468	S2-485392931	S2	US	Desert Bsp Inc	Desert  Inc Center Enterprises	3921 Pleasant Run Road, Irving, TX		all_current_passes	no_key_intersection_or_cap
S1-526485332	S2-230606353	S2	India	Star Ventures Limited	స్టార్ వెంచర్స్ లిమిటెడ్	135, Prestige Royal Woods, Kismatpur, Rajendranagar, Hyderabad, Telangana	RAJENDRANAGAR, తెలంగాణ, 135	all_current_passes	no_key_intersection_or_cap
S1-134370187	S2-402662379	S2	US	Internal Medicine Coastal Specialists Inc	Interna1 Medicine Coastal Specialists Inc	1229 Grace Way, Layton, UT	1229 GRACE WAY, N/A, LAYTON, UT	all_current_passes	no_key_intersection_or_cap
S1-134370187	S3-636907439	S3	US	Internal Medicine Coastal Specialists Inc	Internal Coastal  Specialists Inc Center	1229 Grace Way, Layton, UT	1229 Grace Way, Layton, Utah	all_current_passes	no_key_intersection_or_cap
S1-246638277	S3-916949503	S3	India	Pioneer Technology Private Limited	Private Pioneer Technology Limited	4/608, Voc Street, Omr Road, Nehru Nagar, Kottivakkam, Chennai City Corporation, Chennai, Tamil Nadu	B3/4/608, Chennai, Chennai City Corporation, TN	all_current_passes	no_key_intersection_or_cap
S1-717909294	S2-275514699	S2	India	Great Solutions Private Limited	ಗ್ರೇಟ್ ಸೊಲ್ಯೂಷನ್ಸ್ ಪ್ರೈವೇಟ್ ಲಿಮಿಟೆಡ್	No.303, Bangalore, Karnataka, Bangalore North, Ii Floor, 15Th A Cross Road, Chikka Bommasandra	DOOR NO 303, BANGALORE NORTH, BANGALORE, Karnataka	all_current_passes	no_key_intersection_or_cap
S1-859319473	S2-936164338	S2	US	Howarth Evolution Corp	howarthevolution.com	1559 Drakes Creek Road, Hendersonville, TN	01559 DRAKES CREEK ROAD, HENDERSONVILLE, TN	all_current_passes	no_key_intersection_or_cap
S1-859319473	S3-619726456	S3	US	Howarth Evolution Corp	Howarth  Evoltoin Corp	1559 Drakes Creek Road, Hendersonville, TN	001559 Drakes Creek Rd, Hendersonville, Tennessee	all_current_passes	no_key_intersection_or_cap
S1-125687146	S2-320293896	S2	India	Lotus Developers Pvt Ltd	லோட்டஸ் டெவலப்பர்ஸ் பிரைவேட் லிமிடெட்	2Nd Floor, Thirugnana Sambandar Street, Ram Nagar North, Madipakkam, Saidapet, Plot No.42, Tamil Nadu, Kanchipuram	#42, KANCHIPURAM, SAIDAPET, தமிழ்நாடு	all_current_passes	no_key_intersection_or_cap
S1-125687146	S2-200462116	S2	India	Lotus Developers Pvt Ltd	Pvt Lotus Dceleopser Ltd	2Nd Floor, Thirugnana Sambandar Street, Ram Nagar North, Madipakkam, Saidapet, Plot No.42, Tamil Nadu, Kanchipuram	#42, 2ND FLOOR, THIRUGNANA SAMBANDAR STREET, RAM NAGAR NORTH, MADIPAKKAM, KANCHIPURAM, Tamil Nadu	all_current_passes	no_key_intersection_or_cap
S1-125687146	S3-958282983	S3	India	Lotus Developers Pvt Ltd	லோட்டஸ் டெவலப்பர்ஸ் பிரைவேட் லிமிடெட்	2Nd Floor, Thirugnana Sambandar Street, Ram Nagar North, Madipakkam, Saidapet, Plot No.42, Tamil Nadu, Kanchipuram	#42, Saidapet, Kanchipuram, TN	all_current_passes	no_key_intersection_or_cap
S1-125687146	S3-432172629	S3	India	Lotus Developers Pvt Ltd	Lotus Developefres Pvt  Ltd	2Nd Floor, Thirugnana Sambandar Street, Ram Nagar North, Madipakkam, Saidapet, Plot No.42, Tamil Nadu, Kanchipuram	Door No 42, Saidapet, Kanchipuram, TN	all_current_passes	no_key_intersection_or_cap
S1-125687146	S3-649844502	S3	India	Lotus Developers Pvt Ltd	லோட்டஸ் டெவலப்பர்ஸ் பிரைவேட் லிமிடெட்	2Nd Floor, Thirugnana Sambandar Street, Ram Nagar North, Madipakkam, Saidapet, Plot No.42, Tamil Nadu, Kanchipuram	Plot No.42, 2Nd Floor, Thirugnana Sambandar Street, Ram Nagar North, Madipakkam, Kanchipuram, Saidapet, TN	all_current_passes	no_key_intersection_or_cap
S1-815411125	S2-119173280	S2	US	Upper Valuence	UPPER  VA1UENCE	Hudson, 7770 Holyoke Avenue, OH	HOLYOKE AVE, HUDSON, OH	all_current_passes	no_key_intersection_or_cap
S1-904923867	S3-894098792	S3	India	Parasnath Trust Ltd	Parasnathtrust.Com	Room No.10, C Wing, Tej Mahal Umeda, Umed Ashram, S.V.Road, Borivali (West), Behind Police, Station, Mumbai, Maharashtra	Room No.10, Station, Borivali West, महाराष्ट्र	all_current_passes	no_key_intersection_or_cap
S1-914887627	S2-144439239	S2	India	Future Media Private Limited	फ्यूचर मीडिया प्राइवेट लिमिटेड	309 Dalamal Chambers3Rd Floor New Marinelines, Bombay, Mumbai, Maharashtra	DOOR NO 309 DALAMAL CHAMBERS3RD FLOOR NEW MARINELINES, BOMBAY, MUMBAI, Maharashtra	all_current_passes	no_key_intersection_or_cap
S1-914887627	S3-978122150	S3	India	Future Media Private Limited	Private Future Media Ltd	309 Dalamal Chambers3Rd Floor New Marinelines, Bombay, Mumbai, Maharashtra	महाराष्ट्र, 3-09 Dalamal Chambers3rd Floor New Marinelines, Bombay, Mumbai (SUBURBAN)	all_current_passes	no_key_intersection_or_cap
S1-914887627	S3-245279781	S3	India	Future Media Private Limited	Pesrivate Future Media Limited	309 Dalamal Chambers3Rd Floor New Marinelines, Bombay, Mumbai, Maharashtra	3-09 Dalamal Chambers3rd Floor New Marinelines, Bombay, Mumbai (SUBURBAN), MH	all_current_passes	no_key_intersection_or_cap
S1-914887627	S3-50470952	S3	India	Future Media Private Limited	private future media limited	309 Dalamal Chambers3Rd Floor New Marinelines, Bombay, Mumbai, Maharashtra	#3-09 Dalamal Chambers3rd Floor New Marinelines, Mumbai, MH	all_current_passes	no_key_intersection_or_cap
S1-914887627	S3-186027808	S3	India	Future Media Private Limited	फ्यूचर मीडिया प्राइवेट लिमिटेड	309 Dalamal Chambers3Rd Floor New Marinelines, Bombay, Mumbai, Maharashtra	No 3-09 Dalamal Chambers3rd Floor New Marinelines, Bombay, Mumbai (SUBURBAN), MH	all_current_passes	no_key_intersection_or_cap
S1-340628171	S2-69104866	S2	India	Media Vijaya Property Private Limited	PRIVATE MEDIA VIJAYA PROPERTY LIMITED	Maharashtra, Haveli, Pune, Flat No-H 1301 Emrius Baner, Aundh Baner Road	FLAT NO-H #1301 EMRIUS BANER, AUNDH BANER ROAD, HAVELI, BANER, महाराष्ट्र	all_current_passes	no_key_intersection_or_cap
S1-245699717	S2-672697911	S2	US	Urgent Care Physicians P.C.	carephysiciansurgent.com	11505 Grafs Ct, Louisville, KY	11505 GRAFS CT, LOUISVILLE, KY	all_current_passes	no_key_intersection_or_cap
S1-245699717	S3-145458646	S3	US	Urgent Care Physicians P.C.	Urgent Care Phyiscias P.C.	11505 Grafs Ct, Louisville, KY	11505-11509 Grafs Ct, Louisville, Kentucky	all_current_passes	no_key_intersection_or_cap
S1-570400975	S2-16974563	S2	India	Solar Brothers Pvt Ltd	Shri Solar Brothers Pvt Ltd	41 S N /Of 1A/1 P 480 Parvati Bldg 1 Flat No 12 Khandwa, Pune, Maharashtra	Maharashtra, DOOR NO 41/9 S N /OF 1A/1 P 480 PARVATI BLDG 1 FLAT NO 12 KHANDWA, PUNE	all_current_passes	no_key_intersection_or_cap
S1-569229689	S3-225523150	S3	US	Benedikta Mahl Elite Interprivate LLC	Benedikta Mah1 Elite Interprivate LLC	2039 Cedar Brook Drive, Hermon, ME	002039 Cedar Brook Dr, Bangor, Maine	all_current_passes	no_key_intersection_or_cap
S1-586956467	S3-617857077	S3	US	Advanced Marine Worldwide L.L.C.	L.L.C. Advanced Mgnnie Worldwide	502 950, Springville, UT	50 950, Springville, Utah	all_current_passes	no_key_intersection_or_cap
S1-586956467	S3-376601471	S3	US	Advanced Marine Worldwide L.L.C.	The Advanced Marine Worldwide L.L.C.	502 950, Springville, UT	50 950, Springville, Utah	all_current_passes	no_key_intersection_or_cap
S1-773037667	S2-315867208	S2	US	Northwind, Inc	Inc Noshwisn,	4552 400th Street, Hospers, IA	IA, 4552-4554 400TH STREET, HOSPERS	all_current_passes	no_key_intersection_or_cap
S1-773037667	S3-702518116	S3	US	Northwind, Inc	Ntohtbfnd, Inc	4552 400th Street, Hospers, IA	Iowa, 552 400th St, Hospers	all_current_passes	no_key_intersection_or_cap
S1-533767137	S3-359508490	S3	India	Lrg Flour (India) Pvt Ltd	Pvt Lrg Flour (India) Ltd	Flat No. 40, 4Th Floor, Blk -A-2, Pkt 3 Sec 34 Rohini Landmark N/A, Delhi, North West, Delhi	Flat No. 40, 4Th Floor, Blk -A-2, Pkt 3 Sec 34 Rohini Landmark N/a, Delhi, DL	all_current_passes	no_key_intersection_or_cap
S1-808636359	S3-818314345	S3	India	Kashi Food Center	Kashifoodcenter.Com	Flat No. 201, 2Nd Floor, Madhuravanam Residency, Visakhapatnam (Rural), Visakhapatnam, Vishakhapatnam, Andhra Pradesh	201, 2Nd Floor, Madhuravanam Residency, Visakhapatnam (Rural), Visakhapatnam, Vishakhapatnam, ఆంధ్రప్రదేశ్	all_current_passes	no_key_intersection_or_cap
S1-808636359	S3-58382068	S3	India	Kashi Food Center	Kashi Center Partners	Flat No. 201, 2Nd Floor, Madhuravanam Residency, Visakhapatnam (Rural), Visakhapatnam, Vishakhapatnam, Andhra Pradesh	Vishakhapatnam, AP, 2Nd Floor, Madhuravanam Residency, Visakhapatnam (Rural), Visakhapatnam, Flat No. 201	all_current_passes	no_key_intersection_or_cap
S1-87961827	S2-198743740	S2	India	Jay Investments Private Limited	#JAYINVESTMENTS | www.jayinvest.c0m	No.1/24, 2Nd Floor, 7Th Cross Pipelane, Mysore Road, New Guddadahalli, Bengaluru, Bangalore, Karnataka	DOOR NO 1/24 , 2ND FLOOR, 7TH CROSS PIPELANE, MYSORE ROAD, NEW GUDDADAHALLI, BENGALURU, ಕರ್ನಾಟಕ	all_current_passes	no_key_intersection_or_cap
S1-87961827	S3-645110536	S3	India	Jay Investments Private Limited	Jay Inovesmnts Private Limited	No.1/24, 2Nd Floor, 7Th Cross Pipelane, Mysore Road, New Guddadahalli, Bengaluru, Bangalore, Karnataka	24, Bengaluru, Bangalore, KA	all_current_passes	no_key_intersection_or_cap
S1-789759210	S2-962396946	S2	India	International Industries	इंटरनेशनल इंडस्ट्रीज	Flat No.B-108, 1St Floor, Versova Anjali, Vaswant Marg, Seven Bunglows, Andheri (W), Mumbai, Mumbai City, Maharashtra	FLAT NO.B-108, 1ST FLOOR, VERSOVA ANJALI, VASWANT MARG, SEVEN BUNGLOWS, ANDHERI (W), MUMBAI, महाराष्ट्र	all_current_passes	no_key_intersection_or_cap
S1-789759210	S2-663458560	S2	India	International Industries	इंटरनेशनल इंडस्ट्रीज	Flat No.B-108, 1St Floor, Versova Anjali, Vaswant Marg, Seven Bunglows, Andheri (W), Mumbai, Mumbai City, Maharashtra	FLAT NO.B-108, 1ST FLOOR, VERSOVA ANJALI, VASWANT MARG, SEVEN BUNGLOWS, ANDHERI (W), MUMBAI CITY, Maharashtra	all_current_passes	no_key_intersection_or_cap
S1-135621193	S2-513678484	S2	US	Bison LLC	Bicson LLC	617 Lincoln Street, New Britain, CT	0617 LINCOLN STREET, NEW BRITAIN, CT	all_current_passes	no_key_intersection_or_cap
S1-759928343	S3-662179122	S3	US	Back Alley Ice Cream Inc	Back Acley Ice Cream Inc	Riverdale, 4201 River Road, MD, Unit 5099	4201 River Rd, Riverdael, Maryland	all_current_passes	no_key_intersection_or_cap
S1-759928343	S3-640312725	S3	US	Back Alley Ice Cream Inc	Back Alley Ice Ccam Inc	Riverdale, 4201 River Road, MD, Unit 5099	4201 Rver Road, Unit 5099, Riverdael, Maryland	all_current_passes	no_key_intersection_or_cap
S1-945707273	S3-735397982	S3	US	Dallas Brink Metro Acp LLC	Gildpyra One f/k/a Dallas Brink Metro Acp LLC	73 Elm Street, Lake Placid, NY	NY, 73 Elm Street, Lake Placid	all_current_passes	no_key_intersection_or_cap
S1-133224266	S3-83082824	S3	India	Arun Fire (India) Private Limited	arunfireindia.com	North West Delhi, House No-69, Plot No-35A, Block E-1, Pratap Vihar, Delhi	DL, House No-69, North West Delhi, Delhi	all_current_passes	no_key_intersection_or_cap
S1-730428166	S2-683573110	S2	India	Best Infotech LLP	બેસ્ટ ઇન્ફોટેક એલએલપી	Gr Floor, Shop-G/7, S.N.S Interio, Near Cng Gas Station, Althan Road, Bhatar Char Rasta, Althan, Surat, Gujarat	H.NO A-208 GR FLOOR, SHOP-G/7, S.N.S INTERIO, NEAR CNG GAS STATION, ALTHAN ROAD, BHATAR CHAR RASTA, ALTHAN, SURAT, Gujarat	all_current_passes	no_key_intersection_or_cap
S1-730428166	S3-710611862	S3	India	Best Infotech LLP	બેસ્ટ ઇન્ફોટેક એલએલપી	Gr Floor, Shop-G/7, S.N.S Interio, Near Cng Gas Station, Althan Road, Bhatar Char Rasta, Althan, Surat, Gujarat	ગુજરાત, Surat, Gr Floor	all_current_passes	no_key_intersection_or_cap
S1-908945602	S3-185550632	S3	US	Jones Finance Inc.	jonesfinance.com	821 Vogt Lane, Unit Apartment 12, City Of Chilton, WI	Vogt Ln, # Apartment 12, Chlton, Wisconsin	all_current_passes	no_key_intersection_or_cap
S1-908945602	S3-336537327	S3	US	Jones Finance Inc.	Fayenylaevo dba Jones Finance Inc.	821 Vogt Lane, Unit Apartment 12, City Of Chilton, WI	Unit Apartment 12, WI, City Of Chilton, 821 Vogt Lane	all_current_passes	no_key_intersection_or_cap
S1-565310502	S2-421345514	S2	India	Gold Marketing Private Limited	গোল্ড মার্কেটিং প্রাইভেট লিমিটেড	Kolkata, G No.3 Fl-5, Rno-A6 18 Rabindra Sarani, Kolkata, Poddar Court, Howrah, West Bengal	PODDAR COURT, G NO.3 FL-5, RNO-A6 18 RABINDRA SARANI, KOLKATA, KOLKATA, HOWRAH, West Bengal	all_current_passes	no_key_intersection_or_cap
S1-565310502	S2-309798260	S2	India	Gold Marketing Private Limited	Private Gold Marketing Ltd	Kolkata, G No.3 Fl-5, Rno-A6 18 Rabindra Sarani, Kolkata, Poddar Court, Howrah, West Bengal	KOLKATA, PODDAR COUNT, West Bengal, G NO.3 FL-5, RNO-A6 18 RABINDRA SARANI, KOLKATA, HOWRAH	all_current_passes	no_key_intersection_or_cap
S1-565310502	S3-158286952	S3	India	Gold Marketing Private Limited	গোল্ড মার্কেটিং প্রাইভেট লিমিটেড	Kolkata, G No.3 Fl-5, Rno-A6 18 Rabindra Sarani, Kolkata, Poddar Court, Howrah, West Bengal	G No.3 Fl-5, Rno-a6 18 Rabindra Sarani, Kolkata, Kolkata, Poddar Court, WB, Howrah	all_current_passes	no_key_intersection_or_cap
S1-565310502	S3-494175352	S3	India	Gold Marketing Private Limited	Lyrajax née Gold Marketing Private Limited	Kolkata, G No.3 Fl-5, Rno-A6 18 Rabindra Sarani, Kolkata, Poddar Court, Howrah, West Bengal	Poddar Court, G No.3 Fl-5, Rno-A6 18 Rabindra Sarani, Kolkata, Kolkata, Howrah, West Bengal	all_current_passes	no_key_intersection_or_cap
S1-221079756	S3-922390432	S3	India	Kairav Polymers Pvt. Ltd.	kairavpolymers.com	Punjab, Mohali, Tdi City, Sector 117, Derabassi, Unit No. Gb 419 South Ex2	H.no B3/694 Unit No. Gb 419 South Ex2, Derabassi, Mohali, PB	all_current_passes	no_key_intersection_or_cap
S1-221079756	S3-457304815	S3	India	Kairav Polymers Pvt. Ltd.	Sri Kairav Polymers Pvt. Ltd.	Punjab, Mohali, Tdi City, Sector 117, Derabassi, Unit No. Gb 419 South Ex2	No B3/694 Unit No. Gb 419 South Ex2, PB, Mohali	all_current_passes	no_key_intersection_or_cap
S1-221079756	S3-393936822	S3	India	Kairav Polymers Pvt. Ltd.	Kairav Pvt. Ltd. Cénter	Punjab, Mohali, Tdi City, Sector 117, Derabassi, Unit No. Gb 419 South Ex2	H.no B3/694 Unit No. Gb 419 South Ex2, Derabassi, ਪੰਜਾਬ	all_current_passes	no_key_intersection_or_cap
S1-899650223	S2-584669918	S2	India	Aditya Consultancy Limited	आदित्य कंसल्टेंसी लिमिटेड	Abhay Steel House, Baroda Street, Mumbai, Masjid Bunder (East), Office No. 504, Maharashtra	OFFICE NO. 504, MUMBAI, महाराष्ट्र, MASJID BUNDER (EAST)	all_current_passes	no_key_intersection_or_cap
S1-899650223	S2-888740161	S2	India	Aditya Consultancy Limited	आदित्य कंसल्टेंसी लिमिटेड	Abhay Steel House, Baroda Street, Mumbai, Masjid Bunder (East), Office No. 504, Maharashtra	OFFICE NO. 504, ABHAY STEEL HOUSE, BARODA STREET, MUMBAI, MASJID BUNDER (EAST), Maharashtra	all_current_passes	no_key_intersection_or_cap
S1-678605455	S2-296987484	S2	US	Leque Inc.	Inc. Leqeu	405 Edwards Street, Epworth, IA	40 EDWARDS STREET, EPWORTH, IA	all_current_passes	no_key_intersection_or_cap
S1-601132167	S2-903814434	S2	India	Dynamic Energy Private Limited	डायनामिक एनर्जी प्राइवेट लिमिटेड	Bai, Mumbai City, Mumbai, Creative Ind Premises C Soc Lt Gala No 10 Sunder Ngr Rd 2 Kalina Mum, Maharashtra	PLOT 00759 CREATIVE IND PREMISES C SOC LT GALA NO 10 SUNDER NGR RD 2 KALINA MUM, BAI, MUMBAI, MUMBAI CITY, Maharashtra	all_current_passes	no_key_intersection_or_cap
S1-913420023	S2-920428754	S2	India	ZQ Transport	ZQ TRÁNSPORT [LLP]	1-2/20, Ii Cross, 9Th Main, B.T.M I Stage, Bangalore., Bangalore, Karnataka	2/20, II CROSS, 9TH MAIN, B.T.M I STAGE, BANGALORE., Karnataka	all_current_passes	no_key_intersection_or_cap
S1-913420023	S2-414095109	S2	India	ZQ Transport	VERADOVATAVO	1-2/20, Ii Cross, 9Th Main, B.T.M I Stage, Bangalore., Bangalore, Karnataka	2/20, II CROSS, 9TH MAIN, B.T.M I STAGE, BANGALORE, BANGALORE., Karnataka	all_current_passes	no_key_intersection_or_cap
S1-728209765	S3-877140483	S3	US	Signature Asset Brands LLC	5ignature Asset  Brands	4960 Woodcrest Road, White Bear Lake, MN	Woodcrest Rd, White Bear Lake, Minnesota	all_current_passes	no_key_intersection_or_cap
S1-912127840	S2-283630130	S2	US	BF Choice Rivernorth Inc	BF Rivernorth Inc Center	6618 Pryer Lane, Norfolk City, VA	661 PRYER LN, NORFOLK, VA	all_current_passes	no_key_intersection_or_cap
S1-912127840	S2-922692808	S2	US	BF Choice Rivernorth Inc	BF Ch0ice Rivernorth Inc	6618 Pryer Lane, Norfolk City, VA	661 PRYER LANE, PO BOX 9519, NORFOLK CITY, VA	all_current_passes	no_key_intersection_or_cap
S1-440773087	S3-975756508	S3	India	Rgi Institute of Technology	Caloaria	Site No. 3, 2Nd Floor, Kiadb Main Road, Opp. Bwssb, 2Nd Phase, Karnataka, Bangalore, Bangalore North, Plot No. 3B	Bangalore North, KA, Site No. 3, 2Nd Floor, Kiadb Main Road, Opp. Bwssb, 2Nd Phase, Bangalore, Door No 3B	all_current_passes	no_key_intersection_or_cap
S1-474893789	S2-454707668	S2	India	Sunrise My Estate Private Limited	ਸਨਰਾਈਜ਼ ਮਾਈ ਇਸਟੇਟ ਪ੍ਰਾਈਵੇਟ ਲਿਮਟਿਡ	Unit A-415, Tower A Bestech Business Tower, Sector 66, Mohal, I, Mohali, Punjab	UNT A-415, TOWER A BESTECH BUSINESS TOWER, SECTOR 66, MOHAL, I, MOHALI, Punjab	all_current_passes	no_key_intersection_or_cap
S1-177441097	S3-953611326	S3	India	Swadesh Maritime Ltd	Swadesh Mrsitte Ltd	T2, W-760, 4Th Avenue, Ambattur, Chennai, Tamil Nadu	No 387 T2, Chennai, Ambattur, TN	all_current_passes	no_key_intersection_or_cap
S1-216840230	S2-577959665	S2	US	Ledbetter and Werts Inc	Ledbetter Ledbetter and Werts Ínc	OK, 5915 440 Road, Peggs		all_current_passes	no_key_intersection_or_cap
S1-216840230	S3-947183470	S3	US	Ledbetter and Werts Inc	ledbetterwerts.com	OK, 5915 440 Road, Peggs	5915 440 Rd, Cherokee County, Oklahoma	all_current_passes	no_key_intersection_or_cap
S1-665957316	S2-231611785	S2	India	Indo Solutions Pvt Ltd	Nylafaye	G-148, Kalkaji, New Delhi, South Delhi, Delhi	G-248, NEW DELHI, SOUTH DELHI, Delhi	all_current_passes	no_key_intersection_or_cap
S1-416448116	S3-373197165	S3	US	Sanchez, Pollard & Martinez Inc	Sanchez, Sanchez, Paelgd & Martinez Inc	2606 Eastport Road, Unit 7, Charlotte, NC	02606 Eastport Road, # 7, Charlotte, North Carolina	all_current_passes	no_key_intersection_or_cap
S1-416448116	S3-812103625	S3	US	Sanchez, Pollard & Martinez Inc	Vantagenylazeph t/a Sanchez, Pollard & Martinez Inc	2606 Eastport Road, Unit 7, Charlotte, NC	Charlotte, NC, Unit 7, 2606 Eastport Road	all_current_passes	no_key_intersection_or_cap
S1-5603041	S2-714987348	S2	India	Sai Consulting Pvt Ltd	साई कंसल्टिंग प्रा. लि.	Plot No. 32/410, Sector-3 Pratap Nagar, Jaipur, Jaipur, Rajasthan	PLOT NO. 32/410, JAIPUR, PRATAP NAGAR, राजस्थान	all_current_passes	no_key_intersection_or_cap
S1-5603041	S2-65081449	S2	India	Sai Consulting Pvt Ltd	साईं कंसल्टिंग प्रा. लि.	Plot No. 32/410, Sector-3 Pratap Nagar, Jaipur, Jaipur, Rajasthan	#32/410, JAIPUR, PRATAP NAGAR, Rajasthan	all_current_passes	no_key_intersection_or_cap
S1-5603041	S2-452736519	S2	India	Sai Consulting Pvt Ltd	Sai कंसल्टिंग Pvt Ltd	Plot No. 32/410, Sector-3 Pratap Nagar, Jaipur, Jaipur, Rajasthan	32/410 , SECTOR-3 PRATAP NAGAR, JAIPUR, JAIPUR, Rajasthan	all_current_passes	no_key_intersection_or_cap
S1-5603041	S3-877064148	S3	India	Sai Consulting Pvt Ltd	साई कंसल्टिंग प्रा. लि.	Plot No. 32/410, Sector-3 Pratap Nagar, Jaipur, Jaipur, Rajasthan	Jaipur, Sector-3 Pratap Nagar, Jaipur, H.no 32/410, Jaipur, RJ	all_current_passes	no_key_intersection_or_cap
S1-5603041	S3-12250530	S3	India	Sai Consulting Pvt Ltd	Sai Cfnslting Pvt Ltd	Plot No. 32/410, Sector-3 Pratap Nagar, Jaipur, Jaipur, Rajasthan	H.no 32/410, Sector-3 Pratap Nagar, Jaipur, Jaipur, RJ	all_current_passes	no_key_intersection_or_cap
S1-728501133	S3-10638121	S3	US	Strategic Occupational Therapy Inc	Strategic-Occupasionl Therapy Inc	210 Johnston Boulevard, Unit 11, Asheville, NC	210 1/2 Johnston Blvd, Unit 11, Asheville, North Carolina	all_current_passes	no_key_intersection_or_cap
S1-971358378	S2-49079456	S2	India	Gayatri Infosystems Ltd	gayatriinfosystems.com	C/O Moijuddaula Mollick V, Ill-Hasnecha (Mondalpara), Budge Budge - Ii, South 24 Parganas, West Bengal	C/O MOIJUDDAULA MOLLICK V, ILL-HASNECHA (MONDALPARA), BUDGE BUDGE - II, West Bengal	all_current_passes	no_key_intersection_or_cap
S1-223777531	S3-837292550	S3	US	Alsop Heritage Specialty LLC	The Alsop Heritage Specialty LLC	Gates, NY, 21 Deepwood Drive	21 Deepwood Drive, Gates, New York	all_current_passes	no_key_intersection_or_cap
S1-942409187	S2-605201959	S2	US	Prairie Cal LLC	Paibe Cal LLC - (3892889945)	614 Northaven Court, Jacksonville, AR	AR, NORTHAVEN CT, JACKSONVILLE	all_current_passes	no_key_intersection_or_cap
S1-942409187	S3-710066283	S3	US	Prairie Cal LLC	The Prairie Cal  LLC	614 Northaven Court, Jacksonville, AR	Northaven Court, Jacksonville, Arkansas	all_current_passes	no_key_intersection_or_cap
S1-281782003	S2-449378610	S2	India	Green Global Private Limited	ਗ੍ਰੀਨ ਗਲੋਬਲ ਪ੍ਰਾਈਵੇਟ ਲਿਮਟਿਡ	# 139 L Bhai Randhir Singhnagar Ludhiana, Punjab, Ludhiana, Punjab	# 13 L BHAI RANDHIR SINGHNAGAR LUDHIANA, PUNJAB, LUDHIANA, Punjab	all_current_passes	no_key_intersection_or_cap
S1-942731197	S2-77064245	S2	India	Gujarat Ventures Pvt Ltd	गुजरात वेंचर्स प्रा. लि.	C/O Suchita Hingar W/O Vivek Hingar Shop No 21 Badal Market Pur Road, Bhilawara, Bhilwara, Rajasthan	C/O SUCHITA HINGAR W/O VIVEK HINGAR SHOP NO A-21 BADAL MARKET PUR ROAD, null, BHILAWARA, BHILWARA, राजस्थान	all_current_passes	no_key_intersection_or_cap
S1-942731197	S2-302662598	S2	India	Gujarat Ventures Pvt Ltd	गुजरात वेंचर्स प्रा. लि.	C/O Suchita Hingar W/O Vivek Hingar Shop No 21 Badal Market Pur Road, Bhilawara, Bhilwara, Rajasthan	C/O SUCHITA HINGAR W/O VIVEK HINGAR SHOP NO A-21 BADAL MARKET PUR ROAD, null, BHILAWARA, BHILWARA, Rajasthan	all_current_passes	no_key_intersection_or_cap
S1-942731197	S3-279611988	S3	India	Gujarat Ventures Pvt Ltd	Gujarat Pvt Ltd Services	C/O Suchita Hingar W/O Vivek Hingar Shop No 21 Badal Market Pur Road, Bhilawara, Bhilwara, Rajasthan	RJ, C/o Suchita Hingar W/o Vivek Hingar Shop No ##21 Badal Market Pur Road, Bhilawara	all_current_passes	no_key_intersection_or_cap
S1-942731197	S3-650254090	S3	India	Gujarat Ventures Pvt Ltd	गुजरात वेंचर्स प्रा. लि.	C/O Suchita Hingar W/O Vivek Hingar Shop No 21 Badal Market Pur Road, Bhilawara, Bhilwara, Rajasthan	C/o Suchita Hingar W/o Vivek Hingar Shop No ##21 Badal Market Pur Road, Bhilawara, Bhilwara, RJ	all_current_passes	no_key_intersection_or_cap
S1-876540003	S3-911921665	S3	India	Tci It Private Limited	Tci It Private	Sn0 147/1B, Fno 201, Vishwakarma Sankul, Solapur, Maharashtra		all_current_passes	no_key_intersection_or_cap
S1-137252060	S2-799568875	S2	India	Software Skyline Producer Private Limited	softwareskylineproducer.com	Jaisalmer, Sanwal Colony, Jaisalmer (M) Laxmichand Sanwal Colony, Rajasthan, H-52	H-52, SANWAL COLONY, JAISALMER (M) LAXMICHAND SANWAL COLONY, JAISALMER, Rajasthan	all_current_passes	no_key_intersection_or_cap
S1-781324018	S2-667191157	S2	India	Global Solutions Private Limited	ಗ್ಲೋಬಲ್ ಸೊಲ್ಯೂಷನ್ಸ್ ಪ್ರೈವೇಟ್ ಲಿಮಿಟೆಡ್	#45, 46, 47, Bylakonenahalli Kachohalli Industrial Area, Dasanapura H, Obli, Bangalore, Karnataka	NO 45., BENGALURU, BANGALORE, ಕರ್ನಾಟಕ	all_current_passes	no_key_intersection_or_cap
S1-781324018	S2-123025336	S2	India	Global Solutions Private Limited	ಗ್ಲೋಬಲ್ ಸೊಲ್ಯೂಷನ್ಸ್ ಪ್ರೈವೇಟ್ ಲಿಮಿಟೆಡ್	#45, 46, 47, Bylakonenahalli Kachohalli Industrial Area, Dasanapura H, Obli, Bangalore, Karnataka	#45., BENGALURU, BANGALORE, Karnataka	all_current_passes	no_key_intersection_or_cap
S1-781324018	S3-648591253	S3	India	Global Solutions Private Limited	ಗ್ಲೋಬಲ್ ಸೊಲ್ಯೂಷನ್ಸ್ ಪ್ರೈವೇಟ್ ಲಿಮಿಟೆಡ್	#45, 46, 47, Bylakonenahalli Kachohalli Industrial Area, Dasanapura H, Obli, Bangalore, Karnataka	H.no 45, Bangalore, KA	all_current_passes	no_key_intersection_or_cap
S1-722018025	S3-888466611	S3	US	Belinsoft LLC	Bnlistdft LLC	632 Cedar Run Road, Pendleton, KY	63 Cedar Run Rd, Sulphur, Kentucky	all_current_passes	no_key_intersection_or_cap
S1-722018025	S3-448292090	S3	US	Belinsoft LLC	belinsoft.com	632 Cedar Run Road, Pendleton, KY	63 Cedar Run Rd, Sulphur, Kentucky	all_current_passes	no_key_intersection_or_cap
S1-91303667	S2-574397147	S2	India	Legend Valley Associates	Smt alvalley.com	No. 3/431, Chennai, Tamil Nadu, Chennai, Ganga Nagar, Madipakkam	NO. /431, GANGA NAGAR, MADIPAKKAM, MADRAS, CHENNAI, Tamil Nadu	all_current_passes	no_key_intersection_or_cap
S1-383740360	S3-991970187	S3	US	Sindt and Swaney Inc	The Sindt And Swaney Inc	Champion, 36861 Van Brocklin Road, NY	Van Brocklin Road, Champion, New York	all_current_passes	no_key_intersection_or_cap
S1-383740360	S3-155947953	S3	US	Sindt and Swaney Inc	Arckelo f/k/a Sindt and Swaney Inc	Champion, 36861 Van Brocklin Road, NY	36861 Van Brocklin Road, Champion, NY	all_current_passes	no_key_intersection_or_cap
S1-134552087	S2-117041113	S2	US	Cascade Montessori School Clinic	School Montessori Cascade (Clsihc)	Glens Falls, 9 Arbor Drive, NY	9 ARBOR DRIVE, GLENS FALLS, NY	all_current_passes	no_key_intersection_or_cap
S1-134552087	S3-397200573	S3	US	Cascade Montessori School Clinic	Montessori Cascade Shool Clinic	Glens Falls, 9 Arbor Drive, NY	New York, Glens Falls, ##9 Arbor Dr	all_current_passes	no_key_intersection_or_cap
S1-134552087	S3-773373150	S3	US	Cascade Montessori School Clinic	Schoo1 Montessori Cascade Ciitnc	Glens Falls, 9 Arbor Drive, NY	##9 Arbor Drive, Glens Falls, New York	all_current_passes	no_key_intersection_or_cap
S1-792291004	S2-66679437	S2	India	Royal Healthcare	रॉयल हेल्थकेयर	B-3/402-403, Audumbar, Lokudyan Kalyan (West), Thane, Thane, Maharashtra	#608 B-3/402-403, AUDUMBAR, LOKUDYAN KALYAN (WEST), THANE, THANE, Maharashtra	all_current_passes	no_key_intersection_or_cap
S1-595258747	S2-538535226	S2	India	House Control Private Limited	h0usecontrol.com	Telangana, Century Avenue, Behind Ncl Enclave, Pet Basheerabad, Plot No. 35 &36, Hyderabad	PLOT NO. #35 &36, CENTURY AVENUE, BEHIND NCL ENCLAVE, PET BASHEERABAD, HYDERABAD, null, Telangana	all_current_passes	no_key_intersection_or_cap
S1-782320784	S2-558160939	S2	India	Govind Consultancy (India) Private Limited	Smt Govind Consultancy Private Private (India) Limited	Old Dlf Colony, Sector 14 Half Premises Ist Floor, Gurgaon, M-45, Haryana	M-0045, OLD DLF COLONY, SECTOR 14 HALF PREMISES IST FLOOR, GURGAON, Haryana	all_current_passes	no_key_intersection_or_cap
S1-782320784	S2-403505720	S2	India	Govind Consultancy (India) Private Limited	GOVIND CONUSETY (INDIA) PRIVATE LIMITED	Old Dlf Colony, Sector 14 Half Premises Ist Floor, Gurgaon, M-45, Haryana	M-0045, OLD DLF COLONY, SECTOR 14 HALF PREMISES IST FLOOR, GURGAON, Haryana	all_current_passes	no_key_intersection_or_cap
S1-782320784	S3-348503943	S3	India	Govind Consultancy (India) Private Limited	Sri Govind Consultancy (India) Limited Service	Old Dlf Colony, Sector 14 Half Premises Ist Floor, Gurgaon, M-45, Haryana	H.no 53 M-45, Old Dlf Colony, Sector 14 Half Premises Ist Floor, Gurgaon, HR	all_current_passes	no_key_intersection_or_cap
S1-375464245	S3-836220787	S3	US	Upper Signature Tpg LLC	Upper 5ignature LLC Tpg	700 Ali Lane, Victoria, MN	900 Ali Ln, Victoria, Minnesota	all_current_passes	no_key_intersection_or_cap
S1-375464245	S3-826049714	S3	US	Upper Signature Tpg LLC	Upper Tpg LLC Partners	700 Ali Lane, Victoria, MN	900 Ali Ln, Victoria, Minnesota	all_current_passes	no_key_intersection_or_cap
S1-582613007	S3-774981419	S3	India	Food Nursing Home	Umbrazeta Sys	Survey No. 477 & 489, No. 99, Papparambakkam Village, Thiruvallur, Tamil Nadu	Tamil Nadu, No. 99, Thiruvallur, Papparambakkam Village, Survey No. 477 & 489	all_current_passes	no_key_intersection_or_cap
S1-880643397	S2-834352829	S2	India	Digital Foundation Private Limited	ഡിജിറ്റൽ ഫൗണ്ടേഷൻ പ്രൈവറ്റ് ലിമിറ്റഡ്	Alex Kuruvila, 15/547, Peringattu House Thellakom P O., Nr Sh Convent, Kottayam, Kerala	AEX KURUVILA, KOTTAYAM, കേരളം, KOTTAYAM, 15/547, PERINGATTU HOUSE THELLAKOM P O., NR SH CONVENT	all_current_passes	no_key_intersection_or_cap
S1-880643397	S3-93777671	S3	India	Digital Foundation Private Limited	ഡിജിറ്റൽ Foundation പ്രൈവറ്റ് ലിമിറ്റഡ്	Alex Kuruvila, 15/547, Peringattu House Thellakom P O., Nr Sh Convent, Kottayam, Kerala	#656 Alex Kuruvila, 15/547, Peringattu House Thellakom P O., Nr Sh Convent, Kottayam, Keralam	all_current_passes	no_key_intersection_or_cap
S1-265413641	S3-136002655	S3	India	Aarvendra Amusement Co	Yumasynjax	Bangalore, 54, Bangalore-2., Karnataka, Khader Sheriff Gardens	54, Khader Sheriff Gardens, Bangalore-2., Bangalore, Karnataka	all_current_passes	no_key_intersection_or_cap
S1-558784443	S3-47688033	S3	India	Eastern Marketing Private Limited	ईस्टर्न मार्केटिंग प्राइवेट लिमिटेड	2033/1, Susuwahi, Near Hyderabad Gate, Dafi, Varanasi, Uttar Pradesh	उत्तर प्रदेश, Varanasi, Susuwahi, Near Hyderabad Gate, Dafi, 033/1, Varanasi	all_current_passes	no_key_intersection_or_cap
S1-891697553	S2-72396943	S2	India	Raj Hospitality Private Limited	రాజ్ హాస్పిటాలిటీ ప్రైవేట్ లిమిటెడ్	1100/Asg/B1003, Aparnagrande, Nallagandla Serilingampally, Hyderabadcentralunive, Rsity, Hyderabad, Rangareddy, Telangana	NO. 11 1100/ASG/B1003, RANGAREDDY, HYDERABAD, Telangana	all_current_passes	no_key_intersection_or_cap
S1-891697553	S2-516565257	S2	India	Raj Hospitality Private Limited	రాజ్ హాస్పిటాలిటీ ప్రైవేట్ లిమిటెడ్	1100/Asg/B1003, Aparnagrande, Nallagandla Serilingampally, Hyderabadcentralunive, Rsity, Hyderabad, Rangareddy, Telangana	#11 1100/ASG/B1003, APARNAGRANDE, NALLAGANDLA SERILINGAMPALLY, HYDERABADCENTRALUNIVE, RSITY, HYDERABAD, RANGAREDDY, Telangana	all_current_passes	no_key_intersection_or_cap
S1-891697553	S3-562670976	S3	India	Raj Hospitality Private Limited	రాజ్ హాస్పిటాలిటీ ప్రైవేట్ లిమిటెడ్	1100/Asg/B1003, Aparnagrande, Nallagandla Serilingampally, Hyderabadcentralunive, Rsity, Hyderabad, Rangareddy, Telangana	Andhra Pradesh, Hyderabad, 1100/Asg/B1003, Aparnagrande, Nallagandla Serilingampally, Hyderabadcentralunive, Rsity	all_current_passes	no_key_intersection_or_cap
S1-258105939	S2-351312688	S2	US	Best Construction Collective LLC	Best Collective LLC Center	338 Pulaski Highway, Elkton, MD	00338 PULASKI HWY, ELKTON CITY, MD	all_current_passes	no_key_intersection_or_cap
S1-141941253	S3-159484018	S3	US	Lejeune, Lang and Graham Inc	Viopyra fka Lejeune, Lang and Graham Inc	5200 45th Terrace, Kansas City, MO	Kansas City, 5200 45th Terrace, MO	all_current_passes	no_key_intersection_or_cap
S1-428751350	S2-210729931	S2	US	Behavioral Health Medicine	behavioralhealthmedicine.com	Boonville, IN, 51 Rockport Road	51 ROCKPORT RD, BOONVILLE, IN	all_current_passes	no_key_intersection_or_cap
S1-428751350	S2-77998972	S2	US	Behavioral Health Medicine	behavioralhealthmedicine.com	Boonville, IN, 51 Rockport Road	IN, BOONVILLE, 51 Rockport Rd	all_current_passes	no_key_intersection_or_cap
S1-428751350	S3-73467861	S3	US	Behavioral Health Medicine	Behavioral Health	Boonville, IN, 51 Rockport Road	#51 Rockport Road, Boonville, Indiana	all_current_passes	no_key_intersection_or_cap
S1-428751350	S3-408647061	S3	US	Behavioral Health Medicine	Nylanovi t/a Behavioral Health Medicine	Boonville, IN, 51 Rockport Road	51 Rockport Road, Boonville, IN	all_current_passes	no_key_intersection_or_cap
S1-494538745	S3-313187887	S3	US	VZ Complete Grifols Inc	VZ Comp1ete Grifols  Inc	15 Murray Street, Mount Morris, NY	0015 Murray St, Mount Morris, New York	all_current_passes	no_key_intersection_or_cap
S1-704568959	S3-217435873	S3	US	Tova Inc	Tv Tv Inc	501 Elton Court, Smithtown, NY	00501 Elton Court, Smithtown, New York	all_current_passes	no_key_intersection_or_cap
S1-704568959	S3-163490659	S3	US	Tova Inc	tova.com	501 Elton Court, Smithtown, NY	00501 Elton Ct, Smithtown, New York	all_current_passes	no_key_intersection_or_cap
S1-496065441	S3-569831576	S3	India	Foundation Eaton Web Pvt. Ltd.	Pvt Foundation Eaton Web Ltd	Chittorgarh, 7-B Ashok Nagar, Near Hira Vatika, Rajasthan, Chittorgarh	No 7-B Ashok Nagar, Near Hira Vatika, Chittorgarh, RJ	all_current_passes	no_key_intersection_or_cap
S1-5295461	S2-784640513	S2	US	Garay and Jones Corp	Fayebrix	901 Howard Street, Shelbyville, IN	SHELBYVILLE, 901 HOWARD ST, IN	all_current_passes	no_key_intersection_or_cap
S1-484929991	S2-410125114	S2	US	Ricker and Mendoza	rickermendoza.com	925 4th Street, Bellwood Borough, PA	00925 FOURTH SAINT, BELLWOOD BOROUGH, PA	all_current_passes	no_key_intersection_or_cap
S1-484929991	S3-468915757	S3	US	Ricker and Mendoza	The Ricker and Mendoza	925 4th Street, Bellwood Borough, PA	0925 4th St, Bellwood, Pennsylvania	all_current_passes	no_key_intersection_or_cap
S1-315851491	S2-47064098	S2	India	Swatantra & Brothers Pvt Ltd	Swatantra & Pvt Ltd Partners	Ix/2890/A, Gurudwara Gali Gandhi Nagar, Delhi, East Delhi, Delhi	दिल्ली, PLOT 0411 IX/2890/A, GURUDWARA GALI GANDHI NAGAR, DELHI	all_current_passes	no_key_intersection_or_cap
S1-498218866	S2-217071321	S2	India	Shree Consultancy	Shri SHREE CONSULTANCY LIMITED	H.No. 6-426, S.F.S Agarwal Farm, Jaipur, Rajasthan	H.NO. 6-426, S.F.S AGARWAL FARM, JAIPUR, <NULL>, Rajasthan	all_current_passes	no_key_intersection_or_cap
S1-498218866	S3-564791383	S3	India	Shree Consultancy	Shree Consulatscy	H.No. 6-426, S.F.S Agarwal Farm, Jaipur, Rajasthan		all_current_passes	no_key_intersection_or_cap
S1-539762538	S2-297783049	S2	India	Tranquility Electromechanical LLP	Center Tranquility LLP	Delhi, N-10, Ground Floor, Vishnu Garden, West Delhi, Shop No.3, New Delhi	3, N-10, GROUND FLOOR, VISHNU GARDEN, NEW DELHI, WEST DELHI, दिल्ली	all_current_passes	no_key_intersection_or_cap
S1-539762538	S2-230214346	S2	India	Tranquility Electromechanical LLP	Tranquility LLP Center	Delhi, N-10, Ground Floor, Vishnu Garden, West Delhi, Shop No.3, New Delhi		all_current_passes	no_key_intersection_or_cap
S1-539762538	S3-156071169	S3	India	Tranquility Electromechanical LLP	Tranquilityelectromechanical.Com	Delhi, N-10, Ground Floor, Vishnu Garden, West Delhi, Shop No.3, New Delhi	Bodela, N-10, Ground Floor, Vishnu Garden, New Delhi, No 3/7, DL	all_current_passes	no_key_intersection_or_cap
S1-823507871	S3-4238940	S3	US	Ironclad PLLC	The Ironclad PLLC	Sugar Land, 3914 Misty Morn Lane, TX		all_current_passes	no_key_intersection_or_cap
S1-984476715	S3-326476730	S3	India	Krishna & Sons Private Limited	Dr Krishna & Private Limited Service	No. 235, Binnamangala, 2Nd Floor, 13Th Cross Road, Bangalore North, Bangalore, Karnataka	No. 236, KA, Bangalore	all_current_passes	no_key_intersection_or_cap
S1-204715597	S3-708105664	S3	US	Internal Medicine Beacon Partners Inc	Intemal Medicine Beacon Partners [Inc.] [Inc.]	508 Olde Oak Drive, Bourbonnais, IL	508 Olde Oak Drive, Bourbonnais Township, Illinois	all_current_passes	no_key_intersection_or_cap
S1-204715597	S3-172622823	S3	US	Internal Medicine Beacon Partners Inc	Internal Medichinn Beacon Partners Inc	508 Olde Oak Drive, Bourbonnais, IL	508 Olde Oak Drive, Bourbonnais Township, Illinois	all_current_passes	no_key_intersection_or_cap
S1-599612665	S2-717038954	S2	India	Dream Marketing Private Limited	ड्रीम मार्केटिंग प्राइवेट लिमिटेड	Uttar Pradesh, Noida, Plot No 27 & 28 Udyog, Gautam Buddha Nagar, Kendra, Ecotech 3, I.D.A	DOOR NO G-27 & 28 UYDOG, KENDRA, ECOTECH 3, I.D.A, GAUTAM BUDDHA NAGAR, NOIDA, उत्तर प्रदेश	all_current_passes	no_key_intersection_or_cap
S1-599612665	S2-367585458	S2	India	Dream Marketing Private Limited	ड्रीम मार्केटिंग प्राइवेट लिमिटेड	Uttar Pradesh, Noida, Plot No 27 & 28 Udyog, Gautam Buddha Nagar, Kendra, Ecotech 3, I.D.A	PLOT NO G-27 & 28 UDYOG, KENDRA, ECOTECH 3, I.D.A, NOIDA, GAUTAM BUDDHA NAGAR, Uttar Pradesh	all_current_passes	no_key_intersection_or_cap
S1-599612665	S3-794378660	S3	India	Dream Marketing Private Limited	Dream Private Limited Center	Uttar Pradesh, Noida, Plot No 27 & 28 Udyog, Gautam Buddha Nagar, Kendra, Ecotech 3, I.D.A	#27 & 28 Udyog, Kendra, Ecotech 3, I.d.a, Noida, Gautam Buddha Nagar, उत्तर प्रदेश	all_current_passes	no_key_intersection_or_cap
S1-599612665	S3-632691193	S3	India	Dream Marketing Private Limited	Pyracira f/k/a Dream Marketing Private Limited	Uttar Pradesh, Noida, Plot No 27 & 28 Udyog, Gautam Buddha Nagar, Kendra, Ecotech 3, I.D.A	Plot No 27 & 28 Udyog, Kendra, Ecotech 3, I.D.A, Noida, Gautam Buddha Nagar, Uttar Pradesh	all_current_passes	no_key_intersection_or_cap
S1-118304579	S2-483609245	S2	India	International Software LLP	इंटरनेशनल सॉफ्टवेयर एलएलपी	B-95, Anita Colony, Bajaj Nagar Enclave Bajaj Nagar, Rajasthan, Jaipur	#00799 B-95, ANITA COLONY, BAJAJ NAGAR ENCLAVE BAJAJ NAGAR, JAIPUR, Rajasthan	all_current_passes	no_key_intersection_or_cap
S1-118304579	S2-617914709	S2	India	International Software LLP	इंटरनेशनल सॉफ्टवेयर एलएलपी	B-95, Anita Colony, Bajaj Nagar Enclave Bajaj Nagar, Rajasthan, Jaipur	H.NO 00799 B-95, ANITA COLONY, BAJAJ NAGAR ENCLAVE BAJAJ NAGAR, JAIPUR, Rajasthan	all_current_passes	no_key_intersection_or_cap
S1-927634906	S2-17753117	S2	US	Upper Atlanta LLC	UPPER LLC CENTER	W7894 Keller Road, Town Of Evergreen, WI	W789 KELLER RD, TOWN OF EVERGREEN, WI	all_current_passes	no_key_intersection_or_cap
S1-927634906	S3-801887172	S3	US	Upper Atlanta LLC	LLC Upper Atarlnta	W7894 Keller Road, Town Of Evergreen, WI	<NULL>, Wisconsin, W7894 Keller Rd, Spooner	all_current_passes	no_key_intersection_or_cap
S1-279534597	S2-909501954	S2	India	Apex It Private Limited	एपेक्स आईटी प्राइवेट लिमिटेड	Flat No.101, M-3, Connaught Place, (Middle Circle), New Delhi, Central Delhi, Delhi	FLAT NO.101, NEW DELHI, CENTRAL DELHI, Delhi	all_current_passes	no_key_intersection_or_cap
S1-279534597	S3-894106835	S3	India	Apex It Private Limited	एपेक्स आईटी प्राइवेट लिमिटेड	Flat No.101, M-3, Connaught Place, (Middle Circle), New Delhi, Central Delhi, Delhi	Flat No.1-01, New Delhi, Central Delhi, DL	all_current_passes	no_key_intersection_or_cap
S1-903379045	S2-297092754	S2	India	Guru Foundation Private Limited	গুরু ফাউন্ডেশন প্রাইভেট লিমিটেড	9, A J C Bose Road, Kolkata, Kolkata, 4Th Floor, West Bengal, Howrah	HOWRAH, CALCUTTA, FLOOR, পশ্চিমবঙ্গ	all_current_passes	no_key_intersection_or_cap
S1-903379045	S3-355485402	S3	India	Guru Foundation Private Limited	গুরু ফাউন্ডেশন প্রাইভেট লিমিটেড	9, A J C Bose Road, Kolkata, Kolkata, 4Th Floor, West Bengal, Howrah	পশ্চিমবঙ্গ, Howrah, Kolkata, #004Th Floor	all_current_passes	no_key_intersection_or_cap
S1-455390061	S3-828037992	S3	US	Martin Uranium LLC	martinuranium.c0m	10905 Hopewell Road, Unit B, Putnam County, TN	1090 Hopewell Rd, # B, Putnam County, Tennessee	all_current_passes	no_key_intersection_or_cap
S1-455390061	S3-785447201	S3	US	Martin Uranium LLC	Martin Uraoiu LLC	10905 Hopewell Road, Unit B, Putnam County, TN	Putnam County, # B, 1090 Hopewell Road, Tennessee	all_current_passes	no_key_intersection_or_cap
S1-455390061	S3-604531614	S3	US	Martin Uranium LLC	Martin Urahnim LLC	10905 Hopewell Road, Unit B, Putnam County, TN	1090 Hopewell Rd, # B, Putnam County, Tennessee	all_current_passes	no_key_intersection_or_cap
S1-562717328	S3-84379429	S3	US	Urgent Care Center, LLC	Urgent Care Center, LLC District	1 Hearthstone Way, Unit 376, Chandler, AZ	01 Hearthstone Way, Unit 376, Chandler, Arizona	all_current_passes	no_key_intersection_or_cap
S1-943981127	S2-508556946	S2	India	Vasavi Management Private Limited	Priv Vasavi Management Limited	Plot No. 973, Khasra No. 30/13 Palam Extension Part-1, New Delhi, Delhi	PLOT NO. ##973, KHASRA NO. 30/13 PALAM EXTENSION PART-1, NEW DELHI, Delhi	all_current_passes	no_key_intersection_or_cap
S1-938708347	S3-80654410	S3	US	Dorman Data LLC	dormandata.com	Ozark, 5605 Farmer Branch Road, Unit APT 207, MO	5605 Farmer Blanch Road, # APT 207, Missouri, Ozark	all_current_passes	no_key_intersection_or_cap
S1-938708347	S3-840182079	S3	US	Dorman Data LLC	Synumbrax DBA Dorman Data LLC	Ozark, 5605 Farmer Branch Road, Unit APT 207, MO	5605 Farmer Branch Road, Unit APT 207, Ozark, MO	all_current_passes	no_key_intersection_or_cap
S1-358359507	S2-30388750	S2	India	Best Tirupati Foundation	బెస్ట్ తిరుపతి ఫౌండేషన్	Dno:6-35/D, Eluru Road Ghantavari Gudem, Nallajerla Mandal, Nallajerla, West Godavari, Andhra Pradesh	DNO:06-35/D, ELURU ROAD GHANTAVARI GUDEM, NALLAJERLA MANDAL, NALLAJERLA, WEST GODAVARI, Andhra Pradesh	all_current_passes	no_key_intersection_or_cap
S1-718618083	S2-952448192	S2	US	Minta Cirillo Shipping	THE MINTA CIRILLO SHIPPING	10342 278th Avenue, Village Of Salem Lakes, WI		all_current_passes	no_key_intersection_or_cap
S1-278523742	S2-128469755	S2	India	Cherry & Co Co	Crery & Co Co	202, Gurukrupa Apartments, Paryawaran Nagar, Somalwada Square, Wardha Road, Nagpur, Maharashtra	202, WARDHA ROAD, NAGPUR, महाराष्ट्र	all_current_passes	no_key_intersection_or_cap
S1-689324166	S2-833110212	S2	US	Shayla Mohan Ligand	Shayla Mfan Ligand	Chesterfield County, VA, 11906 Porters Mill Place		all_current_passes	no_key_intersection_or_cap
S1-689324166	S2-446013599	S2	US	Shayla Mohan Ligand	Shayla Ma-Ligand	Chesterfield County, VA, 11906 Porters Mill Place	VA, 11908 PORTERS MILL PLACE, CHESTERFIELD COUNTY	all_current_passes	no_key_intersection_or_cap
S1-689324166	S2-148868514	S2	US	Shayla Mohan Ligand	SHAYLA MENN LIGAND	Chesterfield County, VA, 11906 Porters Mill Place	VA, 11908 PORTERS MILL PLACE, CHESTERFIELD COUNTY	all_current_passes	no_key_intersection_or_cap
S1-689324166	S3-166344450	S3	US	Shayla Mohan Ligand	Pyrahalo trading as Shayla Mohan Ligand	Chesterfield County, VA, 11906 Porters Mill Place	11906 Porters Mill Place, Chesterfield County, VA	all_current_passes	no_key_intersection_or_cap
S1-647737596	S2-341106636	S2	India	Scorpio & Brothers Private Limited	Sri Scorpio & Brothers Limited Service	Nagpur, Nagpur (Urban), 117 Sudarshan Colny, Maharashtra, Nagpur	महाराष्ट्र, 117 SUDARSHAN COLNY, NAGPUR (URBAN), NAGPUR	all_current_passes	no_key_intersection_or_cap
S1-342612208	S2-723852858	S2	US	North Veterinary Clinic	northveterinaryclinic.com	49 North Avenue, Norwood, MA	NORWOOD, MA, 49 NORTH AVE	all_current_passes	no_key_intersection_or_cap
S1-342612208	S3-492502301	S3	US	North Veterinary Clinic	NORTH NORTH VETERINARY CLINIC	49 North Avenue, Norwood, MA		all_current_passes	no_key_intersection_or_cap
S1-651276763	S3-251712731	S3	US	Dental Medicine LP	Veosynyuma fka Dental Medicine LP	9410 Wallace Street, IL, Chicago	IL, Chicago, 9410 Wallace Street	all_current_passes	no_key_intersection_or_cap
S1-733316718	S2-399447379	S2	US	Cthrine Palmer Beverage Inc.	Cthrine Palhoer Beverage-Inc.	848 Sycamore Street, Fresno, TX	847 SYCAMORE ST, FRESNO, TX	all_current_passes	no_key_intersection_or_cap
S1-137389819	S2-300918320	S2	US	Ryan Andretti	Ryan-Center	4880 King's Peak Road, Rio Rancho, NM	NM, 880 KING'S PEAK ROAD, RIO RANCHO	all_current_passes	no_key_intersection_or_cap
S1-35316102	S2-787034529	S2	US	Macken Holding Company	MACKENHOLDING.COM	2621 Preston Street, Baltimore, MD	MD, BALTIMORE, 2621 PRESTON STREET	all_current_passes	no_key_intersection_or_cap
S1-207205752	S2-431860000	S2	US	WOO Cola Inc	W0O CÓLA	TN, 1416 Honeysuckle Lane, Clarksville	CLARKSVILLE, TN, 1416 HONEYSUCKLE LANE	all_current_passes	no_key_intersection_or_cap
S1-833827485	S2-777786370	S2	India	Dream Food Private Limited	ಡ್ರೀಮ್ ಫುಡ್ ಪ್ರೈವೇಟ್ ಲಿಮಿಟೆಡ್	2Nd Cross, Ashok Nagar Opp Tumkur University/Govt College, Tumkur, Karnataka, Tumkur, Dhobi Ghat Road	DHOBI GHAT ROAD, 2ND CROSS, ASHOK NAGAR OPP TUMKUR UNIVERSITY/GOVT COLLEGE, TUMKUR, Karnataka	all_current_passes	no_key_intersection_or_cap
S1-833827485	S3-198507244	S3	India	Dream Food Private Limited	Dream F0od Perimate Limited	2Nd Cross, Ashok Nagar Opp Tumkur University/Govt College, Tumkur, Karnataka, Tumkur, Dhobi Ghat Road		all_current_passes	no_key_intersection_or_cap
S1-143629604	S3-973410744	S3	India	Hyderabad Mobility Private Limited	Psvate Hyderabad Mobility Limited	No 25-35/10/5/1 Mk Nagar, Telangana, Medak, Ramchandrapuram, Hyderabad	TG, No 25-35/10/5/1 Mk Nagar, Hyderabad, R C Puram, Ramchandrapuram	all_current_passes	no_key_intersection_or_cap
S1-143629604	S3-966884170	S3	India	Hyderabad Mobility Private Limited	Lyralyra DBA: Hyderabad Mobility Private Limited	No 25-35/10/5/1 Mk Nagar, Telangana, Medak, Ramchandrapuram, Hyderabad	Telangana, Hyderabad, Medak, Ramchandrapuram, No 25-35/10/5/1 Mk Nagar	all_current_passes	no_key_intersection_or_cap
S1-911254186	S3-858283504	S3	US	Lee Best Championsgate	Lee 8est	1058 Kensington Avenue, Buffalo, NY	105 Kensington Ave, Buffalo, New York	all_current_passes	no_key_intersection_or_cap
S1-315618381	S3-822190436	S3	US	VS Rice Inc.	VS Riec Inc	37 10th Street, Newark, OH	37 Tenth Street, Newark, Ohio	all_current_passes	no_key_intersection_or_cap
S1-480229353	S2-590888484	S2	India	New Delhi Resorts Private Limited	Private New Délhi Resorts Ltd	Delhi, D-94, 9Th Floor, Himalaya House, 23, K.G. Marg, New Delhi, Central Delhi	#718 D-94, CENTRAL DELHI, NEW DELHI, Delhi	all_current_passes	no_key_intersection_or_cap
S1-480229353	S3-287295049	S3	India	New Delhi Resorts Private Limited	New Delhi Resorts Private	Delhi, D-94, 9Th Floor, Himalaya House, 23, K.G. Marg, New Delhi, Central Delhi	D-94, Delhi, New Delhi, DL	all_current_passes	no_key_intersection_or_cap
S1-480229353	S3-112977107	S3	India	New Delhi Resorts Private Limited	New Delhi Rseocrts Private [Limited]	Delhi, D-94, 9Th Floor, Himalaya House, 23, K.G. Marg, New Delhi, Central Delhi	New Delhi, Delhi, D-94, DL	all_current_passes	no_key_intersection_or_cap
S1-480229353	S3-952131610	S3	India	New Delhi Resorts Private Limited	New Degai Resorts Private Limited	Delhi, D-94, 9Th Floor, Himalaya House, 23, K.G. Marg, New Delhi, Central Delhi	D-94, Central Delhi, Delhi, DL	all_current_passes	no_key_intersection_or_cap
S1-480229353	S3-141793401	S3	India	New Delhi Resorts Private Limited	New Delhi Resorts Limited Center	Delhi, D-94, 9Th Floor, Himalaya House, 23, K.G. Marg, New Delhi, Central Delhi	D-94, 9Th Floor, Himalaya House, 23, K.g. Marg, Delhi, Central Delhi, दिल्ली	all_current_passes	no_key_intersection_or_cap
S1-480229353	S3-43289411	S3	India	New Delhi Resorts Private Limited	Resorts	Delhi, D-94, 9Th Floor, Himalaya House, 23, K.G. Marg, New Delhi, Central Delhi	D-94, 9Th Floor, Himalaya House, 23, K.G. Marg, New Delhi, Central Delhi, Delhi	all_current_passes	no_key_intersection_or_cap
S1-288666702	S2-907637660	S2	India	WK Hospitals Pvt Ltd	WK Ltd Pvt Hospitals	Pokhara Mohalla P.O. Hajipur Ps- Town Thana, Hajipur, Vaishali, Bihar	HN 884 POKHARA MOHALLA P.O. HAJIPUR PS- TOWN THANA, HAJIPUR, Bihar	all_current_passes	no_key_intersection_or_cap
S1-288666702	S3-628358383	S3	India	WK Hospitals Pvt Ltd	WK Pvt Ltd Center	Pokhara Mohalla P.O. Hajipur Ps- Town Thana, Hajipur, Vaishali, Bihar	BR, Pokhara Mohalla P.o. Hajipur Ps- Town Thana, Hajipur, Vaishali	all_current_passes	no_key_intersection_or_cap
S1-288666702	S3-519622989	S3	India	WK Hospitals Pvt Ltd	Caloonyx trading as WK Hospitals Pvt Ltd	Pokhara Mohalla P.O. Hajipur Ps- Town Thana, Hajipur, Vaishali, Bihar	Bihar, Hajipur, Pokhara Mohalla P.O. Hajipur Ps- Town Thana, Vaishali	all_current_passes	no_key_intersection_or_cap
S1-322278645	S2-843869139	S2	India	Tech Services Private Limited	ટેક સર્વિસીસ પ્રાઇવેટ લિમિટેડ	601/C Sahajanand Complexnr New Madhavpura Market Shahibaug, Ahmedabad, Gujarat	H.NO #601/C SAHAJANAND COMPLEXNR NEW MADHAVPURA MARKET SHAHIBAUG, AHMEDABAD, Gujarat	all_current_passes	no_key_intersection_or_cap
S1-322278645	S3-554656762	S3	India	Tech Services Private Limited	M/s Tech Services Private	601/C Sahajanand Complexnr New Madhavpura Market Shahibaug, Ahmedabad, Gujarat	759 Sahajanand Complexnr New Madhavpura Market Shahibaug, Ahmedabad, GJ	all_current_passes	no_key_intersection_or_cap
S1-322278645	S3-359588675	S3	India	Tech Services Private Limited	Tech Services Private Ltd	601/C Sahajanand Complexnr New Madhavpura Market Shahibaug, Ahmedabad, Gujarat	759 Sahajanand Complexnr New Madhavpura Market Sahibaug, Ahmedabad, ગુજરાત	all_current_passes	no_key_intersection_or_cap
S1-197025412	S3-364898751	S3	India	Anilika Energy Private Limited	Anilika Private Limited Center	Creware Coworks, No. 4, 2Nd And 3Rd Floor, Himagiri Silicon City, Thogur Cross, Phase 1, Bangalore South, Bangalore, Karnataka	Hn 255 Creware Coworks, Bangalore South, Bangalore, KA	all_current_passes	no_key_intersection_or_cap
S1-197025412	S3-656841989	S3	India	Anilika Energy Private Limited	Ani1ika Energy Private	Creware Coworks, No. 4, 2Nd And 3Rd Floor, Himagiri Silicon City, Thogur Cross, Phase 1, Bangalore South, Bangalore, Karnataka	Hn 255 Creware Coworks, Bangalore South, Bangalore, KA	all_current_passes	no_key_intersection_or_cap
S1-173444224	S3-41117674	S3	US	Gonzales First Railway LLC	Gonzales Fialt Railway LLC	N9622 Darboy Drive, Village Of Harrison, WI	Appleton CITY, N9622 Darboy Dr, Wisconsin	all_current_passes	no_key_intersection_or_cap
S1-587221175	S2-872780584	S2	US	Colonial Holdings Group	Coional Holdings Group	2708 Wehnwood Road, Unit APT 119, Altoona, PA	PA, ALTOONA, 2708 WEHNWOOD RD	all_current_passes	no_key_intersection_or_cap
S1-45766539	S2-982838825	S2	India	Omega & Brothers	FLUXBELO	Room No: 2/735 1St Floor, Masjid Building Valanchery, Perinthalmanna Road, Malappuram, Malappuram, Malapuram, Kerala	ROOM NO: 2/735 1ST FLOOR, MALAPPURAM, MALAPURAM, Keralam	all_current_passes	no_key_intersection_or_cap
S1-45766539	S2-947481206	S2	India	Omega & Brothers	omegabrothers.com	Room No: 2/735 1St Floor, Masjid Building Valanchery, Perinthalmanna Road, Malappuram, Malappuram, Malapuram, Kerala	ROOM NO: 2/735 1ST FLOOR, MASJID BUILDING VALANCHERY, PERINTHALMANNA ROAD, MALAPPURAM, MALAPPURAM, Keralam	all_current_passes	no_key_intersection_or_cap
S1-45766539	S2-753506985	S2	India	Omega & Brothers	Omega & Bhrohes	Room No: 2/735 1St Floor, Masjid Building Valanchery, Perinthalmanna Road, Malappuram, Malappuram, Malapuram, Kerala	ROOM NO: 2/735 1ST FLOOR, MASJID BUILDING VALANCHERY, PERINTHALMANNA ROAD, MALAPPURAM, MALAPPURAM, Keralam	all_current_passes	no_key_intersection_or_cap
S1-45766539	S3-667064683	S3	India	Omega & Brothers	Service Brothers Omega	Room No: 2/735 1St Floor, Masjid Building Valanchery, Perinthalmanna Road, Malappuram, Malappuram, Malapuram, Kerala	Room No: 2/735 1St Floor, Masjid Building Valanchery, Perinthalmanna Road, Malappuram, Malapuram, Keralam	all_current_passes	no_key_intersection_or_cap
S1-45766539	S3-265970343	S3	India	Omega & Brothers	Pyrajax	Room No: 2/735 1St Floor, Masjid Building Valanchery, Perinthalmanna Road, Malappuram, Malappuram, Malapuram, Kerala	Room No: 2/735 1St Floor, Masjid Building Valanchery, Perinthalmanna Road, Malappuram, Malapuram, Keralam	all_current_passes	no_key_intersection_or_cap
S1-743565110	S2-97624547	S2	US	Voth Investments LP	Voth lnvestments LP	W9586 Richards Road, Town Of Arlington, WI	W9586-A RICHARDS ROAD, TOWN OF ARLINGTON, WI	all_current_passes	no_key_intersection_or_cap
S1-743565110	S2-843414885	S2	US	Voth Investments LP	Fluxzetanovi	W9586 Richards Road, Town Of Arlington, WI	WI, TOWN OF ARLINGTON, W9586-A RICHARDS RD	all_current_passes	no_key_intersection_or_cap
S1-743565110	S2-276161432	S2	US	Voth Investments LP	*** VOTH ÍNVE5TMENTS LP	W9586 Richards Road, Town Of Arlington, WI	W9586-A RICHARDS RD, LODI, WI	all_current_passes	no_key_intersection_or_cap
S1-567073072	S3-785850283	S3	US	Fresh Bistro	Freshbistro.Com	501 Hidden Valley Road, Wills Point, TX	Hidden Valley Rd, Wills Point, Texas	all_current_passes	no_key_intersection_or_cap
S1-598570539	S2-786284926	S2	India	Big Marketing Private Limited	ബിഗ് മാർക്കറ്റിംഗ് പ്രൈവറ്റ് ലിമിറ്റഡ്	Edappilly, Ernakulam, Firstfloor, Oryxarcade, Vmbroadpathadipalam, Kerala, Doorno.2 (Municipalno.30/123C4)	(MUNICIPALNO.30/123C4), FIRSTFLOOR, ORYXARCADE, VMBROADPATHADIPALAM, EDAPPILLY, Keralam	all_current_passes	no_key_intersection_or_cap
S1-598570539	S3-289095996	S3	India	Big Marketing Private Limited	ബിഗ് മാർക്കറ്റിംഗ് പ്രൈവറ്റ് ലിമിറ്റഡ്	Edappilly, Ernakulam, Firstfloor, Oryxarcade, Vmbroadpathadipalam, Kerala, Doorno.2 (Municipalno.30/123C4)	Doorno.2 (Municipalno.30/123C4), Kerlala, <NULL>, KL	all_current_passes	no_key_intersection_or_cap
S1-598570539	S3-759165760	S3	India	Big Marketing Private Limited	ബിഗ് മാർക്കറ്റിംഗ് പ്രൈവറ്റ് ലിമിറ്റഡ്	Edappilly, Ernakulam, Firstfloor, Oryxarcade, Vmbroadpathadipalam, Kerala, Doorno.2 (Municipalno.30/123C4)	Doorno.2 (Municipalno.30/123C4), Firstfloor, Oryxarcade, Vmbroadpathadipalam, Kerlala, <NULL>, കേരളം	all_current_passes	no_key_intersection_or_cap
S1-951412330	S2-240503636	S2	US	Silvana Cox, D.C.	Silvana Chdix D.C.	29 Fifteenth Street, Old Orchard Beach, ME	029 15RD STREET, OLD ORCHARD BEACH, ME	all_current_passes	no_key_intersection_or_cap
S1-167776569	S3-505710447	S3	India	Pune Tours Private Limited	Pune Private Limited Services Services	306 Trade Netnagar Road Viman Nagar, Pune, Maharashtra	00306 Trade Netnagar Road Viman Nagar, Pune, MH	all_current_passes	no_key_intersection_or_cap
S1-760850538	S2-758906589	S2	US	Unified Logistics Union Co	The Unified Logistics Union Co	658 Boulevard, Dover, OH	BOULEVARD, DOVER, OH	all_current_passes	no_key_intersection_or_cap
S1-760850538	S2-643522922	S2	US	Unified Logistics Union Co	UNIFIEDLOGISTICSUNION.COM	658 Boulevard, Dover, OH	BOULEVARD, DOVER, OH	all_current_passes	no_key_intersection_or_cap
S1-739488516	S3-714535426	S3	US	Peak Integrated Power Inc	Peak  Power Inc Center	14619 Littleford Street, Houston, TX	Littleford Street, Texas, Houston	all_current_passes	no_key_intersection_or_cap
S1-55989676	S2-187654002	S2	India	Thane Abroad Private Limited	Private Thane Aond Limited	Orchid Bldg, Prestige Residency Ghodbunder Road, Thane, Maharashtra, A-601, Thane	A-601, THANE, Maharashtra	all_current_passes	no_key_intersection_or_cap
S1-848176157	S3-322918954	S3	India	Dvs (India) India Private Limited	Brixecto One DBA: Dvs (India) India Private Limited	No.72 (Old No.781) T.H. Road Tondiarpet, Chennai, Tamil Nadu	Tamil Nadu, No.72 (Old No.781) T.H. Road Tondiarpet, Chennai	all_current_passes	no_key_intersection_or_cap
S1-859261995	S3-574380621	S3	India	Lotus Producer Pvt Ltd	Pyravantage f/k/a Lotus Producer Pvt Ltd	S/O-Ram Murat, H.No-1/165, Ward No-2, Barwan Nasirpur, Nibiyahwa Pokhra, Akbarpur, Ambedkar Nagar, Uttar Pradesh	S/O-Ram Murat, H.No-1/165, Ward No-2, Barwan Nasirpur, Nibiyahwa Pokhra, Akbarpur, Ambedkar Nagar, Uttar Pradesh	all_current_passes	no_key_intersection_or_cap
S1-905769449	S3-620826096	S3	US	44/90 California	44/90 (Service)	Apple Valley, CA, 11090 Sandy Lane	1109 Sandy Lane, Apple Valley, California	all_current_passes	no_key_intersection_or_cap
S1-905769449	S3-904062850	S3	US	44/90 California	44/90 Cainfcornia	Apple Valley, CA, 11090 Sandy Lane	Sandy Lane, Apple Valley, California	all_current_passes	no_key_intersection_or_cap
S1-88752690	S2-500673379	S2	US	K & D Arrived	K & D Arrrfved	4623 Ogletown Stanton Road, Newark, DE	OGLETOWN STANTON ROAD, NEWARK, DE	all_current_passes	no_key_intersection_or_cap
S1-88752690	S2-518790401	S2	US	K & D Arrived	K & D Arrhsvted	4623 Ogletown Stanton Road, Newark, DE	OGLETOWN STANTON RD, NEWARK, DE	all_current_passes	no_key_intersection_or_cap
S1-88752690	S3-455165103	S3	US	K & D Arrived	K-& D	4623 Ogletown Stanton Road, Newark, DE	Ogletown Stanton Rd, Newark, Delaware	all_current_passes	no_key_intersection_or_cap
S1-905466466	S3-473625068	S3	US	Division of Consumer Affairs	Division of	MN, Crosslake, 38661 Windsor Avenue	38659 Windsor Ave, Minnesota, Crossake	all_current_passes	no_key_intersection_or_cap
S1-12066379	S2-320081180	S2	US	Smart Legacy Arcelormittal LLC	SMARTLEGACYARCELORMITTAL.COM	6200 Wakefalls Drive, Wake Forest, NC	WAKEFALLS DR, WAKE FOREST, NC	all_current_passes	no_key_intersection_or_cap
S1-644995328	S3-76109831	S3	US	Genna Lockyer Fusion	gennalockyerfusion.com	193 Screven Road, Tryon, NC	93 Screven Rd, Tryon, North Carolina	all_current_passes	no_key_intersection_or_cap
S1-749145371	S2-32270037	S2	India	Harit Developers Associates	Harit Deleopemfrs  Associates	C/O Attar Singh S/O Sh Ganga Lal Vill Gharrot Hathin Palwal, Palwal, Faridabad, Haryana	C/O ATTAR SINGH S/O SH GANGA LAL VILL GHARROT HATHIN PALWAL, PALWAL, Haryana	all_current_passes	no_key_intersection_or_cap
S1-749145371	S3-258943265	S3	India	Harit Developers Associates	Center Associates Harit	C/O Attar Singh S/O Sh Ganga Lal Vill Gharrot Hathin Palwal, Palwal, Faridabad, Haryana	C/o Attar Singh S/o Sh Ganga Lal Vill Gharrot Hathin Palwal, <NULL>, Palwal, Faridabad, हरियाणा	all_current_passes	no_key_intersection_or_cap
S1-749145371	S3-59961499	S3	India	Harit Developers Associates	haritdevelopersassociates.com	C/O Attar Singh S/O Sh Ganga Lal Vill Gharrot Hathin Palwal, Palwal, Faridabad, Haryana	C/o Attar Singh S/o Sh Ganga Lal Vill Gharrot Hathin Palwal, <NULL>, Palwal, Faridabad, HR	all_current_passes	no_key_intersection_or_cap
S1-749145371	S3-113588745	S3	India	Harit Developers Associates	Dovaviox aka Harit Developers Associates	C/O Attar Singh S/O Sh Ganga Lal Vill Gharrot Hathin Palwal, Palwal, Faridabad, Haryana	Haryana, Faridabad, C/O Attar Singh S/O Sh Ganga Lal Vill Gharrot Hathin Palwal, Palwal	all_current_passes	no_key_intersection_or_cap
S1-796797006	S2-479589668	S2	India	Esmart Memorial Trust	Esmart  Trust Service	Floor-7, A-Wing, Mahavir Krupa Near Sewree Bus Depot, Sewree West, Maharashtra, Mumbai City, Mumbai, A-73		all_current_passes	no_key_intersection_or_cap
S1-796797006	S3-163877680	S3	India	Esmart Memorial Trust	Esmart  Mesiial Trust	Floor-7, A-Wing, Mahavir Krupa Near Sewree Bus Depot, Sewree West, Maharashtra, Mumbai City, Mumbai, A-73	A-073, Mumbai, Mumbai City, महाराष्ट्र	all_current_passes	no_key_intersection_or_cap
S1-796797006	S3-862001321	S3	India	Esmart Memorial Trust	memorialtrust.com	Floor-7, A-Wing, Mahavir Krupa Near Sewree Bus Depot, Sewree West, Maharashtra, Mumbai City, Mumbai, A-73	A-073, Floor-7, A-wing, Mahavir Krupa Near Sewree Bus Depot, Sewree West, Mumbai, Mumbai City, MH	all_current_passes	no_key_intersection_or_cap
S1-595993633	S3-199806053	S3	India	ZJ Realtors Private Limited	Private ZJ Realtors Limited	274, G/F, Shop No-2, Masjid Moth, New Delhi, South Delhi, Delhi	No 781 274, G/f, Shop No-2, Masjid Moth, New Delhi, South Delhi, DL	all_current_passes	no_key_intersection_or_cap
S1-856138680	S2-429878196	S2	US	Bernier Certified Pharmaceutical Inc.	BERNIER PHARMACEUTICAL INC. SERVICES	5712 Truelson Drive, Fort Worth, TX	5866 TRUELSON DR, NULL, FORT WORTH, TX	all_current_passes	no_key_intersection_or_cap
S1-726451355	S2-581983637	S2	US	2691 Fourth Street Holdings	2691fourth.com	511 Angus Street, Independence, MO	MO, IDNEPENDENCE, 511 ANGUS ST	all_current_passes	no_key_intersection_or_cap
S1-176316468	S2-943682294	S2	US	Behavioral Health Care Associates LLC	BEHAVIORALHEALTHCARE.COM	TX, 256 Greanead Road, Forestburg	256 GREANEAD RD, PO BOX 1728, FORESTBURG, TX	all_current_passes	no_key_intersection_or_cap
S1-176316468	S3-699793662	S3	US	Behavioral Health Care Associates LLC	healthbehavioralcare.com	TX, 256 Greanead Road, Forestburg	256 1/2 Greanead Rd, NULL, Forestbug, Texas	all_current_passes	no_key_intersection_or_cap
S1-176316468	S3-20190011	S3	US	Behavioral Health Care Associates LLC	Behaviora1 Health Care Associates LLC [Commission]	TX, 256 Greanead Road, Forestburg	256 1/2 Greanead Rd, Texas, NULL, Forestbug	all_current_passes	no_key_intersection_or_cap
S1-625701810	S3-94291811	S3	India	Guntur Exports Private Limited	Guntur Guntur Exports Limited Service	D.No.5-37-126, Varalakshmi Complex, 4/18, Brodipet, Opp.N Square Building, Guntur, Andhra Pradesh	Door No 5-37-126, Guntur, AP	all_current_passes	no_key_intersection_or_cap
S1-574188882	S2-549128560	S2	India	Royal Constructions Limited	रॉयल कंस्ट्रक्शंस लिमिटेड	Sector-28, Ganga Nagar, Nigdi, Pradhikaran, Pune, Ganganagar, Akurdi, Plot No 454, Pune, Maharashtra	454, SECTOR-28, GANGA NAGAR, NIGDI, PRADHIKARAN, PUNE, GANGANAGAR, AKURDI, PUNE, PUNE NIGADI, महाराष्ट्र	all_current_passes	no_key_intersection_or_cap
S1-574188882	S3-535094138	S3	India	Royal Constructions Limited	रॉयल कंस्ट्रक्शंस लिमिटेड	Sector-28, Ganga Nagar, Nigdi, Pradhikaran, Pune, Ganganagar, Akurdi, Plot No 454, Pune, Maharashtra	MH, Sector-28, Ganga Nagar, Nigdi, Pradhikaran, Pune, Ganganagar, Akurdi, Pune, Poona, Plot No 454	all_current_passes	no_key_intersection_or_cap
S1-424774284	S2-4973835	S2	India	New Delhi Aerospace Private Limited	New Aerospace Private Limited Service Service	19 Narang Colony Janakpuri, New Delhi, Delhi	DOOR NO 19 NARANG COLNY JANAKPURI, NEW DELHI, N/A, Delhi	all_current_passes	no_key_intersection_or_cap
S1-424774284	S2-237416502	S2	India	New Delhi Aerospace Private Limited	New Delhi  Aer0space Private	19 Narang Colony Janakpuri, New Delhi, Delhi		all_current_passes	no_key_intersection_or_cap
S1-424774284	S3-420615529	S3	India	New Delhi Aerospace Private Limited	Newdelhiaerospace.Com	19 Narang Colony Janakpuri, New Delhi, Delhi	#19 Narang Colony Janakpuri, New Delhi, DL	all_current_passes	no_key_intersection_or_cap
S1-424774284	S3-386253153	S3	India	New Delhi Aerospace Private Limited	New Delhi Aerspce Private Limited	19 Narang Colony Janakpuri, New Delhi, Delhi	DL, New Delhi, 19 Narang Colony Janakpuri, New Delhi	all_current_passes	no_key_intersection_or_cap
S1-424774284	S3-459038484	S3	India	New Delhi Aerospace Private Limited	New Delhi Aerospace Private  Ltd	19 Narang Colony Janakpuri, New Delhi, Delhi	#19 Narang Colony Janakpuri, DL, New Delhi	all_current_passes	no_key_intersection_or_cap
S1-251386342	S2-646784560	S2	India	Gold Trading Private Limited	Sri Gold-Trading Limited Center	A-70, Basement Gulmohar Park, Delhi, South Delhi, Delhi	NO. 107 A-70, BASEMENT GULMOHAR PARK, DELHI, Delhi	all_current_passes	no_key_intersection_or_cap
S1-65021651	S3-936278687	S3	US	Heredia Fresh Hall LLC	The Heredia Frésh Hall LLC	418 Golden Meadow Lane, Ledbetter, KY	Golden Meadow Lane, Ledbetter, Kentucky	all_current_passes	no_key_intersection_or_cap
S1-633978398	S3-240526522	S3	India	Galaxy Homes Private Limited	galaxyhomes.com	Rajasthan, Baran, C/O Arvind Mehta, Samraniya	Samraniya, C/o Arvind Mehta, Baran, RJ, Baran	all_current_passes	no_key_intersection_or_cap
S1-633978398	S3-736713366	S3	India	Galaxy Homes Private Limited	Private 6alaxy H0mes Limited	Rajasthan, Baran, C/O Arvind Mehta, Samraniya	C/o Arvind Mehta, Samraniya, Baran, RJ	all_current_passes	no_key_intersection_or_cap
S1-237528893	S3-556521592	S3	India	Aradhna Software Private Limited	Aradhna Softedare Private Limited	Vill- Sitala Purba P.O. Sonarpur, 24 Parganas South, Parganas South, West Bengal	Vill- Sitaal Purba P.o. Sonarpur, Parganas South, WB	all_current_passes	no_key_intersection_or_cap
S1-885485250	S2-144030669	S2	India	Shivam Constructions	శివం కన్‌స్ట్రక్షన్స్	B. No. 12, Anthem Site, Gundlapochampalli, Medchal, Hyderabad, Telangana	GUNDLAPOCHAMPALLY, Telangana, ANTHEM SITE, GUNDLAPOCHAMPALLI, MEDCHAL, B. NO. 12, HYDERABAD	all_current_passes	no_key_intersection_or_cap
S1-241692676	S3-132906182	S3	India	Elan Buildwell Corporation	Elanbuildwell.Com	124, Sri Aurobinda Sarani Hatibagan, Kolkata, Kolkata, Howrah, West Bengal	124, Howrah, Kolkata, WB	all_current_passes	no_key_intersection_or_cap
S1-450086555	S2-360722024	S2	India	Unique Infra Private Limited	यूनिक इंफ्रा प्राइवेट लिमिटेड	Jaipur, Neelam Hotel, Near Ganpati Plaza, Moti Lal Atal Road, Rajasthan, A-3	A-3, JAIPUR, राजस्थान	all_current_passes	no_key_intersection_or_cap
S1-450086555	S3-375541148	S3	India	Unique Infra Private Limited	Shri Unique Inora Private Limited	Jaipur, Neelam Hotel, Near Ganpati Plaza, Moti Lal Atal Road, Rajasthan, A-3	H.no 6. A-3, Neelam Hotel, Near Ganpati Plaza, Moti Lal Atal Road, Jaipur, RJ	all_current_passes	no_key_intersection_or_cap
S1-530526337	S2-748526944	S2	India	Management Europa Productions LLP	managementeuropaproductions.com	Plot No. 29, Road No. 3, Janardhana Hills, P Raju Road, Seri Lingampally, K.V.Rangareddy, Telangana	PLOT NO. 29, ROAD NO. 3, JANARDHANA HILLS, P RAJU ROAD, SERI LINGAMPALLY, Telangana	all_current_passes	no_key_intersection_or_cap
S1-530526337	S3-40131318	S3	India	Management Europa Productions LLP	Quovantage	Plot No. 29, Road No. 3, Janardhana Hills, P Raju Road, Seri Lingampally, K.V.Rangareddy, Telangana	Plot No. 29, K.v.rangareddy, తెలంగాణ	all_current_passes	no_key_intersection_or_cap
S1-530526337	S3-988949920	S3	India	Management Europa Productions LLP	Management Euroa Productions LLP	Plot No. 29, Road No. 3, Janardhana Hills, P Raju Road, Seri Lingampally, K.V.Rangareddy, Telangana	Plot No. 29, K.v.rangareddy, తెలంగాణ	all_current_passes	no_key_intersection_or_cap
S1-855840309	S2-320295079	S2	India	Classic Investments Private Limited	ક્લાસિક ઇન્વેસ્ટમેન્ટ્સ પ્રાઇવેટ લિમિટેડ	Gujarat, Ellisbridge, Shitiratna, Near Panchvati Circle, 803, Ahmedabad	BLOCK F-519 803, ELLISBRIDGE, AHMEDABAD, Gujarat	all_current_passes	no_key_intersection_or_cap
S1-855840309	S3-435306562	S3	India	Classic Investments Private Limited	Private Classic Invesmtfnms [Limited]	Gujarat, Ellisbridge, Shitiratna, Near Panchvati Circle, 803, Ahmedabad	Door No 189 803, Shitiratna, Near Panchvati Circle, Ahmedabad, Ellisbridge, GJ	all_current_passes	no_key_intersection_or_cap
S1-855840309	S3-447673856	S3	India	Classic Investments Private Limited	ક્લાસિક ઇન્વેસ્ટમેન્ટ્સ પ્રાઇવેટ લિમિટેડ	Gujarat, Ellisbridge, Shitiratna, Near Panchvati Circle, 803, Ahmedabad	H.no 189 803, Shitiratna, Near Panchvati Circle, Ahmedabad, Ellisbridge, GJ	all_current_passes	no_key_intersection_or_cap
S1-324486647	S2-103736484	S2	India	Silver Business Private Limited	सिल्वर बिजनेस प्राइवेट लिमिटेड	C/O Ashish Chandiwal, Cts No. 2002/2 Ground Floor, Maheji Bazar, Navipeth, Jalgaon, Jalgaon, Maharashtra	PLOT 892 C/O ASHISH CHANDIWAL, CTS NO. 2002/2 GROUND FLOOR, MAHEJI BAZAR, NAVIPETH, JALGAON, JALGAON, Maharashtra	all_current_passes	no_key_intersection_or_cap
S1-324486647	S3-430684574	S3	India	Silver Business Private Limited	सिल्वर बिजनेस प्राइवेट लिमिटेड	C/O Ashish Chandiwal, Cts No. 2002/2 Ground Floor, Maheji Bazar, Navipeth, Jalgaon, Jalgaon, Maharashtra	C/o Ashish Chandiwal, Cts No. 2002/2 Ground Floor, Maheji Bazar, Navipeth, Jalgaon, Jalgaon, Bhusawal, MH	all_current_passes	no_key_intersection_or_cap
S1-324486647	S3-114899684	S3	India	Silver Business Private Limited	सिल्वर Business Private Limited	C/O Ashish Chandiwal, Cts No. 2002/2 Ground Floor, Maheji Bazar, Navipeth, Jalgaon, Jalgaon, Maharashtra	C/o Ashish Chandiwnl, Cts No. 2002/2 Ground Floor, Maheji Bazar, Navipeth, Jalgaon, Jalgaon, Bhusawal, MH	all_current_passes	no_key_intersection_or_cap
S1-101352059	S2-418604050	S2	US	Abner Metro Cargo LLC	abnermetrocargo.com	NC, Greensboro, Unit 301, 1502 Arctic Fox Circle	##1646 ARCTIC FOX CIR, GREENSBORO, NC	all_current_passes	no_key_intersection_or_cap
S1-160687829	S2-993930316	S2	India	Good Builders Pvt Ltd	ഗുഡ് ബിൽഡേഴ്സ് പ്രൈവറ്റ് ലിമിറ്റഡ്	Building No. 310, Cmc 09, Pazhamkulam, Cherthala, Alappuzha, Kerala	BUILDING NO. 310, CMC 09, PAZHAMKULAM, CHERTHALA, ALAPPUZHA, Kerala	all_current_passes	no_key_intersection_or_cap
S1-160687829	S2-532713586	S2	India	Good Builders Pvt Ltd	Sri Good Builders Pvt	Building No. 310, Cmc 09, Pazhamkulam, Cherthala, Alappuzha, Kerala	BUILDING NO. 310, CMC 09, PAZHAMKULAM, CHERTHALA, ALAPPUZHA, Kerala	all_current_passes	no_key_intersection_or_cap
S1-160687829	S3-876445834	S3	India	Good Builders Pvt Ltd	Pvt Good Búilders Ltd	Building No. 310, Cmc 09, Pazhamkulam, Cherthala, Alappuzha, Kerala	Building No. 310, Alleppey, Alappuzha, KL	all_current_passes	no_key_intersection_or_cap
S1-869490222	S3-840795317	S3	US	Modern Hospitality Solutions LLC	Modern Hdospitlity Solutions LLC	4509 Lonas Drive, Knoxville, TN	04509 Lonas Dr, Knoxville, Tennessee	all_current_passes	no_key_intersection_or_cap
S1-531727382	S2-979737109	S2	US	Rhoten, Truesdell and Little Select	RHOTENTRUESDELLLITTLE.COM	43 River Road, New Portland, ME	ME, NEW PORTLAND, RIVER ROAD	all_current_passes	no_key_intersection_or_cap
S1-290992731	S2-755711372	S2	US	Sells & Howell	Sells and  Howell	Churchville, MD, 3034 Snake Lane	3034D SNAKE LANE, CHURCHVILLE, MD	all_current_passes	no_key_intersection_or_cap
S1-410588754	S2-343734979	S2	India	Dream Agro Private Limited	ड्रीम एग्रो प्राइवेट लिमिटेड	Wz 220A, Kh. No. 67/12/1, First Floor Street No 5 Sadh Nagar, Palam Colony, New Delhi, South West Delhi, Delhi	WZ C-220A, KH. NO. 67/12/1, FIRST FLOOR STREET NO 5 SADH NAGAR, PALAM COLONY, NEW DELHI, null, दिल्ली	all_current_passes	no_key_intersection_or_cap
S1-624061781	S3-55941776	S3	India	Modern Producer Pvt Ltd	@modernproducer	Shop No. 5 South Ganesh Nagar, H.No. 65, Delhi, East Delhi, Delhi	No 65, Delhi, East Delhi, दिल्ली	all_current_passes	no_key_intersection_or_cap
S1-785251106	S2-555732231	S2	US	TT Rare Inc	TT Refre Inc	140 Orofino Lane, Deer Lodge, MT	142 OROFINO LN, DEER LODGE CITY, MT	all_current_passes	no_key_intersection_or_cap
S1-939928083	S2-410315523	S2	India	Sentini & Sons Private Limited	#sentini	H. No. 7-1-636/31, F No. 102, Park View Apts, Ameerpet, Hyderabad, Telangana	H. NO. 9-1-636/31 , F NO. 102, PARK VIEW ATPS, AMEERPET, Andhra Pradesh	all_current_passes	no_key_intersection_or_cap
S1-939928083	S2-684375872	S2	India	Sentini & Sons Private Limited	sentinisons.com	H. No. 7-1-636/31, F No. 102, Park View Apts, Ameerpet, Hyderabad, Telangana	H. NO. 9-1-636/31 , F NO. 102, PARK VIEW APTS, AMEERPET, Andhra Pradesh	all_current_passes	no_key_intersection_or_cap
S1-939928083	S3-859215246	S3	India	Sentini & Sons Private Limited	Private Sentini & Sons Limited	H. No. 7-1-636/31, F No. 102, Park View Apts, Ameerpet, Hyderabad, Telangana	H.no 7-1-636/31, F No. 102, Park View Apts, Hyderabad, Ameerpet, TG	all_current_passes	no_key_intersection_or_cap
S1-897382511	S3-464629100	S3	US	Filippone Oyster Inc.	Nexveoio D.B.A. Filippone Oyster Inc.	20162 Augusta Drive, Fl 0, Lawrenceburg, IN	Fl 0, Lawrenceburg, 20162 Augusta Drive, IN	all_current_passes	no_key_intersection_or_cap
S1-669769290	S3-231090728	S3	US	Walla's American Auto Glass	Wa1la's-American Auto Glass Ltd	TX, Round Rock, 1500 Parkfield Circle	1500 Parkifeld Circle, Round Rock, Texas	all_current_passes	no_key_intersection_or_cap
S1-635244275	S3-430581644	S3	US	Quality Software Collective Inc.	Quality Sboftcte Collective Inc.	6640 Thamesmead Lane, Mint Hill, NC		all_current_passes	no_key_intersection_or_cap
S1-426267364	S3-338454829	S3	India	Prime Projects Private Limited	Private Prime Project Limited	S/O M Vasanthan, No.10 West Karikalan Street, Adambakkam, Chennai, Tamil Nadu	S/o M Vasanthan, No.10 West Karikalan Street, Adambakkam, TN	all_current_passes	no_key_intersection_or_cap
S1-426267364	S3-25696406	S3	India	Prime Projects Private Limited	M/s Prime  Prmojsdets Private Limited	S/O M Vasanthan, No.10 West Karikalan Street, Adambakkam, Chennai, Tamil Nadu	S/o M Vasanthan, No.10 West Karikalan Street, Adambakkam, Chennai, TN	all_current_passes	no_key_intersection_or_cap
S1-593017751	S3-898380804	S3	US	Heartland Clear Grade Inc	Heartland Heartland Clear-Grade Inc	823 Millwood Avenue, Washington Court House, OH	608 Millwood Avenue, Washington Court House, Ohio	all_current_passes	no_key_intersection_or_cap
S1-84359213	S3-922524493	S3	India	Ujjam Waterpark Pvt Ltd	Pvt Ujjam Waterpark Limited	Mathura, Sector-2, Shri Radhapuram Estate, Ganeshra Nh-2, Mathura, Plot No. 60, Uttar Pradesh	Plot No. 60, Mathura, UP	all_current_passes	no_key_intersection_or_cap
S1-244875564	S3-355681854	S3	India	Aries (India) Energy Private Limited	Dr ariesindiaenergy.com	9, Pratap Nagar, Jaipur, Rajasthan	No. 0634 9, Pratap Nagar, Jaipur, RJ	all_current_passes	no_key_intersection_or_cap
S1-861032717	S3-549678242	S3	US	J/U Earths LLC	J/U LLC Center	11304 Templeton Drive, Cincinnati, OH		all_current_passes	no_key_intersection_or_cap
S1-115182842	S2-464452285	S2	US	Overy Cardiology	-- Overy Center	17958 Quantico Road, Unit UNIT, Apple Valley, CA	17887 QUANTICO RD, CA, APPLE VALLEY	all_current_passes	no_key_intersection_or_cap
S1-998633222	S2-10377882	S2	India	Fortune Management Private Limited	फॉर्च्यून मैनेजमेंट प्राइवेट लिमिटेड	Flat No 2, Meera Bldg, Seema Chs Ltd, Ghatla Village Road, Chembur, Mumbai, Maharashtra	DOOR NO 4, MEERA BLDG, SEEMA CHS LTD, GHATLA VILLAGE ROAD, CHEMBUR, MUMBAI, महाराष्ट्र	all_current_passes	no_key_intersection_or_cap
S1-998633222	S3-564769879	S3	India	Fortune Management Private Limited	Sri Fortune Private Management Limited	Flat No 2, Meera Bldg, Seema Chs Ltd, Ghatla Village Road, Chembur, Mumbai, Maharashtra		all_current_passes	no_key_intersection_or_cap
S1-705845296	S2-808435989	S2	India	Vijay Buildtech (India) Private Limited	Private Vijay Buildtech (India) [Ltd]	212, Tapi Arcade, Opp, Aastha Medicare, Abrama, Chorasi, Surat, Gujarat	TAPI ARCADE, OPP, AASTHA MEDICARE, ABRAMA, SURAT, 00212, Gujarat	all_current_passes	no_key_intersection_or_cap
S1-185341517	S3-288373813	S3	US	The Dent Hair Studio PC	The Donae Hair Studio PC	4574 2350, Roy City, UT	4574 2350, Roy, Utah	all_current_passes	no_key_intersection_or_cap
S1-185341517	S3-487047312	S3	US	The Dent Hair Studio PC	denthairstudi0.com	4574 2350, Roy City, UT	4574 2350, PO Box 4589, Roy, Utah	all_current_passes	no_key_intersection_or_cap
S1-185341517	S3-673446404	S3	US	The Dent Hair Studio PC	The Dent Hair	4574 2350, Roy City, UT	4574 2350, Roy, Utah	all_current_passes	no_key_intersection_or_cap
S1-485677069	S2-107221211	S2	India	South Impex Private Limited	साउथ इम्पेक्स प्राइवेट लिमिटेड	Mumbai, Maharashtra, 12 Kamor Bldg 1St Floorcanvasji Patel Street, Mumbai	#A-12 KAMOR BLDG 1ST FLOORCANVASJI PATEL STREET, MUMBAI, Maharashtra	all_current_passes	no_key_intersection_or_cap
S1-485677069	S2-863904537	S2	India	South Impex Private Limited	साउथ इम्पेक्स प्राइवेट लिमिटेड	Mumbai, Maharashtra, 12 Kamor Bldg 1St Floorcanvasji Patel Street, Mumbai	A-12 KAMOR BLDG 1ST FLOORCANVASJI PATEL STREET, MUMBAI, Maharashtra	all_current_passes	no_key_intersection_or_cap
S1-69291028	S2-857257221	S2	US	Thornburg Peak Marshall	Th0rnburg Peak (Marshall)	228 Oak Street, Miltona, MN	MILTONA, 228 OAK ST, MN	all_current_passes	no_key_intersection_or_cap
S1-336396762	S2-711139117	S2	India	Aditya Solutions LLP	Aditya Solutions L.L.P.	H.No.1362/2A, Balram Vivekanand Nagar Sultanpur, Sultanpur, Uttar Pradesh	Uttar Pradesh, H.NO.01362/2A , BALRAM VIVEKANAND NAGAR SULTANPUR, SULTANPUR	all_current_passes	no_key_intersection_or_cap
S1-336396762	S3-740315708	S3	India	Aditya Solutions LLP	Aditya-Solutions L.L.P.	H.No.1362/2A, Balram Vivekanand Nagar Sultanpur, Sultanpur, Uttar Pradesh	No 1362/2A, Sultanpur, UP	all_current_passes	no_key_intersection_or_cap
S1-979442215	S3-223894503	S3	US	K 2 L Made LLC	K 2 L Mdae LLC	6605 Santa Rosa Road, Camarillo, CA	Santa Rosa Road, Camarillo, California	all_current_passes	no_key_intersection_or_cap
S1-914412701	S2-589533573	S2	US	Harriet B. Towers, P.A., DDS PC	HARRIET PC TOWTER, P.A., DDS B.	21020 Cannon Road, Bristow, IN	21020C CANNON ROAD, BRISTOW, IN	all_current_passes	no_key_intersection_or_cap
S1-914412701	S2-123581757	S2	US	Harriet B. Towers, P.A., DDS PC	HARRIET B. TOWRE,S P.A.,-DDS PC | www.harrietb.com	21020 Cannon Road, Bristow, IN	21020C CANNON ROAD, BRISTOW, IN	all_current_passes	no_key_intersection_or_cap
S1-377518497	S2-968049176	S2	India	Bombay New Solutions Pvt Ltd	बॉम्बे न्यू सॉल्यूशंस प्रा. लि.	North West, Delhi, Ground Floor, Pkt-B, Sec-4 Bawana Dsidc City, Plot No. 54	NO 54., GROUND FLOOR, PKT-B, SEC-4 BAWANA DSIDC CITY, NORTH WEST, BAWANA, Delhi	all_current_passes	no_key_intersection_or_cap
S1-728034475	S2-681873209	S2	India	Arihant Constructions Private Limited	অরিহন্ত কনস্ট্রাকশনস প্রাইভেট লিমিটেড	1St Floor, Ap-09 Arjun Park, Kolkata, Kolkata, Howrah, West Bengal	AP-09 ARJUN PARK, KOLKATA, 1ST FLOOR, KOLKATA, পশ্চিমবঙ্গ, CALCUTTA	all_current_passes	no_key_intersection_or_cap
S1-728034475	S2-468445979	S2	India	Arihant Constructions Private Limited	অরিহন্ত Constructions প্রাইভেট লিমিটেড	1St Floor, Ap-09 Arjun Park, Kolkata, Kolkata, Howrah, West Bengal	DOOR NO 1ST FLOOR, AP-09 ARJUN PARK, KOLKATA, CALCUTTA, KOLKATA, পশ্চিমবঙ্গ	all_current_passes	no_key_intersection_or_cap
S1-277255445	S2-499022746	S2	US	South Learning Center	South Lraearning Center	108 Iris Meadow Drive, Davidson, NC	00108 IRIS MEADOW DR, MOORESVILLE TOWNSHIP, NC	all_current_passes	no_key_intersection_or_cap
S1-259255930	S2-123600553	S2	US	FC Bluerock PC	FC PC Center	AZ, Unit 2088, Chandler, 2022 Nevada Street	NEVADA ST, CHANDLERR TOWNSHIP, AZ	all_current_passes	no_key_intersection_or_cap
S1-259255930	S3-165168999	S3	US	FC Bluerock PC	FC Blenrck PC	AZ, Unit 2088, Chandler, 2022 Nevada Street	022 Nevada Street, Unit 2088, Chandler, Arizona	all_current_passes	no_key_intersection_or_cap
S1-259255930	S3-828283147	S3	US	FC Bluerock PC	Solbelo d/b/a FC Bluerock PC	AZ, Unit 2088, Chandler, 2022 Nevada Street	2022 Nevada Street, Unit 2088, Chandler, AZ	all_current_passes	no_key_intersection_or_cap
S1-153500031	S3-973065130	S3	US	Nenet World Corp	Nenet Wgorcl Corp | www.nenetwgor.com	418 Senior Drive, Unit A, Newark, OH	PMB 4831, Senior Dr, Newark, Ohio	all_current_passes	no_key_intersection_or_cap
S1-803032500	S3-143665321	S3	India	MJG Pumps Private Limited	MJ6 Pumps Private Limited	44 Khanna Construction House, Worli, Mumbai, Maharashtra	Mumbai, MH, H.no 4-44 Khanna Construction House, Worli	all_current_passes	no_key_intersection_or_cap
S1-356847602	S2-965624719	S2	India	Factor Trust	Factor Talst Talst	New Delhi, Khasra No 24/28 Floor Ground, Landmark Near Talab, Village Nithari, Delhi, New Delhi	KHASRA NO 24/28 FLOOR GROUND, LANDMARK NEAR TALAB, VILLAGE NITHARI, NEW DELHI, Delhi	all_current_passes	no_key_intersection_or_cap
S1-948190006	S2-264466991	S2	US	D A Pethtel Dbdr	dpethteldbdrcom	1050 Timbercrest Court, Bowling Green, KY	1050-1054 TIMBERCREST COURT, BOWLIGN GREEN, KY	all_current_passes	no_key_intersection_or_cap
S1-948190006	S2-907855984	S2	US	D A Pethtel Dbdr	DPDBDR.COM	1050 Timbercrest Court, Bowling Green, KY	1050-1054 TIMBERCREST COURT, BOWLIGN GREEN, KY	all_current_passes	no_key_intersection_or_cap
S1-66196333	S3-447084421	S3	US	Frontier Hamilton	The Frontier Hamilton	1259 Longholm Court, Chattanooga, TN	Tennessee, Chattanooga, 1259-D Longholm Court	all_current_passes	no_key_intersection_or_cap
S1-779003818	S2-211523043	S2	US	8-Point	8point.com	2006 Oakbrook Court, Unit 25, Reidsville, NC	OAKBROOK CT, REIDSVILLE, NC	all_current_passes	no_key_intersection_or_cap
S1-329253583	S3-329755813	S3	India	Jbj Legal Private Limited	Jbj Lega1 Prifvhet Limited	A-906 Manibhadra Avenue, Bldg No-2 Yashwant Gaurav, Vasai, Thane, Maharashtra		all_current_passes	no_key_intersection_or_cap
S1-907689588	S2-639997397	S2	US	Pediatric Group Clinic	GROUP PEDIATRIC SERVICES	Massena, NY, 48 42A	48  42A, MASSENA, NY	all_current_passes	no_key_intersection_or_cap
S1-196451018	S3-351629543	S3	India	Universal Technology Limited	यूनिवर्सल टेक्नोलॉजी Limited	D - 128 / 129, Midc, Malegaon, Sinnar, Nashik, Maharashtra	D - 28 / 129, Midc, Malegaon, Sinnar, Nashik, MH	all_current_passes	no_key_intersection_or_cap
S1-968115178	S3-631409134	S3	India	Helio Trading Limited	Shri heliotrading.com	66, Braun Field Row, 2Nd Flr. S/E, Kolkata, Kolkata, Howrah, West Bengal	66, Chetla, WB	all_current_passes	no_key_intersection_or_cap
S1-5547940	S2-949002390	S2	India	Aditiya Exports Limited	The Aditiya Exports Limited	Sh-213 Tapi Arcade, Abrama Road, Chorasi, Surat, Gujarat	PLOT 770 SH-213 TAPI ARCADE, ABRAMA ROAD, CHORASI, Gujarat	all_current_passes	no_key_intersection_or_cap
S1-7134901	S2-624428997	S2	US	Smart World LLC	(LLC) 5mart World	9640 Owenton Road, Frankfort, KY	009640 OWENTON RD, FRANKFORT, KY	all_current_passes	no_key_intersection_or_cap
S1-7134901	S3-876196075	S3	US	Smart World LLC	Smart LLC Partners	9640 Owenton Road, Frankfort, KY	Owenton Rd, Frankfort, Kentucky	all_current_passes	no_key_intersection_or_cap
S1-923492674	S3-408429357	S3	US	PH Empire Douglas LLC	PH Empire LLC-Services	AZ, Tempe, Unit 1324, 1001 Playa Del Norte Drive	Playa Del Norte Dr, # 1324, Tempe, Arizona	all_current_passes	no_key_intersection_or_cap
S1-614258941	S2-400177695	S2	US	Thompson Heartland Scuti LLC	THOMP5ON  HEARTLAND SCUTI LLC	2071 Rainier Avenue, Bel Air, MD		all_current_passes	no_key_intersection_or_cap
S1-242951025	S2-119629475	S2	US	Pediatric Dental Vanguard Medicine	PEDIATRIC MEDICINE VANGUARD DEHNCAL	1090 Mt Horeb Road, Oakvale, WV	9090 MT HOREB ROAD, OAKVALE, WV	all_current_passes	no_key_intersection_or_cap
S1-242951025	S2-322307164	S2	US	Pediatric Dental Vanguard Medicine	dentalpediatricvanguard.com	1090 Mt Horeb Road, Oakvale, WV	OAKVALE, 9090 MT HOREB ROAD, WV	all_current_passes	no_key_intersection_or_cap
S1-242951025	S3-366180818	S3	US	Pediatric Dental Vanguard Medicine	Pediatric Denta1 Vanguard	1090 Mt Horeb Road, Oakvale, WV	1090b Mt Horeb Rd, Oakvale, West Virginia	all_current_passes	no_key_intersection_or_cap
S1-802247394	S2-123506050	S2	India	Galaxy Solutions Private Limited	गैलेक्सी सॉल्यूशंस प्राइवेट लिमिटेड	45/1 Masjid Bazar Lane, Bhogal, New Delhi, Delhi	H.NO 045/1 MASJID BAZAR LANE, NEW DELHI, NULL, दिल्ली	all_current_passes	no_key_intersection_or_cap
S1-802247394	S2-331090041	S2	India	Galaxy Solutions Private Limited	गैलेक्सी सॉल्यूशंस प्राइवेट लिमिटेड	45/1 Masjid Bazar Lane, Bhogal, New Delhi, Delhi	H.NO 45/1 MASJID BAZAR LANE, दिल्ली, BHOGAL, NEW DELHI	all_current_passes	no_key_intersection_or_cap
S1-802247394	S3-630659673	S3	India	Galaxy Solutions Private Limited	गैलेक्सी सॉल्यूशंस प्राइवेट लिमिटेड	45/1 Masjid Bazar Lane, Bhogal, New Delhi, Delhi	45/ Masjid Bazar Lane, New Delhi, Bhogal, DL	all_current_passes	no_key_intersection_or_cap
S1-443027563	S3-382508231	S3	US	Creative Biosciences LLC	Creative Boscieeese LLC	940 Duncan Street, Baltimore, MD	40 Duncan Street, Baltimore, Maryland	all_current_passes	no_key_intersection_or_cap
S1-115205290	S3-815223301	S3	India	Hill & Co Corp	Mr Hi1l & Co  Corp	Mig Flats No-156, Top Floor, Sector-17 Phase-Ii, Pkt-A, Dwarka, New Delhi, Delhi	New Delhi, Mig Flats No-156, Dwarka, दिल्ली, Top Floor, Sector-17 Phase-ii, Pkt-a	all_current_passes	no_key_intersection_or_cap
S1-372303053	S2-661718861	S2	US	Urology Partners LLC	UROLOGYPARTNERS.COM	1916 Runnymede Road, Winston-salem, NC	1916 1/2 RUNNYMEDE ROAD, WINSTON-SALEM, NC	all_current_passes	no_key_intersection_or_cap
S1-546695531	S2-771746663	S2	India	Mumbai Kala Ltd	MUMBAI KE [LTD]	1203, Kashmri Heights Majaswadi, Near Saraswat Bank, Jogeshwar, I East, Mumbai, Mumbai City, Maharashtra	Maharashtra, 203, KASHMRI HEIGHTS MAJASWADI, NEAR SARASWAT BANK, JOGESHWAR, I EAST, MUMBAI	all_current_passes	no_key_intersection_or_cap
S1-120864979	S3-704199951	S3	India	Apis Brothers Private Limited	Mr Apis Bteeons Private  Limited	Thergaon, Ganeshnagar, Wakad Road, Pune, Maharashtra, Pune City, 426-14	426-14, Pune City, Pune, MH	all_current_passes	no_key_intersection_or_cap
S1-571375750	S2-541183741	S2	India	Sky Software Pvt Ltd	स्काई सॉफ्टवेयर प्रा. लि.	New Delhi, Delhi, Neeti Bagh, 19 Dda Flats	H.NO 59 DDA FLATS, NEW DELHI, NEETI BAGH, दिल्ली	all_current_passes	no_key_intersection_or_cap
S1-571375750	S3-319617359	S3	India	Sky Software Pvt Ltd	स्काई सॉफ्टवेयर प्रा. लि.	New Delhi, Delhi, Neeti Bagh, 19 Dda Flats	#19- Dda Flats, DL, Neeti Bagh, New Delhi	all_current_passes	no_key_intersection_or_cap
S1-571375750	S3-992012849	S3	India	Sky Software Pvt Ltd	Pvt Sky Software Ltd	New Delhi, Delhi, Neeti Bagh, 19 Dda Flats	New Delhi, DL, Door No 19- Dda Flats, Neeti Bagh	all_current_passes	no_key_intersection_or_cap
S1-371260111	S3-740363922	S3	US	Winnifred Delgado, DDS, PC	winnifreddelgadodds.com	9814 Dauphine Drive, Charlotte, NC	Dauphine Dr, Charlotte, North Carolina	all_current_passes	no_key_intersection_or_cap
S1-783255946	S3-218989093	S3	US	IN Complete Impact LLC	IN Complete	262 Discovery View Drive, Sequim, WA	Discovery View Drive, Sequim, Washington	all_current_passes	no_key_intersection_or_cap
S1-230376371	S2-468408750	S2	India	CT Resource Private Limited	CT Resource Ptrnven Limited	C/O- Vinod Kumar, Shree Ram Palace Bhoja Market, Atta, Gautam Buddha Nagar, Uttar Pradesh, Noida	C/O- VINOD KUMAR, SHREE RAM PALACE BHOJA MARKET, ATTA, NOIDA, Uttar Pradesh	all_current_passes	no_key_intersection_or_cap
S1-230376371	S2-622864695	S2	India	CT Resource Private Limited	CT RESOURCE PRIVATE LTD	C/O- Vinod Kumar, Shree Ram Palace Bhoja Market, Atta, Gautam Buddha Nagar, Uttar Pradesh, Noida	C/O- VINOD KUMAR, SHREE RAM PALACE BHOJA MARKET, ATTA, NOIDA, उत्तर प्रदेश	all_current_passes	no_key_intersection_or_cap
S1-230376371	S3-310415103	S3	India	CT Resource Private Limited	CT Resource Private	C/O- Vinod Kumar, Shree Ram Palace Bhoja Market, Atta, Gautam Buddha Nagar, Uttar Pradesh, Noida	C/o- Vinod Kumar, Shree Ram Palace Bhoja Market, Atta, Noida, Gautam Buddha Nagar, UP	all_current_passes	no_key_intersection_or_cap
S1-230376371	S3-935763113	S3	India	CT Resource Private Limited	CT Resource  Priavte Limited	C/O- Vinod Kumar, Shree Ram Palace Bhoja Market, Atta, Gautam Buddha Nagar, Uttar Pradesh, Noida	C/o- Vinod Kumar, Shree Ram Palace Bhoja Market, Atta, Noida, Gautam Buddha Nagar, UP	all_current_passes	no_key_intersection_or_cap
S1-565859467	S3-360448682	S3	US	Route 6 Auto Body LLC	Route 6 Aeuto Body-LLC	214-11 18 Avenue, Bayside, NY		all_current_passes	no_key_intersection_or_cap
S1-565859467	S3-234239402	S3	US	Route 6 Auto Body LLC	Route Route 6 Auto	214-11 18 Avenue, Bayside, NY	214-11d 18 Ave, Bayside, New York	all_current_passes	no_key_intersection_or_cap
S1-890829541	S3-158938087	S3	India	Gujarat Producer Private Limited	Gujarat प्रोड्यूसर प्राइवेट लिमिटेड	Flat No 4143, First Floor Gali Shahtara, Ajmeri Gate Delhi, Delhi, Central Delhi, Delhi	Delhi, DL	all_current_passes	no_key_intersection_or_cap
S1-890829541	S3-734537723	S3	India	Gujarat Producer Private Limited	गुजरात प्रोड्यूसर प्राइवेट लिमिटेड	Flat No 4143, First Floor Gali Shahtara, Ajmeri Gate Delhi, Delhi, Central Delhi, Delhi	H.no 4143/4, Delhi, Central Delhi, DL	all_current_passes	no_key_intersection_or_cap
S1-763178627	S2-980890728	S2	US	Caldwell, Stephens & Morgan Brc LLC	The Caldwell, Stephens & Morgan Brc (LLC)	756 Macarthur Avenue, Texarkana, TX	MACARTHUR AVENUE, TEXARKANA, TX	all_current_passes	no_key_intersection_or_cap
S1-784019541	S2-149520139	S2	US	Smith Healthcare	SMÍTHHEALTHCARE.COM	134 320th Street, Town Of Cady, WI	320TH STREET, WILSON, WI	all_current_passes	no_key_intersection_or_cap
S1-92662579	S2-154543767	S2	US	Regional Creative Towing LLC	regionalcreativetowing.com	5 Carver Road, Wareham, MA	5-9 CARVER RD, WAREHAM, MA	all_current_passes	no_key_intersection_or_cap
S1-92662579	S2-33387024	S2	US	Regional Creative Towing LLC	regionalcreativetowing.com	5 Carver Road, Wareham, MA	5-9 CARVER RD, WAREHAM, MA	all_current_passes	no_key_intersection_or_cap
S1-285255158	S2-614921805	S2	India	Lakshmi Services Private Limited	लक्ष्मी सर्विसेज प्राइवेट लिमिटेड	Pune, Maharashtra, Pune, At Post Solu, Alandi Markal Road, Tal. Khed, Gat No-528	PUNE, GAT NO-528., Maharashtra, PUNE	all_current_passes	no_key_intersection_or_cap
S1-285255158	S2-274307950	S2	India	Lakshmi Services Private Limited	लक्ष्मी सर्विसेज प्राइवेट लिमिटेड	Pune, Maharashtra, Pune, At Post Solu, Alandi Markal Road, Tal. Khed, Gat No-528	GAT NO-528., AT POST SOLU, ALANDI MARKAL ROAD, TAL. KHED, PUNE, Maharashtra	all_current_passes	no_key_intersection_or_cap
S1-305709023	S3-162366300	S3	India	ZIV Training	ZIV Services	C/O Sampa Das Chandra, Sabjikhatra, Sabjikhatra, Murshidabad, Pin, Murshidabad, West Bengal	Hn 381 C/o Sampa Das Chandra, Sabjikhatra, Sabjikhatra, Murshidabad, Pin, Murshidabad, WB	all_current_passes	no_key_intersection_or_cap
S1-305709023	S3-471571973	S3	India	ZIV Training	ZIV Traiigb	C/O Sampa Das Chandra, Sabjikhatra, Sabjikhatra, Murshidabad, Pin, Murshidabad, West Bengal	Hn 381 C/o Sampa Das Chandra, Sabjikhatra, Sabjikhatra, Murshidabad, Pin, Murshidabad, পশ্চিমবঙ্গ	all_current_passes	no_key_intersection_or_cap
S1-305709023	S3-967118669	S3	India	ZIV Training	ZIV Services	C/O Sampa Das Chandra, Sabjikhatra, Sabjikhatra, Murshidabad, Pin, Murshidabad, West Bengal	Hn 381 C/o Sampa Das Chandra, Murshidabad, পশ্চিমবঙ্গ	all_current_passes	no_key_intersection_or_cap
S1-522029771	S2-758823930	S2	India	United Technology Pvt Ltd	ୟୁନାଇଟେଡ୍ ଟେକ୍ନୋଲୋଜି ପ୍ରାଇଭେଟ୍ ଲିମିଟେଡ୍	Sambalpur, Orissa	SAMBALPUR, Odisha	all_current_passes	no_key_intersection_or_cap
S1-522029771	S2-72800139	S2	India	United Technology Pvt Ltd	UNITED-TECMNOMOGY PVT LTD	Sambalpur, Orissa	SAMBALPUR, SAMBALPUR, Odisha	all_current_passes	no_key_intersection_or_cap
S1-522029771	S3-39737877	S3	India	United Technology Pvt Ltd	ୟୁନାଇଟେଡ୍ ଟେକ୍ନୋଲୋଜି ପ୍ରାଇଭେଟ୍ ଲିମିଟେଡ୍	Sambalpur, Orissa	Plot 526 Sambalpur, Sambalpur, OD	all_current_passes	no_key_intersection_or_cap
S1-438774184	S2-966166677	S2	US	Oncology Center	ocenter.com	18275 22, Berlin, NY	NY, 0018275 22, BERLIN	all_current_passes	no_key_intersection_or_cap
S1-579713403	S2-256163468	S2	India	Super Care Private Limited	ಸೂಪರ್ ಕೇರ್ ಪ್ರೈವೇಟ್ ಲಿಮಿಟೆಡ್	Sekhar Bellevue Varthur Bellandu, Bellandu, Bangalore, Karnataka, D-301	D-301, SEKHAR BELLEVUE VARTHUR BELLANDU, BELLANDU, BANGALORE, ಕರ್ನಾಟಕ	all_current_passes	no_key_intersection_or_cap
S1-579713403	S2-886137495	S2	India	Super Care Private Limited	ಸೂಪರ್ ಕೇರ್ ಪ್ರೈವೇಟ್ ಲಿಮಿಟೆಡ್	Sekhar Bellevue Varthur Bellandu, Bellandu, Bangalore, Karnataka, D-301	D-301, BANGALORE, BELLANDU, Karnataka	all_current_passes	no_key_intersection_or_cap
S1-579713403	S3-336920832	S3	India	Super Care Private Limited	Private Super Care Ltd	Sekhar Bellevue Varthur Bellandu, Bellandu, Bangalore, Karnataka, D-301	D-30, Bellandu, Bangalore, ಕರ್ನಾಟಕ	all_current_passes	no_key_intersection_or_cap
S1-579713403	S3-394045682	S3	India	Super Care Private Limited	ಸೂಪರ್ ಕೇರ್ ಪ್ರೈವೇಟ್ ಲಿಮಿಟೆಡ್	Sekhar Bellevue Varthur Bellandu, Bellandu, Bangalore, Karnataka, D-301	D-30, Sekhar Bellevue Varthur Bellandu, Bellandu, Bangalore, KA	all_current_passes	no_key_intersection_or_cap
S1-120216304	S3-762119795	S3	India	Shilpa Media Private Limited	shilpamedia.com	No. 1192, 22Nd Cross, 24Th Main Road, 2Nd Sector, Hsr Layout, Bangalore, Karnataka	Door No 1192, Bangalore, KA	all_current_passes	no_key_intersection_or_cap
S1-846115345	S3-712489935	S3	US	Colorado Interstate Mckinley Associates	Colorado Itersttae Mckinley Associates	2703 Overview Street, Round Rock, TX	Texas, 2703 1/2 Overview St, Round Rock	all_current_passes	no_key_intersection_or_cap
S1-979232639	S2-192227062	S2	India	Gujarat Systems	గుజరాత్ సిస్టమ్స్	405, Minar Apartments, Deccan Towers, Basheerbagh, Hyderabad, Telangana	HYDERABAD, NO. 234 405, MINAR APARTMENTS, DECCAN TOWERS, BASHEERBAGH, Telangana	all_current_passes	no_key_intersection_or_cap
S1-979232639	S3-478676800	S3	India	Gujarat Systems	గుజరాత్ సిస్టమ్స్	405, Minar Apartments, Deccan Towers, Basheerbagh, Hyderabad, Telangana	405, <NULL>, Hyderabad, TG	all_current_passes	no_key_intersection_or_cap
S1-117189625	S2-716171226	S2	India	New Food Private Limited	न्यू फूड प्राइवेट लिमिटेड	Flat No.201, T-163 Second Floor, Uttam Nagar, Delhi, West Delhi, Delhi	NO 8-201, SOUTH EAST DELHI, WEST DELHI, Delhi	all_current_passes	no_key_intersection_or_cap
S1-117189625	S2-309905398	S2	India	New Food Private Limited	NEWFOOD.COM	Flat No.201, T-163 Second Floor, Uttam Nagar, Delhi, West Delhi, Delhi	H.NO 8-201 , T-163 SECOND FLOOR, UTTAM NAGAR, DELHI, दिल्ली	all_current_passes	no_key_intersection_or_cap
S1-117189625	S3-441413733	S3	India	New Food Private Limited	न्यू फूड प्राइवेट लिमिटेड	Flat No.201, T-163 Second Floor, Uttam Nagar, Delhi, West Delhi, Delhi	Flat No.201, T-163 Second Floor, Uttam Nagar, Delhi, West Delhi, DL	all_current_passes	no_key_intersection_or_cap
S1-416624771	S3-441102455	S3	India	Compact Machines Private Limited	Compact Mánche Private Limited	K-1201, Aster Jalvayu Defence Enclave, Phase-1, Plotno.20, Sector-20, Kharghar, Navi Mumbai, Raigarh, Maharashtra	Raigarh, Kamothe, MH, Door No G-684 K-1201	all_current_passes	no_key_intersection_or_cap
S1-91134377	S3-839165218	S3	India	Mumbai Mills Limited	Orbiflux trading as Mumbai Mills Limited	Mumbai, Nandprem, M.G Road Corner, Vile Parle East, Near Bill Collection Centre, Maharashtra, Shop No 10	Shop No 10, Maharashtra, Mumbai, Nandprem, M.G Road Corner, Vile Parle East, Near Bill Collection Centre	all_current_passes	no_key_intersection_or_cap
S1-906347480	S3-982561638	S3	India	Gold Trading Limited	ਗੋਲਡ ਟ੍ਰੇਡਿੰਗ ਲਿਮਟਿਡ	Kapoor Health Care Center, Main Road O/S Gate Hakima, Amritsar, Punjab	Door No 633 Kapoor Health Care Center, Amritsar, PB	all_current_passes	no_key_intersection_or_cap
S1-987804994	S2-758660417	S2	US	Midwest Network	midwestnetwork.com	713 Admiral Gravely Boulevard, Richmond City, VA	71 ADMIRAL GRAVELY BOULEVARD, RICHMOND CITY, VA	all_current_passes	no_key_intersection_or_cap
S1-987804994	S3-455510813	S3	US	Midwest Network	... Miraariasol	713 Admiral Gravely Boulevard, Richmond City, VA	Admiral Gravely Blvd, Henrico, Virginia	all_current_passes	no_key_intersection_or_cap
S1-358797130	S3-530239431	S3	India	Ss International Consultancy Private Limited	Private Ss International Consultancy Limited	A-201/202, Devashish Resi, A/Gandevi Road, Jamalpore, Navsari, Gujarat	A-202/202, Navsari, GJ	all_current_passes	no_key_intersection_or_cap
S1-358797130	S3-668811306	S3	India	Ss International Consultancy Private Limited	એસએસ ઇન્ટરનેશનલ કન્સલ્ટન્સી પ્રાઇવેટ લિમિટેડ	A-201/202, Devashish Resi, A/Gandevi Road, Jamalpore, Navsari, Gujarat	GJ, Navsari, A-202/202	all_current_passes	no_key_intersection_or_cap
S1-358797130	S3-748456094	S3	India	Ss International Consultancy Private Limited	Private Ss International Consultancy Limited	A-201/202, Devashish Resi, A/Gandevi Road, Jamalpore, Navsari, Gujarat	A-202/202, Devashish Resi, A/gandevi Road, Jamalpore, Navsari, GJ	all_current_passes	no_key_intersection_or_cap
S1-456253258	S2-198385955	S2	India	International Projects Private Limited	इंटरनेशनल प्रोजेक्ट्स प्राइवेट लिमिटेड	Flat No. 271, F/F Dda Pul Prahlad Pur, New Delhi, South Delhi, Delhi	NO 271, F/F DDA PUL PRAHLAD PUR, SOUTH DELHI, NEW DELHI, Delhi	all_current_passes	no_key_intersection_or_cap
S1-456253258	S3-547736790	S3	India	International Projects Private Limited	इंटरनेशनल प्रोजेक्ट्स प्राइवेट लिमिटेड	Flat No. 271, F/F Dda Pul Prahlad Pur, New Delhi, South Delhi, Delhi	#271, New Delhi, DL, South Delhi	all_current_passes	no_key_intersection_or_cap
S1-873388573	S2-408184391	S2	US	Ferrify Schwab	FERRIFY  SMCHEAB	615 Emma Grace Drive, Jonesborough, TN	61 EMMA GRACE DR, JONESBROUGH, TN	all_current_passes	no_key_intersection_or_cap
S1-250157667	S3-875453325	S3	US	Apex Industrial Holdings	Dovajax+ a/k/a Apex Industrial Holdings	Elizabethton, TN, Unit 6, 213 Cedar Avenue	213 Cedar Avenue, Unit 6, Elizabethton, TN	all_current_passes	no_key_intersection_or_cap
S1-544170333	S3-660505848	S3	US	Henry, Koehler & Walcott	Henrykoehlerwalcott.Com	7270 Barnstable Road, Memphis, TN	270 Barnstable Road, Memphis, Tennessee	all_current_passes	no_key_intersection_or_cap
S1-544170333	S3-98354274	S3	US	Henry, Koehler & Walcott	Henry, Koehdglner and (Walcott) (Walcott)	7270 Barnstable Road, Memphis, TN	270 Barnstable Road, Memphis, Tennessee	all_current_passes	no_key_intersection_or_cap
S1-453766911	S2-549387268	S2	India	Eco & Sons Limited	Mr Eco & Ss Limited (ID: 87475)	C/O Milind Madhavrao Pati, Flat No 14, Samira Apart, Nashik, Maharashtra		all_current_passes	no_key_intersection_or_cap
S1-453766911	S3-767163724	S3	India	Eco & Sons Limited	Eco Eco &	C/O Milind Madhavrao Pati, Flat No 14, Samira Apart, Nashik, Maharashtra	Hn 934 C/o Milind Madhavrao Pati, Flat No 14, Samira Apart, Nashik, MH	all_current_passes	no_key_intersection_or_cap
S1-307432736	S2-957097337	S2	India	Great Power Pvt Ltd	ग्रेट पावर प्रा. लि.	C/O-Ramakant Madhavrao Gade, Opposite Kanifnath Mandir, Near Tamboli Farm, At Parewadi, Paragaonahmadnagar, Nagar, Ahmed Nagar, Maharashtra	C/O-RAMAKANT MADHAVRAO GADE, PARBHANI, AHMED NAGAR, Maharashtra	all_current_passes	no_key_intersection_or_cap
S1-307432736	S3-859811906	S3	India	Great Power Pvt Ltd	ग्रेट पावर प्रा. लि.	C/O-Ramakant Madhavrao Gade, Opposite Kanifnath Mandir, Near Tamboli Farm, At Parewadi, Paragaonahmadnagar, Nagar, Ahmed Nagar, Maharashtra	C/o-ramakant Madhavrao Gade, Opposite Kanifnath Mandir, Near Tamboli Farm, At Parewadi, Paragaonahmadnagar, Nagar, Ahmed Nagar, MH	all_current_passes	no_key_intersection_or_cap
S1-307432736	S3-24516190	S3	India	Great Power Pvt Ltd	ग्रेट पावर प्रा. लि.	C/O-Ramakant Madhavrao Gade, Opposite Kanifnath Mandir, Near Tamboli Farm, At Parewadi, Paragaonahmadnagar, Nagar, Ahmed Nagar, Maharashtra	C/o-ramakant Madhavrao Gade, Opposite Kanifnath Mandir, Near Tamboli Farm, At Parewadi, Paragaonahmadnagar, Nagar, Ahmed Nagar, MH	all_current_passes	no_key_intersection_or_cap
S1-545910471	S3-20397833	S3	India	Tree Industries Group Private Limited	Jaxorbi	4/157, Lucknow, Uttar Pradesh, Vipul Khand Gomti Nagar, Lucknow	3/157, Vipul Khand Gomti Nagar, Lucknow, UP	all_current_passes	no_key_intersection_or_cap
S1-987058045	S3-789755172	S3	US	Addi Nguyen Quality Cherry Inc	Nguyen, Addi Quality Quality Cherry	Rogers, 18868 Pinecrest Trail, AR	Arkansas, 18868 Pinhcrest Trail, Rogers	all_current_passes	no_key_intersection_or_cap
S1-447587874	S2-218954905	S2	India	Oriental & Brothers Private Limited	Oriental and Brohtmhers Private (Limited)	C/O Ravendra Kumar 11, Vill-Mongari Kara, Sirathu, Kaushambi, Uttar Pradesh	HN ##941 C/O RAVENDRA KUMAR 11, VILL-MONGARI KARA, SIRATHU, Uttar Pradesh	all_current_passes	no_key_intersection_or_cap
S1-447587874	S2-614641365	S2	India	Oriental & Brothers Private Limited	ORIENTAL & 8ROTHERS PRIVATE	C/O Ravendra Kumar 11, Vill-Mongari Kara, Sirathu, Kaushambi, Uttar Pradesh	HN ##941 C/O RAVENDRA KUMAR 11, VILL-MONGARI KARA, SIRATHU, Uttar Pradesh	all_current_passes	no_key_intersection_or_cap
S1-268843163	S3-202883929	S3	US	Geus Holding Company LLC	Geus Company LLC Service	1333 Summer Street, Grinnell, IA	Summer St, Grinnell, Iowa	all_current_passes	no_key_intersection_or_cap
S1-718006993	S2-782244770	S2	India	Chand Vision	M/s CVISION.COM	30-2-12/1 Burra Varii Street, Kakinada, East Godavari, Andhra Pradesh	EAST GODAVARI, Andhra Pradesh, KAKINADA, 30-2-12/1  BURRA VARII STREET	all_current_passes	no_key_intersection_or_cap
S1-556931972	S2-162012421	S2	US	Physical Therapy Physicians Care	Physical Therapy Physicians Cofe	1102 Stonelake Drive, Cleburne, TX	102 STONELAKE DR, PMB 6373, CLEBURNE, TX	all_current_passes	no_key_intersection_or_cap
S1-837704863	S3-386638522	S3	India	Chennai Secret	Chennai  Seaet	Chennai, Beta Wing, 4Th Floor Unit No. 408/2, No. 177, Anna Salai, Raheja Towers, Tamil Nadu, Chennai	Raheja Towers, Madras, Chennai, TN	all_current_passes	no_key_intersection_or_cap
S1-693986340	S3-235719824	S3	US	Little Deli P.C.	The Little Deli [P.C.]	2852 Cr 24, Gibsonburg, OH	Ohio, Gibsonburg, 2852 Cr 24	all_current_passes	no_key_intersection_or_cap
S1-706930694	S2-936082130	S2	US	Smart Sony PLLC	SMART PLLC-CENTER	8343 B Greensboro Drive, Unit CND 4, Fairfax County, VA	343 B GREENSBORO DRIVE, FAIRFAX COUNTY, VA	all_current_passes	no_key_intersection_or_cap
S1-669018608	S3-910073594	S3	India	Hopewell Foundation (India) Private Limited	Private Hopewell Foundation (India) Ltd	164, Thiruthangal Road, Tamil Nadu, Sivakasi, Virudhunagar	D/164, Thiruthangal Road, Sivakasi, Virudhunagar, TN	all_current_passes	no_key_intersection_or_cap
S1-384316495	S3-250023713	S3	US	Steed Rocky Fuse	Fuse Rkcy Steed	1840 16th Street, Gering, NE	1840-A 16th St, Gering, Nebraska	all_current_passes	no_key_intersection_or_cap
S1-331980075	S2-444642204	S2	India	Supreme Services Private Limited	सुप्रीम सर्विसेज प्राइवेट लिमिटेड	S. No. 230/231, Arun-B3, Flat No. 201, 2Nd Floor, Junnar, Pune, Maharashtra	S. NO. B3/230/231, ARUN-B3, FLAT NO. 201, 2ND FLOOR, JUNNAR, PUNE, Maharashtra	all_current_passes	no_key_intersection_or_cap
S1-331980075	S2-593649617	S2	India	Supreme Services Private Limited	Supreme Services Private	S. No. 230/231, Arun-B3, Flat No. 201, 2Nd Floor, Junnar, Pune, Maharashtra	S. NO. B3/230/231, ARUN-B3, FLAT NO. 201, 2ND FLOOR, JUNNAR, महाराष्ट्र	all_current_passes	no_key_intersection_or_cap
S1-331980075	S3-701574510	S3	India	Supreme Services Private Limited	Sri Supreme Services Private Ltd Ltd	S. No. 230/231, Arun-B3, Flat No. 201, 2Nd Floor, Junnar, Pune, Maharashtra	S. No. 230/231, Arun-b3, Flat No. 201, 2Nd Floor, Pune, Junnar, MH	all_current_passes	no_key_intersection_or_cap
S1-331980075	S3-11731436	S3	India	Supreme Services Private Limited	Supreme Services Private [Ltd]	S. No. 230/231, Arun-B3, Flat No. 201, 2Nd Floor, Junnar, Pune, Maharashtra	S. No. 230/231, Arun-b3, Flat No. 201, 2Nd Floor, Pune, Junnar, महाराष्ट्र	all_current_passes	no_key_intersection_or_cap
S1-356833714	S3-788956372	S3	US	Orthopedic Empire Medicine	medicineempire.com	VA, 22 Tiffany Lane, Hampton City	0022 Tiffany Ln, PO Box 1537, Hampton, Virginia	all_current_passes	no_key_intersection_or_cap
S1-884740207	S2-589233241	S2	India	Dream & Co	Dra & Co	Door No:18/54, Puthenpurayil, Tk Shanmadhuran Road, Near Nucleus Mall, M, Aradu P O, Ernakulam, Kerala	DOOR NO:18/54, ERNAKULAM, Kerala	all_current_passes	no_key_intersection_or_cap
S1-884740207	S3-785540218	S3	India	Dream & Co	Smt Dream & Co	Door No:18/54, Puthenpurayil, Tk Shanmadhuran Road, Near Nucleus Mall, M, Aradu P O, Ernakulam, Kerala	Door No:18/54, Puthenpurayil, Tk Shanmadhuran Road, Near Nucleus Mall, M, Aradu P O, Ernakulam, Kochi, KL	all_current_passes	no_key_intersection_or_cap
S1-937800027	S2-48989887	S2	US	Weimer & Bruno Carlyle LLC	brunoweimer.com	IL, Chicago, 7110 E End Avenue	7110 EAST END AVE, CHICAGO, IL	all_current_passes	no_key_intersection_or_cap
S1-98989002	S2-48203499	S2	India	Baba Gujarat Producer Private Limited	బాబా గుజరాత్ ప్రొడ్యూసర్ ప్రైవేట్ లిమిటెడ్	Plot No. 3A/2 P, Ida Ph 1, Cherlapally, Uppal, Hyderabad, Telangana	PLOT NO. G-3A/2 P, IDA PH 1, CHERLAPALLY, UPPAL, HYDERABAD, Telangana	all_current_passes	no_key_intersection_or_cap
S1-98989002	S3-782402486	S3	India	Baba Gujarat Producer Private Limited	బాబా గుజరాత్ ప్రొడ్యూసర్ ప్రైవేట్ లిమిటెడ్	Plot No. 3A/2 P, Ida Ph 1, Cherlapally, Uppal, Hyderabad, Telangana	Hyderabad, TG, Ida Ph 1, Cherlapally, Plot No. #3A/2 P, Uppal	all_current_passes	no_key_intersection_or_cap
S1-98989002	S3-446358527	S3	India	Baba Gujarat Producer Private Limited	Drexlyrahalo	Plot No. 3A/2 P, Ida Ph 1, Cherlapally, Uppal, Hyderabad, Telangana	#3A/2 P, Ida Ph 1, Cherlapally, Uppal, Hyderabad, TG	all_current_passes	no_key_intersection_or_cap
S1-98989002	S3-38230283	S3	India	Baba Gujarat Producer Private Limited	BGP	Plot No. 3A/2 P, Ida Ph 1, Cherlapally, Uppal, Hyderabad, Telangana	Plot No. 3A/2 P, Ida Ph 1, Cherlapally, Uppal, Hyderabad, Telangana	all_current_passes	no_key_intersection_or_cap
S1-172261288	S2-568980858	S2	US	Graham Highland Shreya LLC	The Graham Highland Shreya LLC	560 Middleton Drive, Lexington, TN	56 MIDDLETON DRIVE, LEXINGTON, TN	all_current_passes	no_key_intersection_or_cap
S1-921795519	S3-311331587	S3	US	Economic Development Project II LLC	Evovio	71555 59, Little River, AL	71555 59, Little River, Alabama	all_current_passes	no_key_intersection_or_cap
S1-465844393	S2-955138728	S2	India	Future Exports	फ्यूचर एक्सपोर्ट्स	Mumbai, 315 Damji Shamji Corporat, Mumbai, Maharashtra, Square, C Wing, Ghatkopar	3-15 DAMJI SHAMJI CORPORAT, MUMBAI, Maharashtra	all_current_passes	no_key_intersection_or_cap
S1-465844393	S3-539707241	S3	India	Future Exports	फ्यूचर एक्सपोर्ट्स	Mumbai, 315 Damji Shamji Corporat, Mumbai, Maharashtra, Square, C Wing, Ghatkopar	315 Damji Shamji Corporat, Square, C Wing, Ghatkopar, Mumbai, MH	all_current_passes	no_key_intersection_or_cap
S1-573137025	S2-98496858	S2	India	Surya Healthcare Private Limited	सूर्य हेल्थकेयर प्राइवेट लिमिटेड	4Th, 6/77 Wea Karol Bagh, New Delhi, Central Delhi, Delhi	##4TH, DELHI	all_current_passes	no_key_intersection_or_cap
S1-573137025	S3-43489942	S3	India	Surya Healthcare Private Limited	सूर्य हेल्थकेयर प्राइवेट लिमिटेड	4Th, 6/77 Wea Karol Bagh, New Delhi, Central Delhi, Delhi	4Th, New Delhi, Central Delhi, DL	all_current_passes	no_key_intersection_or_cap
S1-220791793	S2-81489464	S2	India	Jain Creative Producer	ஜைன் Creative Producer	#5/702, Plot No 32, Muneeswar Nagar, Hosur, Krishnagiri, Dharmapuri, Tamil Nadu	DOOR NO 5/702, PLOT NO 32, MUNEESWAR NAGAR, HOSUR, KRISHNAGIRI, DHARMAPURI, Tamil Nadu	all_current_passes	no_key_intersection_or_cap
S1-729284220	S2-133271104	S2	India	North Agro Private Limited	नॉर्थ एग्रो प्राइवेट लिमिटेड	78, Kh No. 138, 1St Floor, Vill: Nawada, Vipin Garden, New Delhi, West Delhi, Delhi	NEW DELHI, दिल्ली, 78, KH NO. 138, 1ST FLOOR, VILL: NAWADA, VIPIN GARDEN	all_current_passes	no_key_intersection_or_cap
S1-729284220	S3-382185873	S3	India	North Agro Private Limited	NA	78, Kh No. 138, 1St Floor, Vill: Nawada, Vipin Garden, New Delhi, West Delhi, Delhi	Kh No. 138, 1St Floor, Vill: Nawada, Vipin Garden, Delhi, 78, West Delhi, New Delhi	all_current_passes	no_key_intersection_or_cap
S1-141303445	S2-773478876	S2	India	North Products	नॉर्थ प्रोडक्ट्स	104 Lokmanya Tilak Nagar Poisar Gymkhana Marg, Borivali West Mumbai, Mumbai City, Maharashtra	H.NO 104 LOKMAYNA TILAK NAGAR POISAR GYMKHANA MARG, BORIVALI WEST MUMBAI, MUMBAI CITY, Maharashtra	all_current_passes	no_key_intersection_or_cap
S1-244643323	S2-104793636	S2	India	Good Life Services Pvt Ltd	गुड लाइफ सर्विसेज प्रा. लि.	Plot No. 100-101, Sector-35, Hsiidc Udyog Vihar, Phase-Vii, Sadar Bazar, Gurgaon, Haryana	DOOR NO 100-101/6, GURGAON, SADAR BAZAR, Haryana	all_current_passes	no_key_intersection_or_cap
S1-244643323	S2-688909187	S2	India	Good Life Services Pvt Ltd	गुड लाइफ सर्विसेज प्रा. लि.	Plot No. 100-101, Sector-35, Hsiidc Udyog Vihar, Phase-Vii, Sadar Bazar, Gurgaon, Haryana	#100-101/6, SADAR BAZAR, GURGAON, Haryana	all_current_passes	no_key_intersection_or_cap
S1-244643323	S3-585776368	S3	India	Good Life Services Pvt Ltd	गुड लाइफ सर्विसेज प्रा. लि.	Plot No. 100-101, Sector-35, Hsiidc Udyog Vihar, Phase-Vii, Sadar Bazar, Gurgaon, Haryana	Plot No. 100-101, Sector-35, Hsiidc Udyog Vihar, Phase-vii, Sadar Bazar, Gurgaon, HR	all_current_passes	no_key_intersection_or_cap
S1-244643323	S3-67426086	S3	India	Good Life Services Pvt Ltd	गुड लाइफ सर्विसेज प्रा. लि.	Plot No. 100-101, Sector-35, Hsiidc Udyog Vihar, Phase-Vii, Sadar Bazar, Gurgaon, Haryana	Plot No. 100-101, Sector-35, Hsiidc Udyog Vihar, Phase-vii, Gurgaon, Sadar Bazar, HR	all_current_passes	no_key_intersection_or_cap
S1-244643323	S3-421311396	S3	India	Good Life Services Pvt Ltd	goodlifeservices.com	Plot No. 100-101, Sector-35, Hsiidc Udyog Vihar, Phase-Vii, Sadar Bazar, Gurgaon, Haryana	Plot No. 100-101, Sector-35, Hsiidc Udyog Vihar, Phase-vii, Sadar Bazar, Gurgaon, HR	all_current_passes	no_key_intersection_or_cap
S1-882532074	S2-348348054	S2	India	Satpura & Co	SATPURA  and CO	2Nd Floor, Plot No.151, Sector-26/27 Parsik Hill, Cbd Belapur, Navi Mumbai, Raigarh, Maharashtra	B3/2ND FLOOR, PLOT NO.151, SECTOR-26/27 PARSIK HILL, CBD BELAPUR, NAVI MUMBAI, Maharashtra	all_current_passes	no_key_intersection_or_cap
S1-882532074	S3-680343193	S3	India	Satpura & Co	Satpura And Co	2Nd Floor, Plot No.151, Sector-26/27 Parsik Hill, Cbd Belapur, Navi Mumbai, Raigarh, Maharashtra	2Nd Floor, Navi Mumbai, New Bombay, MH	all_current_passes	no_key_intersection_or_cap
S1-96408151	S2-532699478	S2	US	Buum Complete Guaranty LLC	Buum Comp1ete Guaranty  LLC	564 Austin Avenue, Lebanon, TN		all_current_passes	no_key_intersection_or_cap
S1-579728529	S3-522396905	S3	US	Womens Health Signature Partners	Womens Health Signature	1101 Roman Road, Grand Prairie, TX	1101 Roman Rd, Grand Prairie, Texas	all_current_passes	no_key_intersection_or_cap
S1-520689368	S2-69484134	S2	India	New Engineering Pvt Ltd	न्यू इंजीनियरिंग प्रा. लि.	Flat No.101/17 Panchratna, Green Village Agerwal Com, Thane, Maharashtra	NO 01/17 PANCHRATNA, THANE, महाराष्ट्र	all_current_passes	no_key_intersection_or_cap
S1-520689368	S2-581605505	S2	India	New Engineering Pvt Ltd	Dr New  Entgineern Pvt Ltd	Flat No.101/17 Panchratna, Green Village Agerwal Com, Thane, Maharashtra	Maharashtra, H.NO 01/17 PANCHRATNA, GREEN VILLAGE AGERWAL COM, THANE	all_current_passes	no_key_intersection_or_cap
S1-923836709	S2-48113294	S2	India	Delta Infocom Private Limited	Private Delta Limited Infocom	22, Ramdev Industrial Estate Opp Shahwadi Bus Stand, B/H Ashish Narsu, Ry, Narol, Ahmedabad, Gujarat	HN 15 22, NAROL, AHMEDABAD, Gujarat	all_current_passes	no_key_intersection_or_cap
S1-855035648	S3-553845044	S3	US	Johnson Pegasus of Portland	The Johnson Pegasus of Portland	OR, 1120 Couch Street, Portland	1120 Couch Street, Portland, Oregon	all_current_passes	no_key_intersection_or_cap
S1-786130365	S2-951927496	S2	India	Alpha Technologies Pvt Ltd	अल्फा टेक्नोलॉजीज प्रा. लि.	Plot No.10, Local Shopping Complex, Sector B Pocket-7, Vasant Kunj, New Delhi, South Delhi, Delhi	DOOR NO B3/10, LOCAL SHOPPING COMPLEX, SECTOR B POCKET-7, VASANT KUNJ, DIVREPORTINGCIRCLE, SOUTH DELHI, दिल्ली	all_current_passes	no_key_intersection_or_cap
S1-786130365	S2-454479276	S2	India	Alpha Technologies Pvt Ltd	Alpha Technologies Pvt	Plot No.10, Local Shopping Complex, Sector B Pocket-7, Vasant Kunj, New Delhi, South Delhi, Delhi	NO B3/10 , LOCAL SHOPPING COMPLEX, SECTOR B POCKET-7, VASANT KUNJ, NEW DELHI, दिल्ली	all_current_passes	no_key_intersection_or_cap
S1-786130365	S2-357191401	S2	India	Alpha Technologies Pvt Ltd	Mr A1pha Technologies Pvt Ltd	Plot No.10, Local Shopping Complex, Sector B Pocket-7, Vasant Kunj, New Delhi, South Delhi, Delhi	LOCAL SHOPPING COMPLEX, SECTOR B POCKET-7, VASANT KUNJ, DIVREPORTINGCIRCLE, PLOT NO.B3/10, Delhi, SOUTH DELHI	all_current_passes	no_key_intersection_or_cap
S1-786130365	S2-150730249	S2	India	Alpha Technologies Pvt Ltd	अल्फा टेक्नोलॉजीज प्रा. लि.	Plot No.10, Local Shopping Complex, Sector B Pocket-7, Vasant Kunj, New Delhi, South Delhi, Delhi	PLOT NO.B3/10, LOCAL SHOPPING COMPLEX, SECTOR B POCKET-7, VASANT KUNJ, DIVREPORTINGCIRCLE, SOUTH DELHI, दिल्ली	all_current_passes	no_key_intersection_or_cap
S1-786130365	S3-704786987	S3	India	Alpha Technologies Pvt Ltd	अल्फा टेक्नोलॉजीज प्रा. लि.	Plot No.10, Local Shopping Complex, Sector B Pocket-7, Vasant Kunj, New Delhi, South Delhi, Delhi	South Delhi, Plot No.10, Local Shopping Complex, Sector B Pocket-7, Vasant Kunj, DL, New Delhi	all_current_passes	no_key_intersection_or_cap
S1-786130365	S3-289355501	S3	India	Alpha Technologies Pvt Ltd	Shri alphatechnologies.com	Plot No.10, Local Shopping Complex, Sector B Pocket-7, Vasant Kunj, New Delhi, South Delhi, Delhi	New Delhi, South Delhi, दिल्ली, #10	all_current_passes	no_key_intersection_or_cap
S1-837698046	S2-125730783	S2	India	Jbs Entertainment Co	Jbs Enfertainbent Co	East Delhi, Delhi, 3393, Delhi, Ram Nagar Extention Shahdara	03393, RAM NAGAR EXTENTION SHAHDARA, DELHI, Delhi	all_current_passes	no_key_intersection_or_cap
S1-837698046	S2-768887126	S2	India	Jbs Entertainment Co	Shri Jbs Entertainment Co - 9415078185	East Delhi, Delhi, 3393, Delhi, Ram Nagar Extention Shahdara	दिल्ली, 03393, RAM NAGAR EXTENTION SHAHDARA, DELHI	all_current_passes	no_key_intersection_or_cap
S1-837698046	S3-211696101	S3	India	Jbs Entertainment Co	jbsentertainment.com	East Delhi, Delhi, 3393, Delhi, Ram Nagar Extention Shahdara	3393, Ram Nagar Extention Shahdara, Delhi, North East Delhi, DL	all_current_passes	no_key_intersection_or_cap
S1-837698046	S3-189979293	S3	India	Jbs Entertainment Co	Center Jbs Co	East Delhi, Delhi, 3393, Delhi, Ram Nagar Extention Shahdara	Ram Nagar Extention Shahdara, Delhi, 3393, North East Delhi, DL	all_current_passes	no_key_intersection_or_cap
S1-616790832	S3-347275605	S3	India	Shyam Marketing Private Limited	Shri SHYAM MARKETING PRIVATE LIMITED	Flat 3, 1St Floor, 12 Central Lane, Bengali Market, New Delhi, Central Delhi, Delhi		all_current_passes	no_key_intersection_or_cap
S1-255643554	S3-336927608	S3	India	Mana Trading Private Limited	manatrading.com	S.No71, H.No2, Mokashi Pada, Opp. Khot Bunglow, Thane, Maharashtra	महाराष्ट्र, S.no71, Navi Mumbai Region	all_current_passes	no_key_intersection_or_cap
S1-952801744	S2-841567476	S2	India	New Delhi Entertainment Associates	New Entertainment Associates Center	M-53/54 Street No. 5 New Mahavir Nagar, New Delhi, Delhi, New Delhi	M-53/54. STREET NO. 5 NEW MAHAVIR NAGAR, NEW DELHI, दिल्ली	all_current_passes	no_key_intersection_or_cap
S1-129024118	S3-419268073	S3	India	Hitech Southern Infotech Private Limited	हाईटेक सदर्न इंफोटेक प्राइवेट लिमिटेड	Shop No-4, Loknayak Jai Prakash Bhawan Frazer Road, P.O- Gpo, P.S- Kotwali, Patna, Bihar	#00 Shop No-4, Patna, BR	all_current_passes	no_key_intersection_or_cap
S1-27188964	S2-22164316	S2	US	Internal Medicine Partners LLC	Internal Medicine	3938 Byram Avenue, Indianapolis, IN	INDIANAPOLIS, BYRAM AVENUE, IN	all_current_passes	no_key_intersection_or_cap
S1-27188964	S3-339853582	S3	US	Internal Medicine Partners LLC	Interna1 Medicine Partners	3938 Byram Avenue, Indianapolis, IN	3938 Byram Ave, Indianapolis, Indiana	all_current_passes	no_key_intersection_or_cap
S1-4097981	S2-6307462	S2	US	Tucker Onfolio Inc.	@TUCKERONFOLIO	7550 Given Road, Cincinnati, OH	GIVEN RD, CINCINNATI, OH	all_current_passes	no_key_intersection_or_cap
S1-614289236	S2-675839135	S2	US	A Reliable Platforms LLC	Veopyraquo	20788 Aquadale Road, Albemarle, NC	ALBEMARLE, NC, 20788 AQUADALE ROAD	all_current_passes	no_key_intersection_or_cap
S1-614289236	S3-367699005	S3	US	A Reliable Platforms LLC	A  Reliable	20788 Aquadale Road, Albemarle, NC	0788 Aquadale Road, Albemarle, North Carolina	all_current_passes	no_key_intersection_or_cap
S1-614289236	S3-18625595	S3	US	A Reliable Platforms LLC	The A Reliable Platforms LLC	20788 Aquadale Road, Albemarle, NC	0788 Aquadale Rd, Albemarle, North Carolina	all_current_passes	no_key_intersection_or_cap
S1-798239792	S3-229803907	S3	US	Quality Biomedical Global PLLC	Qua1ity Biomedical Global Global PLLC	23320 122, Melvin, KY	2332 122, Melvin, Kentucky	all_current_passes	no_key_intersection_or_cap
S1-798239792	S3-120681410	S3	US	Quality Biomedical Global PLLC	qualitybiomedicalglobal.com	23320 122, Melvin, KY	2332 122, Melvin, Kentucky	all_current_passes	no_key_intersection_or_cap
S1-739083536	S3-26351029	S3	US	Fresh Book Store	Fresh  8ook Store	23 Willow Street, Gillette, WY	23 1/2 Willow St, Gillette, Wyoming	all_current_passes	no_key_intersection_or_cap
S1-819139027	S2-751986532	S2	US	Cedar	cedar.com	424 Friendship Road, Seneca, SC	SENECCA, SC, 424 FRIENDSHIP ROAD	all_current_passes	no_key_intersection_or_cap
S1-914077101	S2-362423286	S2	India	White Projects Private Limited	private white projects limited	20 Gayatri Colony Maruti Colony Sanganer, Jaipur, Rajasthan	H.NO 20 GAYATRI COLONY MARUTI COLONY SANGANER, JAIPUR, Rajasthan	all_current_passes	no_key_intersection_or_cap
S1-372916651	S2-944324248	S2	India	Navkar & Co	Sri Navkar &  Co	Tamil Nadu, Chennai, 7Th Floor, Viswakamal Apartments, Old No. 245, New No. 62, R.K.Mutt Road, Mylapore, Flat No. 57, Chennai	FLAT NO. 57, 7TH FLOOR, VISWAKAMAL APARTMENTS, OLD NO. 245, NEW NO. 62, R.K.MUTT ROAD, MYLAPORE, CHENNAI, தமிழ்நாடு	all_current_passes	no_key_intersection_or_cap
S1-372916651	S3-941957432	S3	India	Navkar & Co	Shri @navkar	Tamil Nadu, Chennai, 7Th Floor, Viswakamal Apartments, Old No. 245, New No. 62, R.K.Mutt Road, Mylapore, Flat No. 57, Chennai	#57, 7Th Floor, Viswakamal Apartments, Old No. 245, New No. 62, R.k.mutt Road, Mylapore, Chennai, TN	all_current_passes	no_key_intersection_or_cap
S1-580970774	S2-996500653	S2	US	Back Alley Ice Cream! LLC	backalleyice.com	Atlanta, 1040 Stovall Boulevard, GA	1040B Stovall Blvd, ALANTA, GA	all_current_passes	no_key_intersection_or_cap
S1-580970774	S3-773729522	S3	US	Back Alley Ice Cream! LLC	Back Alley Ice	Atlanta, 1040 Stovall Boulevard, GA	1040 Stovall Boulevard, Atl, Georgia	all_current_passes	no_key_intersection_or_cap
S1-511120022	S2-931695512	S2	India	Creative Constructions Private Limited	క్రియేటివ్ కన్‌స్ట్రక్షన్స్ ప్రైవేట్ లిమిటెడ్	Telangana, Secunderabad, 6-4-36/6/9 Bholakpur, Hyderabad, C/O T Rajalingam	6-4-36/6/9 BHOLAKPUR, SECUNDERABAD, Telangana, HYDERABAD, C/O T RAJALINGAM	all_current_passes	no_key_intersection_or_cap
S1-511120022	S2-527791698	S2	India	Creative Constructions Private Limited	క్రియేటివ్ కన్‌స్ట్రక్షన్స్ ప్రైవేట్ లిమిటెడ్	Telangana, Secunderabad, 6-4-36/6/9 Bholakpur, Hyderabad, C/O T Rajalingam	C/O T RAJAILNGAM, 6-4-36/6/9 BHOLAKPUR, SECUNDERABAD, HYDERABAD, Telangana	all_current_passes	no_key_intersection_or_cap
S1-511120022	S3-219444701	S3	India	Creative Constructions Private Limited	క్రియేటివ్ కన్‌స్ట్రక్షన్స్ ప్రైవేట్ లిమిటెడ్	Telangana, Secunderabad, 6-4-36/6/9 Bholakpur, Hyderabad, C/O T Rajalingam	Hn D/597 C/o T Rajalingam, 6-4-36/6/9 Bholakpur, Secunderabad, Hyderabad, తెలంగాణ	all_current_passes	no_key_intersection_or_cap
S1-198974746	S2-600394525	S2	US	Cardinal Inc	Caardgca Inc	170 S Common Street, Unit 501, Lynn, MA	0170 S COMMON STREET, LYNN, MA	all_current_passes	no_key_intersection_or_cap
S1-788183827	S2-489650235	S2	India	Indraprasth Institute Private Limited	Prihate Indraprasth Institute Limited	5A/24 Ansari Road Darya Ganj, New Delhi, Central Delhi, Delhi	NO 5A/24 ANSARI ROAD DARYA GANJ, NEW DELHI, CENTRAL DELHI, Delhi	all_current_passes	no_key_intersection_or_cap
S1-788183827	S3-595773664	S3	India	Indraprasth Institute Private Limited	Private Indraprasth Irntsuite Limited	5A/24 Ansari Road Darya Ganj, New Delhi, Central Delhi, Delhi	Central Delhi, New Delhi, 05A/24 Ansari Road Darya Ganj, DL	all_current_passes	no_key_intersection_or_cap
S1-575231919	S2-310430279	S2	US	Prairie Regional Paceline of Dayton	prairieregionalpaceline.com	505 Farm To Market 2797, Dayton, TX	505-A FARM TO MARKET 2797, N/A, DAYTON, TX	all_current_passes	no_key_intersection_or_cap
S1-575231919	S2-901307968	S2	US	Prairie Regional Paceline of Dayton	PRÁIRIEREGIONALPACELINE.COM	505 Farm To Market 2797, Dayton, TX	505-A FARM TO MARKET 2797, N/A, DAYTON, TX	all_current_passes	no_key_intersection_or_cap
S1-538171615	S3-728519698	S3	India	Blue Developers Private Limited	ब्लू डेवलपर्स प्राइवेट लिमिटेड	House No.3, Block-Hp Pitampura, New Delhi, North Delhi, Delhi	Door No 568 House No.3, North-west Delhi, North Delhi, DL	all_current_passes	no_key_intersection_or_cap
S1-144954005	S2-695055236	S2	US	Eye Safe Care LP	EYESAFECARE.COM	609 Harrier Hawk, Edmond, OK	607 HARRIER HAWK, EDMOND, OK	all_current_passes	no_key_intersection_or_cap
S1-615903919	S2-547427973	S2	US	Valley Society	THE  VALLEY SOCIETY	4451 Telfair Boulevard, Unit 6208, Suitland, MD		all_current_passes	no_key_intersection_or_cap
S1-258835301	S3-899858529	S3	US	Straight Edge Deli LLC	straightedgedeli.com	1925 N Fork Road, Fort Worth, TX	001925 N Fork Rd, Fort Worth, Texas	all_current_passes	no_key_intersection_or_cap
S1-60356357	S3-451353754	S3	US	Robinson Silver Care Inc	Center Robinson Silver Inc	115 Rivercrest Drive, Luling, TX	00115 Rivercrest Drive, Luling, Texas	all_current_passes	no_key_intersection_or_cap
S1-796469414	S2-352411064	S2	India	Gujarat Trading Private Limited	ગુજરાત ટ્રેડિંગ પ્રાઇવેટ લિમિટેડ	Gujarat, Ahmedabad, Ma.Meghiba Row Houses, B/H.Asharam Ashram, Gandhinagar Road, 15/B	15/B, MA.MEGHIBA ROW HOUSES, B/H.ASHARAM ASHRAM, GANDHINAGAR ROAD, AHMEDABAD, Gujarat	all_current_passes	no_key_intersection_or_cap
S1-796469414	S3-737893034	S3	India	Gujarat Trading Private Limited	Tradingprivate.Com	Gujarat, Ahmedabad, Ma.Meghiba Row Houses, B/H.Asharam Ashram, Gandhinagar Road, 15/B	15/B, Ahmedabad, ગુજરાત	all_current_passes	no_key_intersection_or_cap
S1-796469414	S3-375077656	S3	India	Gujarat Trading Private Limited	Lumfaye	Gujarat, Ahmedabad, Ma.Meghiba Row Houses, B/H.Asharam Ashram, Gandhinagar Road, 15/B	15/B, Ahmedabad, Ma.Meghiba Row Houses, B/H.Asharam Ashram, Gandhinagar Road, Gujarat, Ahmedabad	all_current_passes	no_key_intersection_or_cap
S1-644972484	S2-462066888	S2	US	Blue Ministries	Blue Meisrties	1931 3rd Avenue, WA, Seattle	193 3ST AVENUE, SEATTLE, WA	all_current_passes	no_key_intersection_or_cap
S1-644972484	S2-192012788	S2	US	Blue Ministries	8lue Ministries	1931 3rd Avenue, WA, Seattle	193 THIRD AVE, SEATTLE, WA	all_current_passes	no_key_intersection_or_cap
S1-296992009	S2-952814128	S2	US	Precision Analytics Partners	The Precision Analytics Partners	11436 Pennys Way, Oregon City, OR	OR, OREGON CIITY, 11436 PENNYS WAY	all_current_passes	no_key_intersection_or_cap
S1-296992009	S2-611570114	S2	US	Precision Analytics Partners	PRECISION PARTNERS-SERVICE	11436 Pennys Way, Oregon City, OR	PENNYS WAY, OREGON CIITY, OR	all_current_passes	no_key_intersection_or_cap
S1-449861100	S2-415141905	S2	US	Silver Business Laboratories	Silver Businbrss Laboratories	150 35th Street, Canton, OH	15 35TH ST, CANTON, OH	all_current_passes	no_key_intersection_or_cap
S1-449861100	S2-618606038	S2	US	Silver Business Laboratories	silverbusinesslaboratories.com	150 35th Street, Canton, OH	35TH ST, CANTON, OH	all_current_passes	no_key_intersection_or_cap
S1-231660566	S3-599839769	S3	US	Diversified Hospitality Works	worksdiversifiedhospitality.com	Bessemer City, NC, 215 Ohio Avenue	215 Ohio Ave, PMB 2409, Bessemer City, North Carolina	all_current_passes	no_key_intersection_or_cap
S1-231660566	S3-531024966	S3	US	Diversified Hospitality Works	Lyranyla Co née Diversified Hospitality Works	Bessemer City, NC, 215 Ohio Avenue	215 Ohio Avenue, Bessemer City, NC	all_current_passes	no_key_intersection_or_cap
S1-510297867	S3-6724844	S3	US	Surgical Associates	Surgical Center	2717 Lynn Avenue, Saint Louis Park, MN	717 Lynn Avenue, Saint Louis Park, Minnesota	all_current_passes	no_key_intersection_or_cap
S1-265588493	S3-53822362	S3	India	Atom Brothers Private Limited	Atom Private Limited Center	Plot No. L-34, Ahmednagar, Ahmed Nagar, Midc, Ahilyanagar, Nagapura, Maharashtra	No 00767 Plot No. L-34, Midc, Ahilyanagar, Nagapura, Ahmednagar, Ahmed Nagar, MH	all_current_passes	no_key_intersection_or_cap
S1-295400413	S2-986420375	S2	India	White Ventures Private Limited	వైట్ వెంచర్స్ ప్రైవేట్ లిమిటెడ్	Flat No. 201, Ongole, Andhra Pradesh, 3Rd Floor, Sai Nilayam Apartments Opposite Pavitra Junior College, Lawyer, Pet Extn., Prakasam	201, 3RD FLOOR, SAI NILAYAM APARTMENTS OPPOSITE PAVITRA JUNIOR COLLEGE, LAWYER, PET EXTN., ONGOLE, PRAKASAM, Andhra Pradesh	all_current_passes	no_key_intersection_or_cap
S1-447656699	S2-348156373	S2	India	Lotus Media Private Limited	लोटस मीडिया प्राइवेट लिमिटेड	S No.- 160/2 Near Kalika Devi Mandir, Kelwa Palghar, Palghar, Thane, Maharashtra	PLOT 401. S NO.- 160/2 NEAR KALIKA DEVI MANDIR, KELWA PALGHAR, PALGHAR, THANE, Maharashtra	all_current_passes	no_key_intersection_or_cap
S1-429134233	S3-937196718	S3	India	Whitestone Farmers Private Limited	Private Whitestone Farmers Ltd	13 Imstitutional Arealodi Road, New Delhi, South Delhi, Delhi	Door No 13 Imstitutional Arealodi Road, South Delhi, <NULL>, दिल्ली	all_current_passes	no_key_intersection_or_cap
S1-287460341	S2-465207903	S2	India	Roopika Centre	roopikacentre.com	590 Shreejee Palacerisaldar Lane Opp. Gajanan Classes Mahal, Nagpur, Maharashtra	Maharashtra, 590 SHREEJEE PALACERISALDAR LANE OPP. GAJANAN CLASSES MAHAL, NAGPUR	all_current_passes	no_key_intersection_or_cap
S1-381596328	S3-634885319	S3	India	Seven Finance Private Limited	സെവൻ ഫിനാൻസ് പ്രൈവറ്റ് ലിമിറ്റഡ്	13/240 Kanakkantazhikom Mukkam Mayyanad Po, Kollam, Kerala	No 13/240 Kanakkantazhikom Mukkam Mayyanad Po, Kollam, KL	all_current_passes	no_key_intersection_or_cap
S1-569596189	S2-249973265	S2	US	Optimal Pan LLC	0ptimal Pan	Pine Level, 30 Kegan Lane, NC, Unit C35	30 KEGAN LANE, PINE LEVEL, NC	all_current_passes	no_key_intersection_or_cap
S1-149712262	S3-449698071	S3	US	Blue Galata, LLC	Blue  Galaa, LLC	4123 Beland Avenue, Unit A, City Of Wilson, NC	Beland Ave, Wilson, North Carolina	all_current_passes	no_key_intersection_or_cap
S1-990705732	S3-222661517	S3	India	Thread & Sons	Smt Thread &	No 311 3Rd Floor, Golden Rays Apartment, Bangalore South, Bangalore, Karnataka	317 3Rd Floor, Bangalore South, KA	all_current_passes	no_key_intersection_or_cap
S1-336017308	S2-999420166	S2	India	Blue Construction	બ્લૂ કન્સ્ટ્રક્શન	Plot No: 914-915, Near Krushi Crop, At- Kerala, Gidc Ta: Bavala, Village: Ke, Rala, Ahmedabad, Gujarat	PLOT NO: 914-915, NEAR KRUSHI CROP, AT- KERALA, GIDC TA: BAVALA, VILLAGE: KE, RALA, AHMEDABAD, Gujarat	all_current_passes	no_key_intersection_or_cap
S1-336017308	S2-794841974	S2	India	Blue Construction	બ્લૂ કન્સ્ટ્રક્શન	Plot No: 914-915, Near Krushi Crop, At- Kerala, Gidc Ta: Bavala, Village: Ke, Rala, Ahmedabad, Gujarat	PLOT NO: 914-915, NEAR KRUSHI CROP, AT- KERALA, GIDC TA: BAVALA, VILLAGE: KE, RALA, AHMEDABAD, ગુજરાત	all_current_passes	no_key_intersection_or_cap
S1-336017308	S2-244058830	S2	India	Blue Construction	બ્લૂ કન્સ્ટ્રક્શન	Plot No: 914-915, Near Krushi Crop, At- Kerala, Gidc Ta: Bavala, Village: Ke, Rala, Ahmedabad, Gujarat	PLOT NO: 914-915, AHMEDABAD, Gujarat	all_current_passes	no_key_intersection_or_cap
S1-336017308	S3-404910812	S3	India	Blue Construction	બ્લૂ કન્સ્ટ્રક્શન	Plot No: 914-915, Near Krushi Crop, At- Kerala, Gidc Ta: Bavala, Village: Ke, Rala, Ahmedabad, Gujarat	Door No 708 Plot No: 914-915, Near Krushi Crop, At- Kerala, Gidc Ta: Bavala, Village: Ke, Rala, Ahmedabad, ગુજરાત	all_current_passes	no_key_intersection_or_cap
S1-336017308	S3-153299623	S3	India	Blue Construction	બ્લૂ કન્સ્ટ્રક્શન	Plot No: 914-915, Near Krushi Crop, At- Kerala, Gidc Ta: Bavala, Village: Ke, Rala, Ahmedabad, Gujarat	Door No 708 Plot No: 914-915, Near Krushi Crop, At- Kerala, Gidc Ta: Bavala, Village: Ke, Rala, Ahmedabad, ગુજરાત	all_current_passes	no_key_intersection_or_cap
S1-336017308	S3-414748261	S3	India	Blue Construction	Synyumawex F/K/A Blue Construction	Plot No: 914-915, Near Krushi Crop, At- Kerala, Gidc Ta: Bavala, Village: Ke, Rala, Ahmedabad, Gujarat	Plot No: 914-915, Near Krushi Crop, At- Kerala, Gidc Ta: Bavala, Village: Ke, Rala, Ahmedabad, Gujarat	all_current_passes	no_key_intersection_or_cap
S1-718452381	S2-408103079	S2	US	Banks Coastal Community Inc	Banks Cndcsal Community Inc	1155 Marshburn Road, Wendell, NC	1155 1/2 MARSHBURN RD, WENDELL, NC	all_current_passes	no_key_intersection_or_cap
S1-326677026	S3-594558414	S3	US	Gallagher & Krause LLC	Gallagher and Kersue LLC	TX, Unit 1324, 411 Buckingham Road, Richardson	411 Buckingham Rd, Richardson, Texas	all_current_passes	no_key_intersection_or_cap
S1-326677026	S3-134101783	S3	US	Gallagher & Krause LLC	LLC Ga1lagher & Krause	TX, Unit 1324, 411 Buckingham Road, Richardson	411 Buckingham Rd, # 1324, Richardson, Texas	all_current_passes	no_key_intersection_or_cap
S1-222115348	S2-10956131	S2	India	Consulting Vb Productsprivate Ltd	vbconsultingcom	Groundfloor Zameercomplex, Behind Sbi, Canal Road, Raebarely, Raebareli, Uttar Pradesh	GROUNDFLOOR ZAMERECOMPLEX, RAEBARELI, उत्तर प्रदेश	all_current_passes	no_key_intersection_or_cap
S1-222115348	S3-120573308	S3	India	Consulting Vb Productsprivate Ltd	Consulting Vb Psductcsprivate Ltd	Groundfloor Zameercomplex, Behind Sbi, Canal Road, Raebarely, Raebareli, Uttar Pradesh	Hn 480 Groundfloor Zameercomplex, Behind Sbi, Canal Road, Raebarely, Raebareli, UP	all_current_passes	no_key_intersection_or_cap
S1-222115348	S3-345877468	S3	India	Consulting Vb Productsprivate Ltd	Consulting Vb	Groundfloor Zameercomplex, Behind Sbi, Canal Road, Raebarely, Raebareli, Uttar Pradesh	Hn 480 Groundfloor Zameercomplex, Behind Sbi, Canal Road, Raebarely, Raebareli, UP	all_current_passes	no_key_intersection_or_cap
S1-446087456	S2-242475762	S2	US	Cymbre Amoah, O.D., DDS PC	Cymbre Amnoh, O.D., DDS PC	7720 Williams Court, Lincoln City, OR	WILLIAMS CT, LINCOLN CITY, OR	all_current_passes	no_key_intersection_or_cap
S1-118687984	S2-191245306	S2	India	Life Constructions Limited	@lifeconstructions	C/O Swapna Das Bilding More, Ashoke Nagar, Kolkata, Parganas North, West Bengal	C/O SWAPNA DAS BILDING MORE, ASHOKE NAGAR, KOLKATA, West Bengal	all_current_passes	no_key_intersection_or_cap
S1-967156561	S2-115507319	S2	India	Automotive Educational Private Limited	Private Automotive Educational Ltd	Flat No. Lg - 14, Somdatt Chamber-1, 5, Bhikaji Cama Place, New Delhi, New Delhi, Delhi	FLAT NO. LG - 14, SOMDATT CHAMBER-1, 5, BHIKAJI CAMA PLACE, NEW DELHI, NEW DELHI, Delhi	all_current_passes	no_key_intersection_or_cap
S1-967156561	S3-991367711	S3	India	Automotive Educational Private Limited	Automotive Edtraitnal Private Limited	Flat No. Lg - 14, Somdatt Chamber-1, 5, Bhikaji Cama Place, New Delhi, New Delhi, Delhi	New Delhi, DL, Somdatt Chamber-1, 5, Bhikaji Cama Place, New Delhi, New Delhi, Flat No. Lg - 14	all_current_passes	no_key_intersection_or_cap
S1-696660542	S2-238065510	S2	India	Yamuavi Marbles Private Limited	Yamuavi Private Limited Service	Adwa Bazar, Chalisgaon, Maharashtra	DOOR NO G-938 ADWA BAZAR, CHALISGAON, Maharashtra	all_current_passes	no_key_intersection_or_cap
S1-641436989	S2-709638500	S2	US	Vision Group	Soltavo	9 19th Street, Richmond City, VA	9 1/2 19ND ST, PO BOX 3119, RICHMOND CITY, VA	all_current_passes	no_key_intersection_or_cap
S1-641436989	S2-92430590	S2	US	Vision Group	Vision Inc Enterprises	9 19th Street, Richmond City, VA		all_current_passes	no_key_intersection_or_cap
S1-641436989	S2-336208223	S2	US	Vision Group	Vfseon Group	9 19th Street, Richmond City, VA	9 1/2 19ND SAINT, RICHMOND CITY, VA	all_current_passes	no_key_intersection_or_cap
S1-641436989	S3-377319836	S3	US	Vision Group	Vision	9 19th Street, Richmond City, VA		all_current_passes	no_key_intersection_or_cap
S1-538163501	S2-832458802	S2	US	Red Diner	RED DBODMER	NY, Johnstown, 50 Briggs Street		all_current_passes	no_key_intersection_or_cap
S1-626801323	S3-451833741	S3	India	Reliable Agrotech Private Limited	Keloyumasyn	Ga-136 1476 Raj Danga, East Main Road, Kolkata, Kolkata, Howrah, West Bengal	No 796 Ga-136 1476 Raj Danga, Howrah, Kolkata, WB	all_current_passes	no_key_intersection_or_cap
S1-426878241	S3-341445403	S3	US	Primary Care Health	Primary Ce Health	4212 Maximillion Circle, Murfreesboro, TN	4212 Maximillion Circle, Murfreesboro, Tennessee	all_current_passes	no_key_intersection_or_cap
S1-601675219	S2-866666804	S2	India	Kaveran Coffee Limited	KAVERANCOFFEE.COM	Flat.No.318, Tirumala Residen-Tial Flats Yousufguda Check Post, Hyderabad-38, Post, Hyderabad-38, Telangana	FLAT.NO.31 , TIRUMALA RESIDEN-TIAL FLATS YOUSUFGUDA CHECK POST, HYDERABAD-38, POST, Andhra Pradesh	all_current_passes	no_key_intersection_or_cap
S1-601675219	S3-712070606	S3	India	Kaveran Coffee Limited	Kaveran Kaveran Limited Coffee	Flat.No.318, Tirumala Residen-Tial Flats Yousufguda Check Post, Hyderabad-38, Post, Hyderabad-38, Telangana	329, Tirumala Residen-tial Flats Yousufguda Check Post, Hyderabad-38, Hyderabad-38, TG	all_current_passes	no_key_intersection_or_cap
S1-601675219	S3-847895136	S3	India	Kaveran Coffee Limited	Kaveran Cfbfefe  Limited	Flat.No.318, Tirumala Residen-Tial Flats Yousufguda Check Post, Hyderabad-38, Post, Hyderabad-38, Telangana	H.no 318, Tirumala Residen-tial Flats Yousufguda Check Post, Hyderabad-38, Post, Hyderabad-38, తెలంగాణ	all_current_passes	no_key_intersection_or_cap
S1-601675219	S3-420291050	S3	India	Kaveran Coffee Limited	Gildsynaria	Flat.No.318, Tirumala Residen-Tial Flats Yousufguda Check Post, Hyderabad-38, Post, Hyderabad-38, Telangana	Flat.No.318, Tirumala Residen-Tial Flats Yousufguda Check Post, Hyderabad-38, Post, Hyderabad-38, Telangana	all_current_passes	no_key_intersection_or_cap
S1-204812685	S2-640867781	S2	India	Masters Projects Pvt Ltd	Pvt Masters Projects Ltd	Old Agra Rd Nashik, C11-12 Sethies City Plaza, Nashik, Maharashtra	Maharashtra, NASHIK, NASIK, HN 610 C11-12 SETHIES CITY PLAZA	all_current_passes	no_key_intersection_or_cap
S1-204812685	S2-421259523	S2	India	Masters Projects Pvt Ltd	Masters Pvt Ltd Partners	Old Agra Rd Nashik, C11-12 Sethies City Plaza, Nashik, Maharashtra		all_current_passes	no_key_intersection_or_cap
S1-204812685	S3-669437807	S3	India	Masters Projects Pvt Ltd	Ectoaria Formerly Masters Projects Pvt Ltd	Old Agra Rd Nashik, C11-12 Sethies City Plaza, Nashik, Maharashtra	Nashik, C11-12 Sethies City Plaza, Old Agra Rd Nashik, Maharashtra	all_current_passes	no_key_intersection_or_cap
S1-672435460	S3-129439799	S3	India	Gokul Industries (India) Private Limited	G0kul Industries (India)	Wework Rmz Spire, Tower 100, Silpa Gram Craft Village, Hitech City, Shaikpet, Hyderabad, Telangana	Hyderabad, Tower 100, Silpa Gram Craft Village, Hitech City, TG, Shaikpet, Wework Rmz Spire	all_current_passes	no_key_intersection_or_cap
S1-314795590	S2-278615644	S2	India	Anand Producer Private Limited	आनंद प्रोड्यूसर प्राइवेट लिमिटेड	Flat No-202, Shiva Palace, Garbhu Chak, Khajpura, Phulwari, Patna, Bihar	FLAT NO-202, SHIVA PALACE, GARBHU CHAK, KHAJPURA, PATNA, PHULWARI, बिहार	all_current_passes	no_key_intersection_or_cap
S1-314795590	S3-146377612	S3	India	Anand Producer Private Limited	आनंद प्रोड्यूसर प्राइवेट लिमिटेड	Flat No-202, Shiva Palace, Garbhu Chak, Khajpura, Phulwari, Patna, Bihar	No 156 Flat No-202, Shiva Palace, Garbhu Chak, Khajpura, Phulwari, Patna, बिहार	all_current_passes	no_key_intersection_or_cap
S1-314795590	S3-45573383	S3	India	Anand Producer Private Limited	आनंद Producer प्राइवेट लिमिटेड	Flat No-202, Shiva Palace, Garbhu Chak, Khajpura, Phulwari, Patna, Bihar	156 Flat No-202, Phulwari, Shiva Palace, Garbhu Chak, Khajpura, Patna, BR	all_current_passes	no_key_intersection_or_cap
S1-51852812	S2-840783131	S2	US	Urgent Care Strategic Associates LLC	Urgent Care Straeagic Associates LLC	545 Fm 250, Hughes Springs, TX	545A FM 250, TX, HUGHES SPRINGS	all_current_passes	no_key_intersection_or_cap
S1-51852812	S2-863207395	S2	US	Urgent Care Strategic Associates LLC	URGENT CARE STRATEGIC STRATEGIC ASSOCIATES (L.L.C.)	545 Fm 250, Hughes Springs, TX	545A FM 250, HUGHES SPRINGS, TX	all_current_passes	no_key_intersection_or_cap
S1-51852812	S3-389576650	S3	US	Urgent Care Strategic Associates LLC	Urgent Strategic Associates LLC Service	545 Fm 250, Hughes Springs, TX	545 Fm 250, Hughes Springs, Texas	all_current_passes	no_key_intersection_or_cap
S1-387635984	S2-145355448	S2	India	Modern Care Private Limited	मॉडर्न केयर प्राइवेट लिमिटेड	We-115, Mohan Garden, Rama Park Road, Uttam Nagar, New Delhi, West Delhi, Delhi	PLOT 496 WE-115, NEW DELHI, Delhi	all_current_passes	no_key_intersection_or_cap
S1-421719190	S3-606362112	S3	India	Vision Impex Private Limited	विजन इम्पेक्स प्राइवेट लिमिटेड	Gala No I-23, The Broadway Premises Co-Op Society, Dr. Ambedkar Road, Dadar (E), Mumbai, Mumbai City, Maharashtra	Mumbai City, Mumbai, महाराष्ट्र, Gala No I-23/3, NULL	all_current_passes	no_key_intersection_or_cap
S1-966154514	S3-3951582	S3	US	Diversified Learning Consultants	Diversified Diversified Léarning Consultants	1899 Shookstown Road, Frederick, MD	001899 Shookstown Road, Frederick, Maryland	all_current_passes	no_key_intersection_or_cap
S1-793930167	S2-350072723	S2	India	Guru Services Private Limited	గురు సర్వీసెస్ ప్రైవేట్ లిమిటెడ్	Plot No 69, Srinivasa Nagar Colony, Nizampet, Hyderabad, Rangareddy, Telangana	PLOT NO 69, SRINIVASA NAGAR COLONY, NIZAMPET, RANGAREDDY, HYDERABAD, Telangana	all_current_passes	no_key_intersection_or_cap
S1-793930167	S3-571235065	S3	India	Guru Services Private Limited	Gurusvcprivate.Com	Plot No 69, Srinivasa Nagar Colony, Nizampet, Hyderabad, Rangareddy, Telangana	Plot No 69, Srinivasa Nagar Colony, Nizampet, Hyderabad, Rangareddy, TG	all_current_passes	no_key_intersection_or_cap
S1-11879552	S2-332133764	S2	India	IG Accumulators Private Limited	Private IG Accumulators Ltd	Warangal Urban, Kumrpally, Kumrpally, Hanamkonda, Telangana, H.No 4-7-185	H.NO #4-7-185, HANAMKONDA, తెలంగాణ, WARANGAL URBAN, KUMRPALLY, KUMRPALLY	all_current_passes	no_key_intersection_or_cap
S1-11879552	S3-154976194	S3	India	IG Accumulators Private Limited	IG Accumulators Private Ltd	Warangal Urban, Kumrpally, Kumrpally, Hanamkonda, Telangana, H.No 4-7-185	4-7-18, TG, Hanamkonda, Warangal Urban	all_current_passes	no_key_intersection_or_cap
S1-29437240	S2-353742334	S2	India	Ram Vijay It Pvt Ltd	राम विजय आईटी प्रा. लि.	B-5 &6 /4157 Vasant Kunj, New Delhi, South West Delhi, Delhi	BLOCK F-18 B-5 &6 /4157 VASANT KUNJ, NEW DELHI, DELHI NCT, दिल्ली	all_current_passes	no_key_intersection_or_cap
S1-247483556	S2-37272621	S2	India	Modern Tech Private Limited	Private Modern Tehc Limited	Ahmedabad, 8, Ahmedabad, Bhagat Estate, Nr. Galaxy Cinema Higway Naroda Road, Gujarat	8, AHMEDABAD, ગુજરાત	all_current_passes	no_key_intersection_or_cap
S1-247483556	S2-725277276	S2	India	Modern Tech Private Limited	મોડર્ન ટેક પ્રાઇવેટ લિમિટેડ	Ahmedabad, 8, Ahmedabad, Bhagat Estate, Nr. Galaxy Cinema Higway Naroda Road, Gujarat	8, AHMEDABAD, Gujarat	all_current_passes	no_key_intersection_or_cap
S1-247483556	S2-859458159	S2	India	Modern Tech Private Limited	મોડર્ન ટેક પ્રાઇવેટ લિમિટેડ	Ahmedabad, 8, Ahmedabad, Bhagat Estate, Nr. Galaxy Cinema Higway Naroda Road, Gujarat	8, AHMEDABAD, BHAGAT ESTATE, NR. GALAXY CINEMA HIGWAY NARODA ROAD, Gujarat	all_current_passes	no_key_intersection_or_cap
S1-247483556	S2-851375702	S2	India	Modern Tech Private Limited	મોડર્ન ટેક પ્રાઇવેટ લિમિટેડ	Ahmedabad, 8, Ahmedabad, Bhagat Estate, Nr. Galaxy Cinema Higway Naroda Road, Gujarat	Gujarat, AHMEDABAD, BHAGAT ESTATE, NR. GALAXY CINEMA HIGWAY NARODA ROAD, 8	all_current_passes	no_key_intersection_or_cap
S1-247483556	S3-522767794	S3	India	Modern Tech Private Limited	મોડર્ન ટેક પ્રાઇવેટ લિમિટેડ	Ahmedabad, 8, Ahmedabad, Bhagat Estate, Nr. Galaxy Cinema Higway Naroda Road, Gujarat	8, Bhagat Estate, Nr. Galaxy Cinema Higway Naroda Road, Ahmedabad Hq Region, Ahmedabad, ગુજરાત	all_current_passes	no_key_intersection_or_cap
S1-858726052	S3-743049694	S3	India	Namratha Academy Private Limited	Brixquo D.B.A. Namratha Academy Private Limited	No. 1, Chappra Building, Opp. Shri Cine Sound Studio, Madhavdas Pasta Road, Dadar (E), Mumbai, Mumbai City, Maharashtra	No. 1, Chappra Building, Opp. Shri Cine Sound Studio, Madhavdas Pasta Road, Dadar (E), Mumbai, Mumbai City, Maharashtra	all_current_passes	no_key_intersection_or_cap
S1-992948371	S3-104584922	S3	India	Life Global Private Limited	Private Life Gl0bal Limited	H.No.16-11-469/29, Flat No.3, Moosarambagh, Dilsukh Nagar, Hyderabad, Telangana	H.no 16-11-469/29, Flat No.3, Moosarambagh, Dilsukh Nagar, Hyderabad, తెలంగాణ	all_current_passes	no_key_intersection_or_cap
S1-992948371	S3-951786404	S3	India	Life Global Private Limited	లైఫ్ గ్లోబల్ ప్రైవేట్ లిమిటెడ్	H.No.16-11-469/29, Flat No.3, Moosarambagh, Dilsukh Nagar, Hyderabad, Telangana	H.no.16-11-469/29, Flat No.3, Moosarambagh, Dilsukh Nagar, Hyderabad, TG	all_current_passes	no_key_intersection_or_cap
S1-952564053	S2-366607120	S2	India	Sree Media Private Limited	ಶ್ರೀ ಮೀಡಿಯಾ ಪ್ರೈವೇಟ್ ಲಿಮಿಟೆಡ್	Near Bustand, Opp Bannur Petrol Bunk, Badami, Bagalkot, Karnataka	#105 NEAR BUSTAND, BADAMI, BAGALKOT, Karnataka	all_current_passes	no_key_intersection_or_cap
S1-952564053	S2-181023344	S2	India	Sree Media Private Limited	ಶ್ರೀ ಮೀಡಿಯಾ ಪ್ರೈವೇಟ್ ಲಿಮಿಟೆಡ್	Near Bustand, Opp Bannur Petrol Bunk, Badami, Bagalkot, Karnataka	NO 105 NEAR BUSTAND, BADAMI, BAGALKOT, ಕರ್ನಾಟಕ	all_current_passes	no_key_intersection_or_cap
S1-952564053	S2-955148962	S2	India	Sree Media Private Limited	ಶ್ರೀ ಮೀಡಿಯಾ ಪ್ರೈವೇಟ್ ಲಿಮಿಟೆಡ್	Near Bustand, Opp Bannur Petrol Bunk, Badami, Bagalkot, Karnataka	#105 NEAR BUSTAND, OPP BANNUR PETROL BUNK, BAGALKOT, BADAMI, ಕರ್ನಾಟಕ	all_current_passes	no_key_intersection_or_cap
S1-952564053	S3-605071681	S3	India	Sree Media Private Limited	ಶ್ರೀ ಮೀಡಿಯಾ ಪ್ರೈವೇಟ್ ಲಿಮಿಟೆಡ್	Near Bustand, Opp Bannur Petrol Bunk, Badami, Bagalkot, Karnataka	Near Bnstand, Bagalkote, Bagalkot, KA	all_current_passes	no_key_intersection_or_cap
S1-438349475	S3-149467645	S3	US	Foster Sterling Costamare	Foster 5terling Costamare	2903 Cane Creek Ch Road, Mcgrady, NC	Cane Creek Ch Road, Mcgrady, North Carolina	all_current_passes	no_key_intersection_or_cap
S1-558156533	S2-981276938	S2	US	Buis Wells	BUIS SERVICES	545 Lincoln Street, OH, Kent	LINCOLN STREET, KENT, OH	all_current_passes	no_key_intersection_or_cap
S1-829743661	S2-413541912	S2	US	Sparks Xii LLC	spárksxii.com	703 1/2 New Road, Raleigh, NC	NEW RD, RALEIGH, NC	all_current_passes	no_key_intersection_or_cap
S1-829743661	S3-326111194	S3	US	Sparks Xii LLC	Sparks LLC Center	703 1/2 New Road, Raleigh, NC		all_current_passes	no_key_intersection_or_cap
S1-106581142	S3-51885886	S3	India	Green College	Lyraonyx	Door No.26/281, Sadhoo Company Road, No.55 Kra, Ondenparamb, Kannur, Kerala	26/281, Kannur, Keralam	all_current_passes	no_key_intersection_or_cap
S1-99545264	S2-747316437	S2	India	Digital Infra Limited	ಡಿಜಿಟಲ್ ಇನ್‌ಫ್ರಾ ಲಿಮಿಟೆಡ್	No 3/A, 3Rd Cross, Adityanagar, 1St Stg, Chick Beettahalli, Vidyaranyapura, Bangalore, Karnataka	NO B3/3/A, 3RD CROSS, ADITYANAGAR, 1ST STG, CHICK BEETTAHALLI, VIDYARANYAPURA, BANGALORE, Karnataka	all_current_passes	no_key_intersection_or_cap
S1-99545264	S3-758264499	S3	India	Digital Infra Limited	ಡಿಜಿಟಲ್ ಇನ್‌ಫ್ರಾ ಲಿಮಿಟೆಡ್	No 3/A, 3Rd Cross, Adityanagar, 1St Stg, Chick Beettahalli, Vidyaranyapura, Bangalore, Karnataka	No 4/A, Bangalore, KA	all_current_passes	no_key_intersection_or_cap
S1-270152595	S3-931890196	S3	US	Ellard, Williams & Moore Storage Inc.	williamsellard.com	New Market, 10739 Lake Edge Court, MD	10739 Lake Edge Court, New Market, Maryland	all_current_passes	no_key_intersection_or_cap
S1-254770034	S2-917774561	S2	India	New Projects Private Limited	New Limited Private Projects	Kh. No. 90/24/2 Ground Floor, Om Godown, 100Ft Road, Ghitorni, New Delhi, South West Delhi, Delhi	Delhi, KH. NO. 90/24/ GROUND FLOOR, OM GDOWN, 100FT ROAD, GHITORNI, NEW DELHI	all_current_passes	no_key_intersection_or_cap
S1-719078259	S2-391162288	S2	India	XHY Leasing	Vantageriza	Dombivli (East), Thane, Shop No.2, Maharashtra, Ground Floor, Lord House Co-Op-Soc.Ltd, Rajaji Path Road	THANE, NO D/2, महाराष्ट्र, DOMBIVLI (EAST)	all_current_passes	no_key_intersection_or_cap
S1-719078259	S3-576323753	S3	India	XHY Leasing	Onyxonyx Labs	Dombivli (East), Thane, Shop No.2, Maharashtra, Ground Floor, Lord House Co-Op-Soc.Ltd, Rajaji Path Road	Shop No.2, Ground Floor, Lord House Co-Op-Soc.Ltd, Rajaji Path Road, Dombivli (East), Thane, Maharashtra	all_current_passes	no_key_intersection_or_cap
S1-324585018	S2-74412792	S2	India	Peace Infrastructure Limited	Mr @peaceinfrastructure	House No 1565 Shop No 71, Jadiyon Ka Rasta Opp. Sbi, Jaipur, Rajasthan	HOUSE NO 1565 SHOP NO 71, JADIYON KA RASTA OPP. SBI, JAIPUR, Rajasthan	all_current_passes	no_key_intersection_or_cap
S1-324585018	S3-740156387	S3	India	Peace Infrastructure Limited	PI	House No 1565 Shop No 71, Jadiyon Ka Rasta Opp. Sbi, Jaipur, Rajasthan	House No 1565 Shop No 71, Jadiyon Ka Rasta Opp. Sbi, Jaipur, Rajasthan	all_current_passes	no_key_intersection_or_cap
S1-541158286	S2-360023070	S2	India	New Estate Pvt Ltd	ನ್ಯೂ ಎಸ್ಟೇಟ್ ಪ್ರೈವೇಟ್ ಲಿಮಿಟೆಡ್	No. 1089, Karnataka, 4Th Floor, 5Th Cross, 8Th Main, Bangalore North, Bangalore	NO. 108, 4TH FLOOR, 5TH CROSS, 8TH MAIN, BANGALORE NORTH, BANGALORE, Karnataka	all_current_passes	no_key_intersection_or_cap
S1-541158286	S2-373839503	S2	India	New Estate Pvt Ltd	newestate.com	No. 1089, Karnataka, 4Th Floor, 5Th Cross, 8Th Main, Bangalore North, Bangalore	NO. 108 , 4TH FLOOR, 5TH CROSS, 8TH MAIN, BANGALORE NORTH, ಕರ್ನಾಟಕ	all_current_passes	no_key_intersection_or_cap
S1-541158286	S2-860758359	S2	India	New Estate Pvt Ltd	ನ್ಯೂ Estate Pvt Ltd	No. 1089, Karnataka, 4Th Floor, 5Th Cross, 8Th Main, Bangalore North, Bangalore	H.NO 108, 4TH FLOOR, 5TH CROSS, 8TH MAIN, BANGALORE NORTH, BANGALORE, Karnataka	all_current_passes	no_key_intersection_or_cap
S1-533233593	S2-442878082	S2	India	White Developers Pvt Ltd	व्हाइट डेवलपर्स प्रा. लि.	139, Ward No. 11, Vikash Nagar, Near Raja Lakhan Baba Mandir, Sonbhadra, Uttar Pradesh	NO. 542. 139, SONBHADRA, ROBERTSGANJ, उत्तर प्रदेश	all_current_passes	no_key_intersection_or_cap
S1-533233593	S3-362117116	S3	India	White Developers Pvt Ltd	व्हाइट डेवलपर्स प्रा. लि.	139, Ward No. 11, Vikash Nagar, Near Raja Lakhan Baba Mandir, Sonbhadra, Uttar Pradesh	Sonbhadra, Ward No. 11, Vikash Nagar, Near Raja Lakhan Baba Mandir, 139, UP	all_current_passes	no_key_intersection_or_cap
S1-222737969	S2-660539541	S2	India	Jay Logistics Private Limited	Shri Jay Logistics Limited Center	58 E Elgin Road, Civil Lines, Allahabad, Uttar Pradesh	DOOR NO 58 E ELGIN ROAD, CIVIL LINES, ALLAHABAD, Uttar Pradesh	all_current_passes	no_key_intersection_or_cap
S1-222737969	S3-162659316	S3	India	Jay Logistics Private Limited	जय लॉजिस्टिक्स प्राइवेट लिमिटेड	58 E Elgin Road, Civil Lines, Allahabad, Uttar Pradesh	No 58 E Elgin Road, Civil Lines, Prayagraj, Allahabad, UP	all_current_passes	no_key_intersection_or_cap
S1-222737969	S3-803680879	S3	India	Jay Logistics Private Limited	Sri Jay Private Limited Services	58 E Elgin Road, Civil Lines, Allahabad, Uttar Pradesh	Door No 58 E Elgin Road, Allahabad, UP, Civil Lines, Prayagraj	all_current_passes	no_key_intersection_or_cap
S1-351961485	S2-86133459	S2	India	White Infrastructure Pvt Ltd	व्हाइट इंफ्रास्ट्रक्चर प्रा. लि.	Office-No-207, Marathon Monte Plaza, Madan Mohan Mamumbai, Mumbai, Mumbai City, Maharashtra	OFFICE-NO207, MUMBAI, MUMBAI CITY, Maharashtra	all_current_passes	no_key_intersection_or_cap
S1-351961485	S2-521480213	S2	India	White Infrastructure Pvt Ltd	White Ltd Pvt Infrastructure - 1061209938	Office-No-207, Marathon Monte Plaza, Madan Mohan Mamumbai, Mumbai, Mumbai City, Maharashtra	Maharashtra, OFFICE-NO-207, MARATHON MONTE PLAZA, MADAN MOHAN MAMUMBAI, MUMBAI	all_current_passes	no_key_intersection_or_cap
S1-351961485	S3-783457347	S3	India	White Infrastructure Pvt Ltd	White lnfrastructure Pvt Ltd.	Office-No-207, Marathon Monte Plaza, Madan Mohan Mamumbai, Mumbai, Mumbai City, Maharashtra	Office-no-20, Marathon Monte Plaza, Madan Mohan Mamumbai, Mumbai, Bhandup, MH	all_current_passes	no_key_intersection_or_cap
S1-351961485	S3-22610069	S3	India	White Infrastructure Pvt Ltd	Arianovi	Office-No-207, Marathon Monte Plaza, Madan Mohan Mamumbai, Mumbai, Mumbai City, Maharashtra	Ofifce-no-20, Mumbai, Bhandup, MH	all_current_passes	no_key_intersection_or_cap
S1-846707301	S3-123052323	S3	US	Pena Fresh Sony Inc	Pena Frosh Sony Inc	1009 Fairground Road, Celina, OH	001009 Fairground Road, Celina DP, Ohio	all_current_passes	no_key_intersection_or_cap
S1-678996676	S3-389122182	S3	US	Noami Oberle Vornado Inc	Noami Orhberel Vornado Inc	845 Broadway Street, Tecumseh, OK	00845 Broadway Street, Tecumseh, Oklahoma	all_current_passes	no_key_intersection_or_cap
S1-580220633	S2-410543484	S2	India	Apex Marketing Limited	ಅಪೆಕ್ಸ್ ಮಾರ್ಕೆಟಿಂಗ್ ಲಿಮಿಟೆಡ್	No 130/1/B Hanumanthe Gowda Compound Post Immadihalli Whitefeild, Bangalore, Karnataka	NO 129/1/B HANUMANTHE GOWDA COMPOUND POST IMMADIHALLI WHITEFEILD, BANGALORE, Karnataka	all_current_passes	no_key_intersection_or_cap
S1-502145428	S3-426683603	S3	US	YD Ramaco LLP	Avidrex	1450 Germann Road, Unit 3126, Chandler, AZ	Germann Rd, Chandler, Arizona	all_current_passes	no_key_intersection_or_cap
S1-972740501	S3-564094781	S3	India	Cocktail & Sons Pvt. Ltd.	Pvt. Cocktail & Sons Ltd.	801, Binori Moneta, Nr. Sandesh Press, Opp. Milan Park, Vastrapur, Ahmedabad, Gujarat	Ahmedabad, GJ, 0801, Vastrapur	all_current_passes	no_key_intersection_or_cap
S1-999562392	S2-703276752	S2	US	Cortney's Grand Consulting	C0RTNEY'S GRAND [CONSULTING]	MN, 3937 26th Avenue, Minneapolis	3937-C 26TH AVENUE, MINNEAPOLIS, MN	all_current_passes	no_key_intersection_or_cap
S1-724409352	S2-642539106	S2	US	Valeda Guthrie, D.C., PC	VALEDA GUTHRlE, D.C., PC	3600 Kinkead Avenue, Unit Apt 127, Fort Smith, AR	003600 KINKEAD AVENUE, FORT SMITH, AR	all_current_passes	no_key_intersection_or_cap
S1-724409352	S2-158873634	S2	US	Valeda Guthrie, D.C., PC	DCVALEDAGUTHRIE.COM	3600 Kinkead Avenue, Unit Apt 127, Fort Smith, AR	AR, FORT SMITH, 3588 KINKEAD AVE	all_current_passes	no_key_intersection_or_cap
S1-336856977	S3-969438764	S3	India	Thirumala Technologies LLP	Smt Thirumala Technologies (LLP)	Ft10/17Jai Shree Dhan Chs Bangur Nagar Mg Road, Goregoan, Mumbai City, Maharashtra	Door No 54 Ft10/17jai Shree Dhan Chs Bangur Nagar Mg Road, Mumbai City, महाराष्ट्र	all_current_passes	no_key_intersection_or_cap
S1-890744498	S2-170436872	S2	India	Lucknow (madras) Limited	lucknowmadras.com	25-B, First Floor, Ashok Marg, Sikander Bagh Crossing, Hazratganj, Lucknow, Uttar Pradesh	उत्तर प्रदेश, NO G-259 25-B, FIRST FLOOR, ASHOK MARG, SIKANDER BAGH CROSSING, HAZRATGANJ, LUCKNOW	all_current_passes	no_key_intersection_or_cap
S1-277466107	S2-354413048	S2	India	Sustain Foundation	SUSTAIN CENTER	Plot No. B 80 And 81, Apie Balanagar, Hyderabad, Telangana	PLOT G-987 PLOT NO. B 80 AND 81, APIE BALANAGAR, Telangana	all_current_passes	no_key_intersection_or_cap
S1-277466107	S3-900246106	S3	India	Sustain Foundation	Sustain  Founhdatoin	Plot No. B 80 And 81, Apie Balanagar, Hyderabad, Telangana	Plot No. B 80/7 And 81, Apie Balanagar, Hyderabad, తెలంగాణ	all_current_passes	no_key_intersection_or_cap
S1-825774567	S3-962279543	S3	India	Big Constructions Private Limited	ಬಿಗ್ ಕನ್‌ಸ್ಟ್ರಕ್ಷನ್ಸ್ ಪ್ರೈವೇಟ್ ಲಿಮಿಟೆಡ್	A1, Super Pramod Residency, 289, 5Th Main, Mallesh Palya, Near National Center For Excellen, Ce School, Bangalore, Karnataka	A5-1, Bangalore, KA	all_current_passes	no_key_intersection_or_cap
S1-88033652	S2-873236120	S2	US	Geis Viii LLC	Geis Vti LLC	4518 M, Brooklyn, NY	4518B M, BROOKLYN, NY	all_current_passes	no_key_intersection_or_cap
S1-88033652	S3-524849033	S3	US	Geis Viii LLC	Geis Vi LLC	4518 M, Brooklyn, NY	518 M, Brooklyn, New York	all_current_passes	no_key_intersection_or_cap
S1-88033652	S3-53494941	S3	US	Geis Viii LLC	Geis Vffri LLC	4518 M, Brooklyn, NY	M, Brooklyn, New York	all_current_passes	no_key_intersection_or_cap
S1-760230753	S3-882750732	S3	India	Winsome (India) Services Pvt. Ltd.	Winsome (Irtai) Services Pvt. Ltd.	Door No.3/144, Ponkunnam.P.O Cheppumpara, Kanjirappally, Kottayam, Kerala	3/144, Ponkunnam.p.o Cheppumpara, Kanjirappally, Kottayam, KL	all_current_passes	no_key_intersection_or_cap
S1-421597533	S3-123006873	S3	US	Cascade Fund	Cascade [Ffbfnd]	35840 Chester Road, Unit STE C, Avon, OH	Chester Rd, # STE C, Avon, Ohio	all_current_passes	no_key_intersection_or_cap
S1-633320314	S2-544784753	S2	India	Samson Trading Private Limited	Samson Private Limited Center	Plot No: 137, H No :11-11-186, Sowbhagyapuram Road No 2, Near Rk Puram, Saroor Nagar, Hyderabad, Telangana	PLOT NO: 137, H NO :11-11-186, SOWBHAGYAPURAM ROD NO 2, NEAR RK PURAM, SAROOR NAGAR, తెలంగాణ	all_current_passes	no_key_intersection_or_cap
S1-633320314	S3-963044610	S3	India	Samson Trading Private Limited	Sri Samson Tfaaifng Private Limited	Plot No: 137, H No :11-11-186, Sowbhagyapuram Road No 2, Near Rk Puram, Saroor Nagar, Hyderabad, Telangana	Plot No: 00137, H No :11-11-186, Sowbhagyapuram Road No 2, Near Rk Puram, Hyderabad, Saroor Nagar, TG	all_current_passes	no_key_intersection_or_cap
S1-633320314	S3-920816304	S3	India	Samson Trading Private Limited	samsontrading.com	Plot No: 137, H No :11-11-186, Sowbhagyapuram Road No 2, Near Rk Puram, Saroor Nagar, Hyderabad, Telangana	Plot No: 00137, H No :11-11-186, Sowbhagyapuram Road No 2, Near Rk Puram, Hyderabad, TG	all_current_passes	no_key_intersection_or_cap
S1-785816725	S2-455055134	S2	India	Sarkar Centre Private Limited	sarkarcentre.com	276, Maya Nagar, Ludhiana, Punjab	C-276, MAYA NAGAR, Punjab	all_current_passes	no_key_intersection_or_cap
S1-426004727	S3-550227127	S3	US	Rye Brook Wildlife Certified Institute	ryebrookwildlife.com	Rye Brook, NY, 1 Rock Ridge Drive	1 Rock Ridge Dr, Rye Brook, New York	all_current_passes	no_key_intersection_or_cap
S1-426004727	S3-727664609	S3	US	Rye Brook Wildlife Certified Institute	Ryebrookwildlife.Com	Rye Brook, NY, 1 Rock Ridge Drive	Rock Ridge Dr, Rye Brook, New York	all_current_passes	no_key_intersection_or_cap
S1-671649103	S2-644884437	S2	US	Regional Association	Regi0nal Ássociation Ássociation	4265 66, Cannelton, IN	66, CANNLETON, IN	all_current_passes	no_key_intersection_or_cap
S1-715686994	S3-22005501	S3	US	Tri-State Premier Abrdn PC	Tri-State-Premier PC Center	18015 Double Bay Road, Cypress, TX	Cypress, Texas, 18015 Double Bay Rd	all_current_passes	no_key_intersection_or_cap
S1-512261431	S3-572191792	S3	US	Roberts Titan Inc	robertstitan.com	13834 Willowtwist Street, Houston, TX	13834-A Willowtwist Street, N/A, Houston, Texas	all_current_passes	no_key_intersection_or_cap
S1-749692252	S2-309370141	S2	India	Ace Tech Pvt Ltd	Smt Ace Tlh Pvt Ltd	Tirunelveli, Tamil Nadu, 7A, Tirunelveli, East Bus Stand Street Kalakad	7A, EAST BUS STAND STREET KALAKAD, TIRUNELVELI, Tamil Nadu	all_current_passes	no_key_intersection_or_cap
S1-54837888	S2-551398865	S2	India	Suprabhat Edge Pvt Ltd	-- Suprabhat Pvt Ltd Partners	H No 39, D No 102 20Th C Cross Extension, Ejipura, Vivek N, Agar Post, Bangalore, Karnataka	#39, BANGALORE, Karnataka	all_current_passes	no_key_intersection_or_cap
S1-54837888	S3-449810375	S3	India	Suprabhat Edge Pvt Ltd	Pvt Suprabhat Ednrdge Ltd	H No 39, D No 102 20Th C Cross Extension, Ejipura, Vivek N, Agar Post, Bangalore, Karnataka	#39, D No 102 20Th C Cross Extension, Ejipura, Vivek N, Agar Post, Bangalore, Hoskote, KA	all_current_passes	no_key_intersection_or_cap
S1-54837888	S3-281428881	S3	India	Suprabhat Edge Pvt Ltd	Pyrawexzeph Labs aka Suprabhat Edge Pvt Ltd	H No 39, D No 102 20Th C Cross Extension, Ejipura, Vivek N, Agar Post, Bangalore, Karnataka	H No 39, D No 102 20Th C Cross Extension, Ejipura, Vivek N, Agar Post, Bangalore, Karnataka	all_current_passes	no_key_intersection_or_cap
S1-957070732	S3-107747562	S3	US	Hyacinthe's Bright Hospitality LLC	brighthyacintheshospitality.com	IL, Carbon Hill, 625 Holcomb Street	625 Holcomb Street, Carbon Hill, Illinois	all_current_passes	no_key_intersection_or_cap
S1-517036175	S3-209265199	S3	India	Big Systems	8ig Systems Corporation	Dsm 511, Dlf Tower, 15 Shivaji Marg, Najafgarh Road, Moti Nagar, New Delhi, West Delhi, Delhi	West Delhi, Dsm 511, दिल्ली, Dlf Tower, 15 Shivaji Marg, Najafgarh Road, Moti Nagar	all_current_passes	no_key_intersection_or_cap
S1-247777402	S2-438820031	S2	India	Farms Internet Private Limited	Private Farms Internet Limited	Dinapur-Cum-Khagaul, Bihar, Atalpath, Near Gangaviharcolony, C/Osanjivansinha, Patna	C/OSANJIVANSINHA, ATALPATH, NEAR GANGAVIHARCOLONY, DINAPUR-CUM-KHAGAUL, PATNA, बिहार	all_current_passes	no_key_intersection_or_cap
S1-247777402	S2-149126284	S2	India	Farms Internet Private Limited	PRIVATE FARMS LNTERNET LÍMITED	Dinapur-Cum-Khagaul, Bihar, Atalpath, Near Gangaviharcolony, C/Osanjivansinha, Patna	C/OSANJIVANSINHA, ATALPATH, NEAR GANGAVIHARCOLONY, DINAPUR-CUM-KHAGAUL, PATNA, Bihar	all_current_passes	no_key_intersection_or_cap
S1-247777402	S3-129814908	S3	India	Farms Internet Private Limited	@fármsinternet	Dinapur-Cum-Khagaul, Bihar, Atalpath, Near Gangaviharcolony, C/Osanjivansinha, Patna	C/osanjivansinha, Patna, Dinapur-cum-khagaul, BR, Atalpath, Near Gangaviharcolony	all_current_passes	no_key_intersection_or_cap
S1-364353446	S2-709025947	S2	US	Pediatric Signature Clinic	PEDIATRICSIGNATURECLINIC.COM	MA, Unit 20, Dracut, 130 Skyline Drive	#130 SKYLINE DRIVE, MA, DRACUT	all_current_passes	no_key_intersection_or_cap
S1-506467002	S2-158759175	S2	US	Thomson Companies	THE THOMSON COMPANIES	TN, 113 Summit Drive, Jamestown	#113 SUMMIT DR, JAMESTOWN, TN	all_current_passes	no_key_intersection_or_cap
S1-506467002	S3-545749770	S3	US	Thomson Companies	Thomson Cóampamies	TN, 113 Summit Drive, Jamestown	Tennessee, Summit Drive, Jamestown	all_current_passes	no_key_intersection_or_cap
S1-960007747	S2-411338412	S2	India	Supreme Constructions	súpremeconstructions.com	C-39, Sector-58, Noida, Gautam Buddha Nagar, Uttar Pradesh	C-4-39, SECTOR-58, NOIDA, Uttar Pradesh	all_current_passes	no_key_intersection_or_cap
S1-35463446	S2-648645312	S2	India	Kb Charitable Trust	Kb Charitable Services	Andhra Pradesh, Flat No.308, Koneruramalingaiahresidency Opp: Jbs Badminton Academy, New Rtc Colo, Ny, 74-18-7/4A, Vijayawada, Krishna	074-18-7/4A, FLAT NO.308, KONERURAMALINGAIAHRESIDENCY OPP: JBS BADMINTON ACADEMY, NEW RTC COLO, NY, VIJAYAWADA, Andhra Pradesh	all_current_passes	no_key_intersection_or_cap
S1-588118478	S3-468775048	S3	India	Roadways Aim Ltd	Orbikor	Flat No.D-202, Sr.No.3/6/1, Swami Chyya, Nr Yashashri Colony, Karven, Agar, Pune, Maharashtra	Flat No.D-202, Sr.No.3/6/1, Swami Chyya, Nr Yashashri Colony, Karven, Agar, Pune, Maharashtra	all_current_passes	no_key_intersection_or_cap
S1-548318748	S2-513537252	S2	India	Arihant Big Management Limited	અરિહંત બિગ મેનેજમેન્ટ લિમિટેડ	Tf-301 Satva Avenue Sama Savli Road Sama, Vadodara, Gujarat	NO 815 TF-301 SATVA AVENUE SAMA SAVLI ROAD SAMA, VADODARA, ગુજરાત	all_current_passes	no_key_intersection_or_cap
S1-501147825	S2-427542111	S2	India	New Marketing Corporation	NEW MHSATEONG CORPORATION	Manasa, H No14Jivannagar, Near Carmel Conventschool, Wardno13, Madhya Pradesh, Neemuch	WARDNO13, H NO14JIVANNAGAR, NEAR CARMEL CONVENTSCHOOL, MANASA, मध्य प्रदेश	all_current_passes	no_key_intersection_or_cap
S1-963030799	S2-611887822	S2	India	Val Investment Private Limited	Va1 Private Investment Limited	Pl.No.S.-1, Shop No.-05, Dlf Ankur Vihar, Ghaziabad, Uttar Pradesh	PLOT 705 PL.NO.S.-1, SHOP NO.-05, DLF ANKUR VIHAR, GHAZIABAD, BAGHPAT, Uttar Pradesh	all_current_passes	no_key_intersection_or_cap
S1-963030799	S2-605036128	S2	India	Val Investment Private Limited	Private Val Investment Ltd	Pl.No.S.-1, Shop No.-05, Dlf Ankur Vihar, Ghaziabad, Uttar Pradesh	PLOT 705 PL.NO.S.-1, SHOP NO.-05, DLF ANKUR VIHAR, GHAZIABAD, BAGHPAT, Uttar Pradesh	all_current_passes	no_key_intersection_or_cap
S1-219414496	S3-954638203	S3	India	FV Housing Limited	Quonovisol Labs dba FV Housing Limited	Maharashtra, K-506 Megacentre, Hadpsar, Pune, Megacentre, Pune	Megacentre, K-506 Megacentre, Hadpsar, Pune, Maharashtra	all_current_passes	no_key_intersection_or_cap
S1-993609628	S2-543100500	S2	US	D/U Brc LLC	dubrc.com	Washington, Unit 2308, 3199 8th Street, DC	3199  8nd Street, WASHINGTON, DC	all_current_passes	no_key_intersection_or_cap
S1-993609628	S3-106162052	S3	US	D/U Brc LLC	Drexwex DBA D/U Brc LLC	Washington, Unit 2308, 3199 8th Street, DC	3199 8th Street, Unit 2308, Washington, DC	all_current_passes	no_key_intersection_or_cap
S1-557536631	S2-790788043	S2	US	National Intelligence Works Inc	NIWORKS.COM	Woodbridge, 117 Ansonia Road, CT	117 ANSONIA RD, WOODBRIDGE, CT	all_current_passes	no_key_intersection_or_cap
S1-682013149	S3-242094552	S3	India	Seven Properties Limited	सेवन प्रॉपर्टीज लिमिटेड	103 Brindawan Chs Ltd Powai Adi Shakaracharya Marg Opp Iit Main Gate, Mumbai, Mumbai City, Maharashtra	No 103 Brindawan Chs Ltd Powai Adi Shakaracharya Marg Opp Iit Main Gate, Mumbai, Mumbai City, MH	all_current_passes	no_key_intersection_or_cap
S1-263818576	S2-383146257	S2	US	Kylila's Golden Agriculture	Kylila's Agriculture Services	732 County Rd 62, Riceville, TN		all_current_passes	no_key_intersection_or_cap
S1-250703624	S2-144364980	S2	US	Behavioral Health Heartland Center-Dyer	BEHAVIORAL HEALTH HEIARTLMD CENTER-DYER	525 Hillside Drive, Dyer, IN	525 1/2 HILLSIDE DRIVE, DYER, IN	all_current_passes	no_key_intersection_or_cap
S1-250703624	S2-249529752	S2	US	Behavioral Health Heartland Center-Dyer	Behavioral Health Heartland	525 Hillside Drive, Dyer, IN	525 1/2 HILLSIDE DR, DYER, IN	all_current_passes	no_key_intersection_or_cap
S1-250703624	S2-698358405	S2	US	Behavioral Health Heartland Center-Dyer	Behavioral Health	525 Hillside Drive, Dyer, IN	525 1/2 HILLSIDE DRIVE, DYER, IN	all_current_passes	no_key_intersection_or_cap
S1-250703624	S2-214630612	S2	US	Behavioral Health Heartland Center-Dyer	behavioralhealthheartland.com	525 Hillside Drive, Dyer, IN	525 1/2 HILLSIDE DRIVE, DYER, IN	all_current_passes	no_key_intersection_or_cap
S1-250703624	S3-898725232	S3	US	Behavioral Health Heartland Center-Dyer	Behavioralhealthheartland.Com	525 Hillside Drive, Dyer, IN	##525 Hillside Dr, Dyeer, Indiana	all_current_passes	no_key_intersection_or_cap
S1-816341434	S2-944569367	S2	US	Fiify	FRYF	175 Sportsman Drive, Salisbury, NC	SALISBURY, 175 SPORTSMAN DR, NC	all_current_passes	no_key_intersection_or_cap
S1-11943632	S3-650791697	S3	US	Walker Secure Couriers LLC	The Walker Secure Couriers LLC	331 Highland Street, Annandale, MN	331 Highlnd Street, PO Box 5635, Annandle CDP, Minnesota	all_current_passes	no_key_intersection_or_cap
S1-314561800	S2-710940398	S2	India	Baba Dynamic Hospitality Private Limited	ಬಾಬಾ ಡೈನಾಮಿಕ್ ಹಾಸ್ಪಿಟಾಲಿಟಿ ಪ್ರೈವೇಟ್ ಲಿಮಿಟೆಡ್	Sy No 72 Kinnal Road Ramachandra Rao Police Colony Bhagyanagar Koppal, Koppal, Karnataka	KOPPAL, ಕರ್ನಾಟಕ, SY NO 72 KINNAL ROAD RAMACHANDRA RAO POLICE COLONY BHAGYANAGAR KOPPAL	all_current_passes	no_key_intersection_or_cap
S1-314561800	S3-908144349	S3	India	Baba Dynamic Hospitality Private Limited	Baba Dhnnfmc Hospitality Private Limited	Sy No 72 Kinnal Road Ramachandra Rao Police Colony Bhagyanagar Koppal, Koppal, Karnataka		all_current_passes	no_key_intersection_or_cap
S1-481561290	S2-600007111	S2	India	Life Consultants Pvt Ltd	લાઇફ કન્સલ્ટન્ટ્સ પ્રા. લિ.	Plot No 201/15 Gidc Panoli, Panoli, Anklesvar, Bharuch, Gujarat	ANKLESVAR, NO C-201/15 GIDC PANOLI, ગુજરાત, BHARUCH	all_current_passes	no_key_intersection_or_cap
S1-481561290	S3-744226154	S3	India	Life Consultants Pvt Ltd	લાઇફ કન્સલ્ટન્ટ્સ પ્રા. લિ.	Plot No 201/15 Gidc Panoli, Panoli, Anklesvar, Bharuch, Gujarat	No 01/15 Gidc Panoli, Panoli, Anklesvar, Bharuch, GJ	all_current_passes	no_key_intersection_or_cap
S1-481561290	S3-836529323	S3	India	Life Consultants Pvt Ltd	Ltd Life Pvt Services	Plot No 201/15 Gidc Panoli, Panoli, Anklesvar, Bharuch, Gujarat	No 01/15 Gidc Panoli, Panoli, Anklesvar, Bharuch, ગુજરાત	all_current_passes	no_key_intersection_or_cap
S1-481561290	S3-506066418	S3	India	Life Consultants Pvt Ltd	lifeconsultants.com	Plot No 201/15 Gidc Panoli, Panoli, Anklesvar, Bharuch, Gujarat	Plot No 01/15 Gidc Panoli, Panoli, Anklesvar, Bharuch, GJ	all_current_passes	no_key_intersection_or_cap
S1-776407684	S2-333935922	S2	US	SF Property LLC	SF PROPERTY #62620	221 Celia Avenue, Boulder Creek, CA	CELIA AVE, BOULDER CREEK, CA	all_current_passes	no_key_intersection_or_cap
S1-62013228	S2-362803451	S2	India	Swastik Southern Power Private Limited	स्वस्तिक सदर्न पावर प्राइवेट लिमिटेड	C/O Banwari Lal, Near Hp Petrol Pump, Sirsa, Haryana	हरियाणा, C/O BANWARI LAL, SIRSA	all_current_passes	no_key_intersection_or_cap
S1-62013228	S3-245938099	S3	India	Swastik Southern Power Private Limited	Zephhalo fka Swastik Southern Power Private Limited	C/O Banwari Lal, Near Hp Petrol Pump, Sirsa, Haryana	C/O Banwari Lal, Near Hp Petrol Pump, Sirsa, Haryana	all_current_passes	no_key_intersection_or_cap
S1-943438421	S3-693326283	S3	US	Liberty Certified Brokerage LP	Arcfaye formerly Liberty Certified Brokerage LP	17522 Rondalla, Sahuarita, AZ	AZ, 17522 Rondalla, Sahuarita	all_current_passes	no_key_intersection_or_cap
S1-602338402	S2-109947876	S2	India	New Engineering Private Limited	न्यू इंजीनियरिंग प्राइवेट लिमिटेड	6/5, Block-6 Tilak Nagar, New Delhi, Delhi	A-6/5, NEW DELHI, Delhi	all_current_passes	no_key_intersection_or_cap
S1-602338402	S3-381699862	S3	India	New Engineering Private Limited	Private New Engineering Ltd	6/5, Block-6 Tilak Nagar, New Delhi, Delhi	5, Block-6 Tilak Nagar, New Delhi, DL	all_current_passes	no_key_intersection_or_cap
S1-602338402	S3-185406374	S3	India	New Engineering Private Limited	न्यू इंजीनियरिंग प्राइवेट लिमिटेड	6/5, Block-6 Tilak Nagar, New Delhi, Delhi	5, Block-6 Tilak Nagar, New Delhi, DL	all_current_passes	no_key_intersection_or_cap
S1-287788134	S3-415829564	S3	India	Smart Foundation	Iriavi	Office No A 708, Pl 18/19, Sec- 15, Cbd Belapur, Thane, Maharashtra	Oifice No A 708, Pl 18/19, Sec- 15, Cbd Belapur, Thane, MH	all_current_passes	no_key_intersection_or_cap
S1-71142843	S2-964683665	S2	India	Good Logistics Private Limited	गुड लॉजिस्टिक्स प्राइवेट लिमिटेड	Unit-715. B-Wing.Crystal, Plaza 7-Floor New Link Rd, Mumbai, Maharashtra	UNIT-7-15. B-WING.CRYSTAL, PLAZA 7-FLOOR NEW LINK RD, MUMBAI, Maharashtra	all_current_passes	no_key_intersection_or_cap
S1-700789055	S2-163992673	S2	US	Womens Health Federal Center	Womens Halhl Federal Center	108 Spring Street, Enfield, CT	108 SPRING ST, ENFIELD, CT	all_current_passes	no_key_intersection_or_cap
S1-700789055	S2-354559016	S2	US	Womens Health Federal Center	W0mens Health	108 Spring Street, Enfield, CT	SPRING ST, ENFIELD, CT	all_current_passes	no_key_intersection_or_cap
S1-876713446	S3-884175196	S3	US	Superior Federal Flexible Inc.	superiorfederalflexible.com	2817 Bridlewood Circle, Westfield, IN	002817 Bridlewood Circle, Westfield, Indiana	all_current_passes	no_key_intersection_or_cap
S1-876713446	S3-900248647	S3	US	Superior Federal Flexible Inc.	superiorfederalflexible.com	2817 Bridlewood Circle, Westfield, IN	002817 Bridlewood Circle, Westfield, Indiana	all_current_passes	no_key_intersection_or_cap
S1-730445935	S3-798131931	S3	India	Varanasi Solutions Associates	Mirazeph	Varanasi, Jai Durga Nagar, Kadipur, S H 16/120 A 4 Kh, Varanasi, Uttar Pradesh	S H 16/120 A 4 Kh, Varanasi, Jai Durga Nagar, Kadipur, Uttar Pradesh, Varanasi	all_current_passes	no_key_intersection_or_cap
S1-443716831	S2-694613127	S2	India	Presidency Designs Pvt. Ltd.	Pvt. Presidency Desfigrns Ltd.	Maharashtra, Mumbai, S 1 3Nd Floor Laxmi Wollenmills Estate Dr E Moses, Mumbai	PLOT 580 S 1 3ND FLOOR LAXMI WOLLENMILLS ESTATE DR E MOSES, MUMBAI, महाराष्ट्र	all_current_passes	no_key_intersection_or_cap
S1-24776474	S3-925702852	S3	India	Pioneer Infrastructure Private Limited	પાયોનિયર ઇન્ફ્રાસ્ટ્રક્ચર પ્રાઇવેટ લિમિટેડ	Office 303, Dharm Nandan, Complex, Balisheri, Rampura, Surat City, Surat, Gujarat	Office 00303, Dharm Nandan, Complex, Balisheri, Rampura, Surat City, Surat, GJ	all_current_passes	no_key_intersection_or_cap
S1-230384258	S3-864247258	S3	US	Lehr and Schneider LP	The Lehr and Schneider LP	Unit 1, Brookline, 131 Sumner Road, MA	131 Smner Road, # 1, Brookline, Massachusetts	all_current_passes	no_key_intersection_or_cap
S1-657738895	S3-221190280	S3	US	Desert Arrow, LLC	Desert LLC Services	1008 Lawson Street, Durham, NC	1009 Lawson Street, Durham, North Carolina	all_current_passes	no_key_intersection_or_cap
S1-282978369	S2-109972513	S2	India	Krishna Impex Private Limited	कृष्ण इम्पेक्स प्राइवेट लिमिटेड	Office No.2, Ground Floor, Mayfair Tower Ii, Wakdewadi, Shivaji Nagar, Pune, Maharashtra	H.NO 51 OFFICE NO.2, SHIVAJI NAGAR, PUNE, Maharashtra	all_current_passes	no_key_intersection_or_cap
S1-282978369	S2-850142693	S2	India	Krishna Impex Private Limited	कृष्ण इम्पेक्स प्राइवेट लिमिटेड	Office No.2, Ground Floor, Mayfair Tower Ii, Wakdewadi, Shivaji Nagar, Pune, Maharashtra	H.NO 51 OFFICE NO.2, GROUND FLOOR, MAYFAIR TOWER II, WAKDEWADI, SHIVAJI NAGAR, PUNE, Maharashtra	all_current_passes	no_key_intersection_or_cap
S1-17255841	S2-143083155	S2	India	Vadodara Softpro	softprovadodara.com	Zone-A/9, M. I. Estate, Bhubaneswar, Khordha, Orissa	Odisha, ZONE-A/B3/9, BHUBANESWAR, KHORDHA, M. I. ESTATE	all_current_passes	no_key_intersection_or_cap
S1-472680414	S2-131787259	S2	US	Pinnacle Wholesale Services L.L.C.	Pinnacle Whalnasale Services  L.L.C.	7000 Merrill Avenue, Unit UNIT 34, Chino, CA	CHINO TOWNSHIP, MERRILL AVE, CA	all_current_passes	no_key_intersection_or_cap
S1-757896798	S2-340735117	S2	US	Barbaraanne Stewart Berto PLLC	barbaraannestewartberto.com	139 Davison Avenue, Lynbrook, NY	139-141 DAVISON AVE, LYNBROOK, NY	all_current_passes	no_key_intersection_or_cap
S1-757896798	S3-903631032	S3	US	Barbaraanne Stewart Berto PLLC	Barbaraanne 5tewart Berto	139 Davison Avenue, Lynbrook, NY	39 Davison Ave, Lynbroo CITY, New York	all_current_passes	no_key_intersection_or_cap
S1-757896798	S3-340044857	S3	US	Barbaraanne Stewart Berto PLLC	Barbaraanne Seeawbt Berto PLLC	139 Davison Avenue, Lynbrook, NY	39 Davison Avenue, Lynbroo CITY, New York	all_current_passes	no_key_intersection_or_cap
S1-927783044	S2-754559035	S2	US	#Keva Hudson, LLC	#Keva Hhudsos, LLC	VA, Prince William County, 4118 Ashmere Circle	4118A ASHMERE CIR, PRINCE WILLIAM COUNTY, VA	all_current_passes	no_key_intersection_or_cap
S1-927783044	S2-847756036	S2	US	#Keva Hudson, LLC	#Keva #Keva Hud,sn LLC	VA, Prince William County, 4118 Ashmere Circle	4118A ASHMERE CIR, DUMFRIES, VA	all_current_passes	no_key_intersection_or_cap
S1-536639980	S2-249580828	S2	US	East Holding Inc	EH	Fairborn, OH, 1764 Cedar Village Court	01764 CEDAR VILLAGE COURT, FAIRBORN, OH	all_current_passes	no_key_intersection_or_cap
S1-43734104	S2-656630702	S2	India	Jamshedpur Holdings	Jamshedpur	H. No. 3919/F/36/C, Nit, Laynara Kamptee Ring Road, Nagpur, Maharashtra	महाराष्ट्र, H. NO. 3919/F/36/C, NIT, LAYNARA KAMPTEE RING ROAD, NAGPUR	all_current_passes	no_key_intersection_or_cap
S1-43734104	S3-924236966	S3	India	Jamshedpur Holdings	Shri Jamshedpur  Holdings	H. No. 3919/F/36/C, Nit, Laynara Kamptee Ring Road, Nagpur, Maharashtra	H. No. G-3919/f/36/c, Nit, Laynara Kamptee Ring Road, Nagpur, MH	all_current_passes	no_key_intersection_or_cap
S1-43734104	S3-742829991	S3	India	Jamshedpur Holdings	Jamshedpur	H. No. 3919/F/36/C, Nit, Laynara Kamptee Ring Road, Nagpur, Maharashtra	H. No. G-3919/f/36/c, Nit, Laynara Kamptee Ring Road, Nagpur, MH	all_current_passes	no_key_intersection_or_cap
S1-482583139	S2-800051132	S2	India	Industries Nc Biotech Pvt Ltd	INDUSTRIES NC BIOTECH PVT	Office No.-737A, Seventh Floor, Jmd Megapolis, Sector-48, Sohna Road, Gurgaon, Haryana	Haryana, OFFICE NO.-737A, SEVENTH FLOOR, JMD MEGAPOLIS, SECTOR-48, SOHNA ROAD, GURGAON	all_current_passes	no_key_intersection_or_cap
S1-482583139	S2-117784709	S2	India	Industries Nc Biotech Pvt Ltd	Industries Nc Biotceh Pvt Ltd	Office No.-737A, Seventh Floor, Jmd Megapolis, Sector-48, Sohna Road, Gurgaon, Haryana	OFFICE NO.-737A, SEVENTH FLOOR, JMD MEGAPOLIS, SECTOR-48, SOHNA ROAD, GURGAON, हरियाणा	all_current_passes	no_key_intersection_or_cap
S1-482583139	S3-861211148	S3	India	Industries Nc Biotech Pvt Ltd	Industries Nc Boitenh Pvt Ltd	Office No.-737A, Seventh Floor, Jmd Megapolis, Sector-48, Sohna Road, Gurgaon, Haryana	Ofice No.-737a, Gurugram, Gurgaon, HR	all_current_passes	no_key_intersection_or_cap
S1-111417923	S3-164363519	S3	US	Halcova Copley LLC	The Halcova Copley (LLC)	1138 Lynn Drive, Ankeny, IA		all_current_passes	no_key_intersection_or_cap
S1-182981265	S3-375928459	S3	India	Real Consulting Private Limited	रियल कंसल्टिंग प्राइवेट लिमिटेड	E-4, Dhawandeep, Jantar Mantar Road Delhi, Delhi, Central Delhi, Delhi	New Delhi Zone, Dhawandeep, Jantar Mantar Road Delhi, E-4, DL	all_current_passes	no_key_intersection_or_cap
S1-345507998	S2-346240731	S2	US	Kester Value Proem	kestervalueproem.com	48 Birch Street, Watertown, CT	46 BIRCH STREET, WATERTOWN, CT	all_current_passes	no_key_intersection_or_cap
S1-683886830	S2-31724892	S2	India	Hmv Traders Ltd	HMV TRDGESR LTD	S No 28/220, Sarada Bld, Tambri Vibhag, Jijau Chowk Barshi Naka Nr Alahabad Bank, Osmanabad, Maharashtra	S NO 28/220 , SARADA BLD, TAMBRI VIBHAG, JIJAU CHOWK BARSHI NAKA NR ALAHABAD BANK, OSMANABAD, Maharashtra	all_current_passes	no_key_intersection_or_cap
S1-683886830	S3-656427480	S3	India	Hmv Traders Ltd	Kelonovi	S No 28/220, Sarada Bld, Tambri Vibhag, Jijau Chowk Barshi Naka Nr Alahabad Bank, Osmanabad, Maharashtra	Osmanabad, महाराष्ट्र, S No 28/220	all_current_passes	no_key_intersection_or_cap
S1-683886830	S3-172899164	S3	India	Hmv Traders Ltd	Hmv Trades Ltd	S No 28/220, Sarada Bld, Tambri Vibhag, Jijau Chowk Barshi Naka Nr Alahabad Bank, Osmanabad, Maharashtra	MH, Sarada Bld, Tambri Vibhag, Jijau Chowk Barshi Naka Nr Alahabad Bank, S No 28/220, Osmanabad	all_current_passes	no_key_intersection_or_cap
S1-683886830	S3-371224750	S3	India	Hmv Traders Ltd	Hmv Ltd Center	S No 28/220, Sarada Bld, Tambri Vibhag, Jijau Chowk Barshi Naka Nr Alahabad Bank, Osmanabad, Maharashtra		all_current_passes	no_key_intersection_or_cap
S1-263740039	S3-917801371	S3	India	One Ss Agro LLP	वन एसएस एग्रो एलएलपी	D-16, Sushant Lok-2, Near Sushant Tower, Gurgaon, Haryana	Gurgaon, D-16, Sushant Lok-2, Near Sushant Tower, हरियाणा	all_current_passes	no_key_intersection_or_cap
S1-904567149	S3-505611395	S3	India	TXO Automation Ltd	Ltd. TX0 Automation	203, Vardhman Plaza Vasundhara Enclave, Delhi, East Delhi, Delhi	DL, East Delhi, Delhi, Vardhman Plaza Vasundhara Enclave, 203	all_current_passes	no_key_intersection_or_cap
S1-283065445	S3-783605026	S3	India	TCF Trade Pvt Ltd	TCF Tcadme Pvt Ltd	12Th Floor, Senapati Bapat Marg, Mumbai, Unit No-1217, Mumbai, Maharashtra	Block A-632 Unit No-1217, Mumbai, महाराष्ट्र	all_current_passes	no_key_intersection_or_cap
S1-522792425	S3-848224126	S3	US	First Zion	First Zhladn	21 Haller Crescent, Chestnut Ridge, NY	Spring Valley, New York, Haller Crescent	all_current_passes	no_key_intersection_or_cap
S1-815229553	S3-444524850	S3	US	Phillips & Dutkiewicz Corp	The Phillips & Dutkiewicz Corp	Walhalla, 407 9th Street, ND	9nd Saint, Walhalla, North Dakota	all_current_passes	no_key_intersection_or_cap
S1-312624254	S3-150125822	S3	US	Industrial Automation Products	industrialautomationproducts.com	1930 Waterbury Stowe Road, Waterbury, VT	Waterbury Stowe Road, Waterbury, Vermont	all_current_passes	no_key_intersection_or_cap
S1-915827362	S2-839175629	S2	US	Anchor Printing Enterprises	Anchor Peitnnng Enterprises	6421 Quiet Night Ride, Columbia, MD	006421 QUIET NIGHT RIDE, COLUMBIA, MD	all_current_passes	no_key_intersection_or_cap
S1-101190186	S2-344947353	S2	India	High Producer Private Limited	हाई प्रोड्यूसर प्राइवेट लिमिटेड	C/2-14, Basuwala Chs, Near Masjid Kokni Pada, Kurar Village, Malad East, Mumbai, Mumbai City, Maharashtra	KOLHAPUR, MUMBAI CITY, Maharashtra, C/2-14	all_current_passes	no_key_intersection_or_cap
S1-299037571	S2-160144700	S2	India	Modern Shiva Food Private Limited	ಮಾಡರ್ನ್ ಶಿವ ಫುಡ್ ಪ್ರೈವೇಟ್ ಲಿಮಿಟೆಡ್	No 20 2Nd Cross Near Vasthu Enclave Rajarajeshwari, Layout Kudlu Banggalore South Bommanahalli Bangalore Karnataka, Bangalore South, Bangalore, Karnataka	2ND CROSS NEAR VASTHU ENCLAVE RAJARAJESHWARI, BANGALORE SOUTH, BANGALORE, Karnataka	all_current_passes	no_key_intersection_or_cap
S1-36503088	S2-433557914	S2	India	Arihant Construction LLP	अरिहंत कंस्ट्रक्शन एलएलपी	Shop No F-43, Manish Global Mall, Plot No 2, Lsc-1, Sector-22, New Delhi, South West Delhi, Delhi	SHOP NO F-043, MANISH GLOBAL MALL, PLOT NO 2, LSC-1, SECTOR-22, SOUTH WEST DELHI, NEW DELHI, Delhi	all_current_passes	no_key_intersection_or_cap
S1-36503088	S2-29324575	S2	India	Arihant Construction LLP	अरिहंत कंस्ट्रक्शन एलएलपी	Shop No F-43, Manish Global Mall, Plot No 2, Lsc-1, Sector-22, New Delhi, South West Delhi, Delhi	SHOP NO F-043, SOUTH WEST DELHI, NEW DELHI, Delhi	all_current_passes	no_key_intersection_or_cap
S1-719791247	S3-200413190	S3	India	Eco & Co Pvt Ltd	Shri Eco & Có Pvt Ltd	A-901, Grenville Chs Ltd., Plot No. 98-A/116, Lokhandwala Complex, Andheri - West, Mumbai, Mumbai City, Maharashtra	Door No 788 A-901, Grenville Chs Ltd., Plot No. 98-A/116, Lokhandwala Complex, Andheri - West, Mumbai, Mumbai City, MH	all_current_passes	no_key_intersection_or_cap
S1-40515540	S3-204638909	S3	US	1 800 Movers	Wexnex dba 1 800 Movers	1993 Deane Street, Des Plaines, IL	Des Plaines, 1993 Deane Street, IL	all_current_passes	no_key_intersection_or_cap
S1-135974824	S2-859035662	S2	India	Hitech Foundation Private Limited	হাইটেক ফাউন্ডেশন প্রাইভেট লিমিটেড	505A, 5Th Floor, Infinity It Lagoon, Salt Lake City, 24 North Paraganas, Kolkata, Kolkata, Howrah, West Bengal	#505A, KOLKATA, West Bengal, <NULL>	all_current_passes	no_key_intersection_or_cap
S1-135974824	S3-475038520	S3	India	Hitech Foundation Private Limited	Hitech Private Limited Services	505A, 5Th Floor, Infinity It Lagoon, Salt Lake City, 24 North Paraganas, Kolkata, Kolkata, Howrah, West Bengal	505A, Kolkata, Howrah, WB	all_current_passes	no_key_intersection_or_cap
S1-135974824	S3-159446464	S3	India	Hitech Foundation Private Limited	হাইটেক ফাউন্ডেশন প্রাইভেট লিমিটেড	505A, 5Th Floor, Infinity It Lagoon, Salt Lake City, 24 North Paraganas, Kolkata, Kolkata, Howrah, West Bengal	505A, Kolkata, Howrah, WB	all_current_passes	no_key_intersection_or_cap
S1-104046335	S3-425732334	S3	India	Kota Nutrition Private Limited	Arcdelta formerly Kota Nutrition Private Limited	Kota, 3 - D - 13, Dadabari Extension, Jaipur, Rajasthan	3 - D - 13, Dadabari Extension, Kota, Jaipur, Rajasthan	all_current_passes	no_key_intersection_or_cap
S1-946217772	S2-476506866	S2	India	Vinayak (india) Pvt. Ltd.	Vinayak Vinayak (india) Pvt. Ltd	No: 1, Chandresh Mandir, Lodha Heaven Nilje, Dombivli East, Thane, Maharashtra	DORR NO ##46 NO: 1, CHANDRESH MANDIR, LODHA HEAVEN NILJE, DOMBIVLI EAST, THANE, Maharashtra	all_current_passes	no_key_intersection_or_cap
S1-946217772	S2-39162194	S2	India	Vinayak (india) Pvt. Ltd.	VINAYAKINDIA.COM	No: 1, Chandresh Mandir, Lodha Heaven Nilje, Dombivli East, Thane, Maharashtra	NO. ##46 NO: 1, CHANDRESH MANDIR, LADHA HEAVEN NILJE, DOMBIVLI EAST, THANE, Maharashtra	all_current_passes	no_key_intersection_or_cap
S1-946217772	S2-666787805	S2	India	Vinayak (india) Pvt. Ltd.	Pvt. Vinayak (inhda) Ltd.	No: 1, Chandresh Mandir, Lodha Heaven Nilje, Dombivli East, Thane, Maharashtra	NO. ##46 NO: 1, THANE, महाराष्ट्र	all_current_passes	no_key_intersection_or_cap
S1-946217772	S3-266382561	S3	India	Vinayak (india) Pvt. Ltd.	*** Vinayak Pvt. Ltd. Center	No: 1, Chandresh Mandir, Lodha Heaven Nilje, Dombivli East, Thane, Maharashtra	No: 1, Chandresh Mandir, Lodha Heaven Nilje, Dombivli East, Thane, MH	all_current_passes	no_key_intersection_or_cap
S1-946217772	S3-363195895	S3	India	Vinayak (india) Pvt. Ltd.	Deltanovi formerly known as Vinayak (india) Pvt. Ltd.	No: 1, Chandresh Mandir, Lodha Heaven Nilje, Dombivli East, Thane, Maharashtra	No: 1, Chandresh Mandir, Lodha Heaven Nilje, Dombivli East, Thane, Maharashtra	all_current_passes	no_key_intersection_or_cap
S1-35316768	S3-417603880	S3	US	Silver Continental Textiles LP	Silver C0ntinental Textiles LP	27846 Dilworth Road, Harlingen, TX		all_current_passes	no_key_intersection_or_cap
S1-536963902	S3-547683295	S3	US	Optimal Silver Applied	Optimal Sievr Applied	2310 Broad Avenue, Unit APT 3, Altoona, PA		all_current_passes	no_key_intersection_or_cap
S1-858562422	S3-435787762	S3	India	Aventura Polytechnic	The Aventura Polytechnic	House No. 3/141, Moha Road, Kallam Tq Tahsil Kallam, Osmanabad, Maharashtra	Moha Road, Kallam Tq Tahsil Kallam, Osmanabad, MH, House No. 3/141, Osmanabad	all_current_passes	no_key_intersection_or_cap
S1-523975207	S3-365358223	S3	US	VL Sprott	Pyragild Formerly VL Sprott	AL, Unit 3rd Phone, Dora, 125 Mountain View Lane	125 Mountain View Lane, Unit 3rd Phone, Dora, AL	all_current_passes	no_key_intersection_or_cap
S1-468076456	S2-694674468	S2	India	Premier Construction Pvt Ltd	प्रीमियर कंस्ट्रक्शन प्रा. लि.	Varanasi, B-37/115-Kh, Rathyatra, Uttar Pradesh, Varanasi	B-37/115-KH, RATHYATRA, VARANASI, Uttar Pradesh	all_current_passes	no_key_intersection_or_cap
S1-468076456	S3-650444710	S3	India	Premier Construction Pvt Ltd	Pvt Premier Construction Ltd	Varanasi, B-37/115-Kh, Rathyatra, Uttar Pradesh, Varanasi	B-37/115-kh, Rathyatra, Varanasi, Sonia Road Varanasi, UP	all_current_passes	no_key_intersection_or_cap
S1-600935743	S2-795834443	S2	India	All Solutions Private Limited	ઓલ સોલ્યુશન્સ પ્રાઇવેટ લિમિટેડ	Gf 2-3-7, Sarswati Complex, 39, Sampatrao Colony, Alkapuri, Vadodara, Gujarat	GF 02-3-7, SARSWATI COMPLEX, 39, SAMPATRAO COLONY, ALKAPURI, VADODARA, Gujarat	all_current_passes	no_key_intersection_or_cap
S1-600935743	S2-890987089	S2	India	All Solutions Private Limited	Smt ALL SOLUTIONS PRIVATE LTD	Gf 2-3-7, Sarswati Complex, 39, Sampatrao Colony, Alkapuri, Vadodara, Gujarat	Gujarat, GF 02-3-7, SARSWATI COMPLEX, 39, SAMPATRAO COLONY, ALKAPURI, VADODARA	all_current_passes	no_key_intersection_or_cap
S1-600935743	S2-347005800	S2	India	All Solutions Private Limited	ઓલ સોલ્યુશન્સ પ્રાઇવેટ લિમિટેડ	Gf 2-3-7, Sarswati Complex, 39, Sampatrao Colony, Alkapuri, Vadodara, Gujarat	GF 02-3-7, VADODARA, Gujarat	all_current_passes	no_key_intersection_or_cap
S1-600935743	S2-849837958	S2	India	All Solutions Private Limited	Private All Soaltuidos Limited	Gf 2-3-7, Sarswati Complex, 39, Sampatrao Colony, Alkapuri, Vadodara, Gujarat	GF 02-3-7, SARSWATI COMPLEX, 39, SAMPATRAO COLONY, ALKAPURI, VADODARA, Gujarat	all_current_passes	no_key_intersection_or_cap
S1-946885324	S2-301515756	S2	India	Travel & Co	Shri Triel & Co	Flat 207, Rudra Santushti, Maqbool Alam Road, Chauka, Varanasi, Uttar Pradesh	FLAT 8-207, VARANASI, Uttar Pradesh	all_current_passes	no_key_intersection_or_cap
S1-946885324	S2-308803171	S2	India	Travel & Co	ECTOZETA	Flat 207, Rudra Santushti, Maqbool Alam Road, Chauka, Varanasi, Uttar Pradesh	FLAT 8-207, VARANASI, उत्तर प्रदेश	all_current_passes	no_key_intersection_or_cap
S1-507505852	S2-960574881	S2	US	Fresh Cleaning Service PC	CFSERVICE.COM	OH, Columbus, 254 Stanton Avenue	STANTON AVENUE, COLUMBUS, OH	all_current_passes	no_key_intersection_or_cap
S1-507505852	S3-770529235	S3	US	Fresh Cleaning Service PC	Fresh Clenaing Service PC	OH, Columbus, 254 Stanton Avenue		all_current_passes	no_key_intersection_or_cap
S1-594497707	S2-339336192	S2	India	Jay Services (India) Ltd	#jayservices	F Pl No284, T P S-Iii, Mumbai, Maharashtra, Borivali West, 401 Neelkanth	402 NEELKANTH, F PL NO284, T P S-III, BORIVALI WEST, Maharashtra	all_current_passes	no_key_intersection_or_cap
S1-594497707	S3-969676756	S3	India	Jay Services (India) Ltd	Jay Soecvies (India) Ltd	F Pl No284, T P S-Iii, Mumbai, Maharashtra, Borivali West, 401 Neelkanth	Neelkanth, Mumbai, Borivali West, MH	all_current_passes	no_key_intersection_or_cap
S1-594497707	S3-862056216	S3	India	Jay Services (India) Ltd	Shri Jay Sérvices (India) Ltd	F Pl No284, T P S-Iii, Mumbai, Maharashtra, Borivali West, 401 Neelkanth	Neelkanth, Borivali West, Mumbai, MH	all_current_passes	no_key_intersection_or_cap
S1-594497707	S3-251048207	S3	India	Jay Services (India) Ltd	Viosoljax formerly: Jay Services (India) Ltd	F Pl No284, T P S-Iii, Mumbai, Maharashtra, Borivali West, 401 Neelkanth	401 Neelkanth, F Pl No284, T P S-Iii, Borivali West, Mumbai, Maharashtra	all_current_passes	no_key_intersection_or_cap
S1-422148603	S2-634827026	S2	US	Cascade Bridge	Cascade Bhradgne	129 Schoharie Parkway, Unit Room 305, NY, Cobleskill	00129 SCHOHARIE PARKWAY, PMB 2783, COBLESKILL, NY	all_current_passes	no_key_intersection_or_cap
S1-886495519	S3-290539846	S3	US	Universal Infrastructure Laboratories LLC	Universal Iofrastruncnture Laboratories [LLC]	5991 Alta Reposa, Tucson, AZ	005991 Alta Reposa, Tucson, Arizona	all_current_passes	no_key_intersection_or_cap
S1-776453630	S2-116320083	S2	US	Anny Adams Bridge	Wexlyra	WA, College Place, 108 Mountain View Drive	116 MOUNTAIN VIEW DRIVE, COLLEGE PLACE, WA	all_current_passes	no_key_intersection_or_cap
S1-605666486	S2-758581252	S2	India	Sunrise Gold Energy Private Limited	सनराइज गोल्ड एनर्जी प्राइवेट लिमिटेड	582, Aggarwal Millenium Tower -Ii, Netaji Subhash Place, Delhi, North Delhi, Delhi	दिल्ली, NORTH DELHI, DELHI, 603 582	all_current_passes	no_key_intersection_or_cap
S1-605666486	S2-48524688	S2	India	Sunrise Gold Energy Private Limited	सनराइज गोल्ड एनर्जी प्राइवेट लिमिटेड	582, Aggarwal Millenium Tower -Ii, Netaji Subhash Place, Delhi, North Delhi, Delhi	NO. 603 582, Delhi, NORTH DELHI	all_current_passes	no_key_intersection_or_cap
S1-605666486	S2-861791210	S2	India	Sunrise Gold Energy Private Limited	सनराइज गोल्ड एनर्जी प्राइवेट लिमिटेड	582, Aggarwal Millenium Tower -Ii, Netaji Subhash Place, Delhi, North Delhi, Delhi	NO 603 582, AGGARWAL MILLENIUM TOWER -II, NETAJI SUBHASH PLACE, DELHI, NORTH DELHI, दिल्ली	all_current_passes	no_key_intersection_or_cap
S1-605666486	S3-586380751	S3	India	Sunrise Gold Energy Private Limited	सनराइज गोल्ड एनर्जी प्राइवेट लिमिटेड	582, Aggarwal Millenium Tower -Ii, Netaji Subhash Place, Delhi, North Delhi, Delhi	582, North Delhi, DL	all_current_passes	no_key_intersection_or_cap
S1-145787684	S2-747316658	S2	US	RQ Anadolu Inc	rqanadolu.com	5001 Roxshire Court, Prince George County, VA	PRINCE GEORGE, 5001 ROXSHIRE CT, VA	all_current_passes	no_key_intersection_or_cap
S1-778442477	S2-28045503	S2	US	Horizon Digital Holdings	Horizon Holdings Center	1110 Jefferson Street, Waxahachie, TX		all_current_passes	no_key_intersection_or_cap
S1-778442477	S2-955692773	S2	US	Horizon Digital Holdings	Horizon Dicgtal Holdings	1110 Jefferson Street, Waxahachie, TX	01110 JEFFERSON STREET, null, WAXAHACHE, TX	all_current_passes	no_key_intersection_or_cap
S1-624947324	S2-161229410	S2	US	Summit Network Associates	Summit Netwokr Associates	35995 Jim Clark Road, Dozier, AL	5995 JIM CLARK ROAD, null, DOZIER, AL	all_current_passes	no_key_intersection_or_cap
S1-813672224	S2-538231265	S2	India	Tarachand & Sons Private Limited	M/s Tarachand-and Sons Pravgte Limited	Plot No.226, Road No.78 Phase - Iii, Jubilee Hills, Hyderabad, Telangana	PLOT NO.226, ROAD NO.78 PHASE - III, JUBILEE HILLS, HYDERABAD, తెలంగాణ	all_current_passes	no_key_intersection_or_cap
S1-471106357	S3-521342445	S3	India	Marquis Publishing Co	Sri Marquis Publishing	Unit No 412 Space 912 Mira Bhayandar, Mira Road East, Thane, Maharashtra	Unit No 412 Space 912 Mira Bhayandar, Mira Road East, Thane, महाराष्ट्र	all_current_passes	no_key_intersection_or_cap
S1-818748406	S3-693966564	S3	India	All Investments Private Limited	ஆல் இன்வெஸ்ட்மெண்ட்ஸ் பிரைவேட் லிமிடெட்	6/C394, 3Rd Street, 2Nd Floor, Chandrasekaran Salai, Periyar Nagar, Perambur Purasawalkam, Chennai, Tamil Nadu	Plot 710 6/C394, 3Rd Street, 2Nd Floor, Chandrasekaran Salai, Periyar Nagar, Chennai, Perambur Purasawalkam, தமிழ்நாடு	all_current_passes	no_key_intersection_or_cap
S1-818748406	S3-568002973	S3	India	All Investments Private Limited	ஆல் இன்வெஸ்ட்மெண்ட்ஸ் பிரைவேட் லிமிடெட்	6/C394, 3Rd Street, 2Nd Floor, Chandrasekaran Salai, Periyar Nagar, Perambur Purasawalkam, Chennai, Tamil Nadu	3Rd Street, 2Nd Floor, Chandrasekaran Salai, Periyar Nagar, Chennai, Perambur Purasawalkam, TN, Plot 710 6/C394	all_current_passes	no_key_intersection_or_cap
S1-253960987	S2-717519883	S2	India	Vijay Finance	विजय फाइनेंस	H.No.16, Shri Heights Residancy, Chipyana Bujarg G B Nagar, Ghaziabad, Uttar Pradesh	H.NO 16, SHRI HEIGHTS RESIDANCY, CHIPYANA BUJARG G B NAGAR, GHAZIABAD, उत्तर प्रदेश	all_current_passes	no_key_intersection_or_cap
S1-253960987	S3-289247393	S3	India	Vijay Finance	Vijay Services (ID: 80541)	H.No.16, Shri Heights Residancy, Chipyana Bujarg G B Nagar, Ghaziabad, Uttar Pradesh	16/1, Ghaziabad, UP	all_current_passes	no_key_intersection_or_cap
S1-96335666	S3-371046641	S3	India	Sarasora Music Private Limited	Keloaria t/a Sarasora Music Private Limited	175, 2Nd Floor, Raghuleela Mega Mall, Behind Poisar Bus Depot, Kandivali (W), Mumbai, Mumbai City, Maharashtra	Maharashtra, Mumbai, Mumbai City, 2Nd Floor, Raghuleela Mega Mall, Behind Poisar Bus Depot, Kandivali (W), 175	all_current_passes	no_key_intersection_or_cap
S1-737084148	S3-768789512	S3	India	Astha Pictures (India) Private Limited	M/s Astha (India) Private Limited Services	Ground Floor, Mf-7A (8), Cipet Hostel Road, Tvk Industrial Estate, Guindy, Chennai City Corporation, Chennai, Tamil Nadu	No. 49 Ground Floor, Chennai City Corporation, Chennai, TN	all_current_passes	no_key_intersection_or_cap
S1-737084148	S3-660616233	S3	India	Astha Pictures (India) Private Limited	Private Astha Pictures (Índia) Limited	Ground Floor, Mf-7A (8), Cipet Hostel Road, Tvk Industrial Estate, Guindy, Chennai City Corporation, Chennai, Tamil Nadu	No. 49 Ground Floor, Chennai City Corporation, Chennai, TN	all_current_passes	no_key_intersection_or_cap
S1-849049594	S2-543237042	S2	India	Hyderabad Biotech Private Limited	hyderabadbiotech.com	Plot No. 71, Road No, 03 Himapuri Colony, Mansoorabad, Hyderabad, Telangana	#71 , ROAD NO, 03 HIMAPURI COLONY, MANSOORABAD, HDERABAD, Telangana	all_current_passes	no_key_intersection_or_cap
S1-849049594	S2-706145368	S2	India	Hyderabad Biotech Private Limited	DELTANOVI	Plot No. 71, Road No, 03 Himapuri Colony, Mansoorabad, Hyderabad, Telangana	PLOT NO. 71, HYDERABAD, Telangana	all_current_passes	no_key_intersection_or_cap
S1-849049594	S3-205370920	S3	India	Hyderabad Biotech Private Limited	Pyraorbizeta formerly known as Hyderabad Biotech Private Limited	Plot No. 71, Road No, 03 Himapuri Colony, Mansoorabad, Hyderabad, Telangana	Plot No. 71, Road No, 03 Himapuri Colony, Mansoorabad, Hyderabad, Telangana	all_current_passes	no_key_intersection_or_cap
S1-771363458	S2-812860210	S2	US	Bay Partners LLC	baypartners.com	NY, Malverne, 5 King Street	#5 KING STREET, MALVERNE, NY	all_current_passes	no_key_intersection_or_cap
S1-885291518	S2-955711664	S2	India	New Delhi Store Private Limited	New Dhi Store Private Limited	417, 418, 419, Ansal Tower 38 Nehru Place, New Delhi, South Delhi, Delhi	BLOCK C-779 417, 418, 419, ANSAL TOWER 38 NEHRU PLACE, NEW DELHI, Delhi	all_current_passes	no_key_intersection_or_cap
S1-885291518	S3-343311030	S3	India	New Delhi Store Private Limited	New Delhi Store Private Ltd	417, 418, 419, Ansal Tower 38 Nehru Place, New Delhi, South Delhi, Delhi	417, South Delhi, New Delhi, DL	all_current_passes	no_key_intersection_or_cap
S1-885291518	S3-56999910	S3	India	New Delhi Store Private Limited	New Deeclhi Store Private Limited	417, 418, 419, Ansal Tower 38 Nehru Place, New Delhi, South Delhi, Delhi	417, New Delhi, DL	all_current_passes	no_key_intersection_or_cap
S1-885291518	S3-829305150	S3	India	New Delhi Store Private Limited	Evosol One trading as New Delhi Store Private Limited	417, 418, 419, Ansal Tower 38 Nehru Place, New Delhi, South Delhi, Delhi	417, 418, 419, Ansal Tower 38 Nehru Place, New Delhi, South Delhi, Delhi	all_current_passes	no_key_intersection_or_cap
S1-489514280	S3-850946620	S3	India	Balu Infra Pvt Ltd	Ba1u Infra Pvt Ltd	C-62 Basement, Rdc Rajnagar, Ghaziabad, Uttar Pradesh	C-062 Basement, Ghaziabad, UP	all_current_passes	no_key_intersection_or_cap
S1-380597422	S3-728355093	S3	US	GE American Dome LLC	GE American LLC Center	200 Quannapowitt Parkway, Unit 2102, Wakefield, MA	200B Quannapowitt Parkway, Unit 2102, Wakeffield, Massachusetts	all_current_passes	no_key_intersection_or_cap
S1-771752500	S2-142970839	S2	India	ORN Paper Private Limited	Private ORN Paper Limited	Uttar Pradesh, Lucknow, 31/42, Ist Floor, Shop No:1A Lovelane Market, Opp. Drm Office, Hazratga, Nj	#858 31/42, IST FLOOR, SHOP NO:1A LOVELANE MARKET, OPP. DRM OFFICE, HAZRATGA, NJ, LUCKNOW, Uttar Pradesh	all_current_passes	no_key_intersection_or_cap
S1-371230038	S2-606494399	S2	US	Wildlife Trust	Wildlife Tntt	42 Fabyan Street, Unit 3, Boston, MA	FABYAN STREET, BOSTON, MA	all_current_passes	no_key_intersection_or_cap
S1-266346840	S3-873039350	S3	India	Experia Creation Pvt Ltd	Pvt Experia Creation Ltd	Karnataka, Plot No. 59, Sy No. 16 And 95, Kiadb Industrial Area, 2Nd Phase, Malur, Malur, Kolar	No 59, Sy No. 16 And 95, Kiadb Industrial Area, 2Nd Phase, Malur, Malur, Kolar, KA	all_current_passes	no_key_intersection_or_cap
S1-68263380	S2-218442484	S2	India	Solutions Engineering (in	solutionsengineeringin.com	Karnataka, Bangalore, No.23, Bangalore, 1St Floor, 12Th Main, Jayanagar, 4Th Block	NO.23, 1ST FLOOR, 12TH MAIN, JAYANAGAR, 4TH BLOCK, BANGALORE, Karnataka	all_current_passes	no_key_intersection_or_cap
S1-68263380	S3-26699930	S3	India	Solutions Engineering (in	Solutions Eongineing (in	Karnataka, Bangalore, No.23, Bangalore, 1St Floor, 12Th Main, Jayanagar, 4Th Block	No.23, 1St Floor, 12Th Main, Jayanagar, 4Th Block, Bangalore, KA	all_current_passes	no_key_intersection_or_cap
S1-68263380	S3-2863887	S3	India	Solutions Engineering (in	Solutions	Karnataka, Bangalore, No.23, Bangalore, 1St Floor, 12Th Main, Jayanagar, 4Th Block	No.23, 1St Floor, 12Th Main, Jayanagar, 4Th Block, Bangalore, Karnataka	all_current_passes	no_key_intersection_or_cap
S1-635434077	S2-907414721	S2	India	Meta Builders Private Limited	Smt META BUILDERS PRIVATE LÍMITED	West Bengal, C/O. Great Eagreat Eastern Trading Co 20, Old Court House Street, Howrah, Kolkata	DOOR NO 552 C/O. GREAT EAGREAT EASTERN TRADING CO 20, OLD COURT HOUSE STREET, KOLKATA, West Bengal	all_current_passes	no_key_intersection_or_cap
S1-635434077	S3-110582138	S3	India	Meta Builders Private Limited	Meta Bui1ders Private	West Bengal, C/O. Great Eagreat Eastern Trading Co 20, Old Court House Street, Howrah, Kolkata	C/o. Great Eagreat Eastern Trading Co 20, Kolkata, Howrah, পশ্চিমবঙ্গ	all_current_passes	no_key_intersection_or_cap
S1-604946414	S3-781656331	S3	India	Knp Essentials Private Limited	Knp Essnitamls Private (Limited)	House No.193 Sector 55, Gurgaon, Haryana	House No.193 Sector 55, Divreportingcircle, Gurgaon, हरियाणा	all_current_passes	no_key_intersection_or_cap
S1-945935897	S3-743328111	S3	US	Ranet LLC	Reta LLC	7182 Popple Lane, Lyonsdale, NY	Lyonsdale, New York, ##7182 Popple Lane	all_current_passes	no_key_intersection_or_cap
S1-12697723	S2-283089675	S2	India	Moon (India) Pharma Private Limited	Private Moon (India) Pharma Limited	H No F-65, 4Th/F, F/P, R/S, Shaheen Bagh, Abul Faza, Encl Part-2, New Delhi, South Delhi, Delhi	H.NO 77 H NO F-65, 4TH/F, F/P, R/S, SHAHEEN BAGH, ABUL FAZA, ENCL PART-2, SOUTH DELHI, NEW DELHI, Delhi	all_current_passes	no_key_intersection_or_cap
S1-524887677	S2-484644152	S2	India	Sky It Private Limited	സ്കൈ ഐടി പ്രൈവറ്റ് ലിമിറ്റഡ്	Building No.3/682, Ground Floor, Krishnaprabha Variyam, M.C Road, Irapuram, Kunnathunad, Ernakulam, Kerala	BUILDING NO.3/682, GROUND FLOOR, KRISHNAPRABHA VARIYAM, M.C ROAD, IRAPURAM, KUNNATHUNAD, ERNAKULAM, Kerala	all_current_passes	no_key_intersection_or_cap
S1-966390262	S2-386268013	S2	US	Keystone Bitwise, LLC	Keystone Bitwddse Bitwddse LLC	3091 Eastview Way, Buckeye, AZ		all_current_passes	no_key_intersection_or_cap
S1-567326505	S2-328396290	S2	India	Sunrise Brokerage Private Limited	Privaae Sunrise Brokerage Limited	Flat No 102/6/74 Vaishali, Ghaziabad, Uttar Pradesh	H.NO 102/6/74 VAISHALI, GHAZIABAD, VAISHALI, Uttar Pradesh	all_current_passes	no_key_intersection_or_cap
S1-567326505	S2-649484437	S2	India	Sunrise Brokerage Private Limited	Sri Sunrise Sunrise Brokerage Private Ltd	Flat No 102/6/74 Vaishali, Ghaziabad, Uttar Pradesh	FLAT NO 102/6/74 VAISHALI, GHAZIABAD, Uttar Pradesh	all_current_passes	no_key_intersection_or_cap
S1-589715405	S3-337994223	S3	India	Saha Consultancy Partners	Consultancypartners.Com	C/O Bechan Ram Vill.-Faripan, Block-Myorpur, Sonbhadra, Uttar Pradesh	C/o Bechan Ram Vill.-faripan, Sonbhadra, उत्तर प्रदेश	all_current_passes	no_key_intersection_or_cap
S1-201369883	S2-971138294	S2	India	High Healthcare Private Limited	हाई हेल्थकेयर प्राइवेट लिमिटेड	Etah, Gali No 1 Sringar Nagar, Etah, Uttar Pradesh	GALI NO 1 SRINGAR NAGAR, ETAH, उत्तर प्रदेश	all_current_passes	no_key_intersection_or_cap
S1-201369883	S2-36275433	S2	India	High Healthcare Private Limited	हाई हेल्थकेयर प्राइवेट लिमिटेड	Etah, Gali No 1 Sringar Nagar, Etah, Uttar Pradesh	GALI NO 1 SRINGAR NAGAR, ETAH, Uttar Pradesh	all_current_passes	no_key_intersection_or_cap
S1-201369883	S3-926694501	S3	India	High Healthcare Private Limited	हाई हेल्थकेयर प्राइवेट लिमिटेड	Etah, Gali No 1 Sringar Nagar, Etah, Uttar Pradesh	Gali No 1 Sringar Nagar, Etah, उत्तर प्रदेश	all_current_passes	no_key_intersection_or_cap
S1-885238756	S3-421248873	S3	India	Vista Foods (India) Private Limited	M/s Vista Vista Foods (India) Private Ltd	Plot No. 03, Maya, East High Court Road, Ramdaspeth, Nagpur, Maharashtra	#03, Maya, East High Court Road, Ramdaspeth, Nagpur, MH	all_current_passes	no_key_intersection_or_cap
S1-656226670	S3-767874925	S3	US	Cook Rice Inc	Cálomirabrix	1111 165th Street, South Holland, IL	01111 165rd Street, Illinois, South Holand	all_current_passes	no_key_intersection_or_cap
S1-568428500	S3-677752526	S3	India	CQJ Consultancy Private Limited	CQJ Consultatoscy Private Limited	6-3-563/26/A, Flat No.17, Somavarapu Heights Hilltop Colony, Erramanzil, Hyderabad, Telangana		all_current_passes	no_key_intersection_or_cap
S1-484028412	S3-363716243	S3	US	Behavioral Health Specialists Inc.	Behavioral Health Sepilaists Inc. Inc.	551 Crooked Creek Court, Fayetteville, NC	551 Crooked Creek Court, Fayetteville, North Carolina	all_current_passes	no_key_intersection_or_cap
S1-484028412	S3-261431285	S3	US	Behavioral Health Specialists Inc.	Behaviora1 Health Specialists	551 Crooked Creek Court, Fayetteville, NC	551 Crooked Creek Ct, North Carolina, Fayetteville	all_current_passes	no_key_intersection_or_cap
S1-115674524	S3-438195934	S3	India	Indian Enterprises LLP	इंडियन एंटरप्राइजेज एलएलपी	Ground Floor, Mumbai, Mumbai City, Winchester Building, Off High Street Hiranandani Business Park, Powai, Maharashtra	Ground Floor, Winchester Building, Off High Street Hiranandani Business Park, Powai, Mumbai, null, MH	all_current_passes	no_key_intersection_or_cap
S1-707366381	S3-355915634	S3	India	Gandhidham Agro Pvt. Ltd.	Pvt. Gandhidham Ltd. Agro	Plot No.69 Sector-1A, Gandhidham, Gujarat	Plot No.69 Sector-1a, Gandhidham, GJ	all_current_passes	no_key_intersection_or_cap
S1-787552144	S2-778167728	S2	India	Ditya Materials (India) Clinic	dityamaterialsindia.com	1802 81 Aureate Cts No. 7, Mumbai, Maharashtra	DOOR NO 802 81 AUREATE CTS NO. 7, MUMBAI, Maharashtra	all_current_passes	no_key_intersection_or_cap
S1-781585592	S2-369763068	S2	US	Capital Council Inc	Capital Cgouncrl-Inc	CT, Bridgeport, 428 Connecticut Avenue	CONNECTICUT AVENUE, BRIDGPEORT, CT	all_current_passes	no_key_intersection_or_cap
S1-202685702	S3-955547491	S3	US	Adrienne Powell Metropolitan Asia, LLC	Vantageorbi a/k/a Adrienne Powell Metropolitan Asia, LLC	TX, Kyle, 128 Niagara Falls Lane	128 Niagara Falls Lane, Kyle, TX	all_current_passes	no_key_intersection_or_cap
S1-15599861	S2-93021624	S2	India	Lakshmi Healthcare Pvt Ltd	లక్ష్మీ హెల్త్‌కేర్ ప్రైవేట్ లిమిటెడ్	8-1-355/5 Adams Society, Tolichowki, Hyderabad, Telangana	తెలంగాణ, TOLICHOWKI, DOOR NO 008-1-355/5 ADAMS SOCIETY, HYDERABAD	all_current_passes	no_key_intersection_or_cap
S1-15599861	S2-699549892	S2	India	Lakshmi Healthcare Pvt Ltd	Sri Lakshmi  Healthcare Pvt Ltd	8-1-355/5 Adams Society, Tolichowki, Hyderabad, Telangana	008-1-355/5 ADAMS SOCIETY, TOLICHOWKI, HYDERABAD, Telangana	all_current_passes	no_key_intersection_or_cap
S1-15599861	S2-145687213	S2	India	Lakshmi Healthcare Pvt Ltd	Lakshmi Ltd Pvt Healthcare	8-1-355/5 Adams Society, Tolichowki, Hyderabad, Telangana	NO 008-1-355/5 ADAMS SOCIETY, TOLICHOWKI, HYDERABAD, Telangana	all_current_passes	no_key_intersection_or_cap
S1-822901179	S2-424642141	S2	US	Teri Savoy, D.D.S.	Teri Sranoy, D.D.S.	1713 Mcculloch Avenue, Owensboro, KY		all_current_passes	no_key_intersection_or_cap
S1-664125348	S3-358747048	S3	US	Aspen Northwest Inc	Aspen Niorthfbsst Inc	6650 Broad Oak Street, Unit 10, Beaumont, TX		all_current_passes	no_key_intersection_or_cap
S1-104626778	S2-473383711	S2	US	Preferred Neighborhood, LLC	PREFERRED-NEIGHB0RHOOD, LLC	3129 Northampton Street, Washington, DC	WASHINGTON, NORTHAMPTON ST, DC	all_current_passes	no_key_intersection_or_cap
S1-117315529	S3-898977051	S3	India	Systems Black Advertising Limited	sbadvertising.com	Gat No. 118, P No.12, Tambe Nagar, Tandulwadi, B.Rd, Bmt Baramati, Pune Baramati (Mci), Baramati, Pune, Maharashtra	Gat No. 118, Baramati, Pune, MH	all_current_passes	no_key_intersection_or_cap
S1-134160826	S2-641147638	S2	India	Creative Logistics Limited	क्रिएटिव लॉजिस्टिक्स लिमिटेड	House No.451-3, Khasra No.14/22, Gali No16, Block A-2 Landmark-Near Radha Kishan Mandir, Chanda, N Vihar, Sant Nagar, North West, Delhi	HOUSE NO.451-3, KHASRA NO.14/22, GALI NO16, BLOCK A-2 LANDMARK-NEAR RADHA KISHAN MANDIR, CHANDA, N VIHAR, NORTH EAST, NORTH WEST, Delhi	all_current_passes	no_key_intersection_or_cap
S1-134160826	S2-101370900	S2	India	Creative Logistics Limited	Mr creativelogistics.com	House No.451-3, Khasra No.14/22, Gali No16, Block A-2 Landmark-Near Radha Kishan Mandir, Chanda, N Vihar, Sant Nagar, North West, Delhi	HOUSE NO.451-3, KHASRA NO.14/22, GALI NO16, BLCOK A-2 LANDMARK-NEAR RADHA KISHAN MANDIR, CHANDA, N VIHAR, SANT NAGAR, Delhi	all_current_passes	no_key_intersection_or_cap
S1-199472642	S2-919127376	S2	India	Galaxy Food Private Limited	கேலக்ஸி ஃபுட் பிரைவேட் லிமிடெட்	Tamil Nadu, Old.No.11, New.No.21, Mada Church Street, Royapuram, Chennai	OLD.NO.11, CHENNAI, Tamil Nadu	all_current_passes	no_key_intersection_or_cap
S1-199472642	S2-502261049	S2	India	Galaxy Food Private Limited	galaxyfood.com	Tamil Nadu, Old.No.11, New.No.21, Mada Church Street, Royapuram, Chennai	OLD.NO.11, NEW.NO.21, MADA CHURCH STREET, ROYAPURAM, CHENNAI, தமிழ்நாடு	all_current_passes	no_key_intersection_or_cap
S1-199472642	S2-100285644	S2	India	Galaxy Food Private Limited	IRIARIA	Tamil Nadu, Old.No.11, New.No.21, Mada Church Street, Royapuram, Chennai	OLD.NO.11, CHENNAI, Tamil Nadu	all_current_passes	no_key_intersection_or_cap
S1-199472642	S2-177088090	S2	India	Galaxy Food Private Limited	கேலக்ஸி ஃபுட் பிரைவேட் லிமிடெட்	Tamil Nadu, Old.No.11, New.No.21, Mada Church Street, Royapuram, Chennai	NO 11, CHENNAI, Tamil Nadu	all_current_passes	no_key_intersection_or_cap
S1-766377417	S2-231395728	S2	US	Leal & Brown Corp	Partners Leal Brown Córp	475 Fairway Avenue, Southport, NY	FAIRWAY AVENUE, ELMIRA TOWNSHIP, NY	all_current_passes	no_key_intersection_or_cap
S1-766377417	S3-539279884	S3	US	Leal & Brown Corp	Partners Leal Brown Corp	475 Fairway Avenue, Southport, NY	Fairway Avenue, Elmira, New York	all_current_passes	no_key_intersection_or_cap
S1-766377417	S3-369911798	S3	US	Leal & Brown Corp	Lea1 & Brówn	475 Fairway Avenue, Southport, NY	Fairway Ave, Southport, New York	all_current_passes	no_key_intersection_or_cap
S1-380423366	S2-904395241	S2	India	Cherry Products Ltd	cherryproducts.com	Sr No. 1993, Chimbali, Chakan Taluka Khed, Pune, Maharashtra	SR NO. 1993, CHIMBALI, CHAKAN TALUKA KHED, PUNE, Maharashtra	all_current_passes	no_key_intersection_or_cap
S1-380423366	S3-848733037	S3	India	Cherry Products Ltd	Ltd Cherry Proccts	Sr No. 1993, Chimbali, Chakan Taluka Khed, Pune, Maharashtra	Sr No. 1993, Chimbali, Chakan Taluka Khed, Pune, MH	all_current_passes	no_key_intersection_or_cap
S1-380423366	S3-352019878	S3	India	Cherry Products Ltd	Fluxlum DBA: Cherry Products Ltd	Sr No. 1993, Chimbali, Chakan Taluka Khed, Pune, Maharashtra	Sr No. 1993, Chimbali, Chakan Taluka Khed, Pune, Maharashtra	all_current_passes	no_key_intersection_or_cap
S1-552406625	S2-765959253	S2	US	Janet Vu Fashion Inc	>> Janet Vu Fshifhon Inc - 2771815644	56 Bennington Street, Boston, MA	EAST BOSTON, BENNINGTON ST, MA	all_current_passes	no_key_intersection_or_cap
S1-965475150	S2-568786658	S2	India	Chaudhari Technologies Private Limited	Chaudhari Private Technologies Limited	73, Sanatan Mistri Lane Ground Floor, Howrah, West Bengal	West Bengal, PLOT G-146 73, SANATAN MISTRI LANE GROUND FLOOR, HOWRHA	all_current_passes	no_key_intersection_or_cap
S1-965475150	S2-668458291	S2	India	Chaudhari Technologies Private Limited	Mr CHAUDHARI PRIVATE TECHNOLOGIES LIMITED	73, Sanatan Mistri Lane Ground Floor, Howrah, West Bengal	PLOT G-146 73, SANATAN MISTRI LANE GROUND FLOOR, HOWRAH, West Bengal	all_current_passes	no_key_intersection_or_cap
S1-120339770	S2-645750611	S2	India	ONP Consultancy Limited	ONP Consu1tancy Limited	C/O Vaibhav Soni Ward No 2, Kanak Nagar, Bara, Allahabad, Uttar Pradesh	C/O VAIBHAV SONI WARD NO 2, KANAK NAGAR, BARA, Uttar Pradesh	all_current_passes	no_key_intersection_or_cap
S1-120339770	S3-602431087	S3	India	ONP Consultancy Limited	ONP Limited Center	C/O Vaibhav Soni Ward No 2, Kanak Nagar, Bara, Allahabad, Uttar Pradesh	C/o Vaibhav Soni Ward No #2, Bara, UP	all_current_passes	no_key_intersection_or_cap
S1-120339770	S3-709636476	S3	India	ONP Consultancy Limited	Miracira	C/O Vaibhav Soni Ward No 2, Kanak Nagar, Bara, Allahabad, Uttar Pradesh	C/O Vaibhav Soni Ward No 2, Kanak Nagar, Bara, Allahabad, Uttar Pradesh	all_current_passes	no_key_intersection_or_cap
S1-380525357	S3-756380900	S3	India	Ventures Asmi Exposition Limited	Vionyla	Delhi, New Delhi, Ishwar Nagar, 30, New Delhi	New Delhi, Delhi, 30, New Delhi, Ishwar Nagar	all_current_passes	no_key_intersection_or_cap
S1-697052512	S2-189519568	S2	India	Convex Ventures Private Limited	CONVEX  LIMITED PRIVATE VENTURES	C-601, Anand Sapphire, Opp. Vishvas City-7, Nr. Vishvas City-6, Gota, Ahmadabad City, Ahmedabad, Gujarat		all_current_passes	no_key_intersection_or_cap
S1-171129315	S3-385969678	S3	India	Swastik Healthcare Pvt Ltd	ஸ்வஸ்திக் ஹெல்த்கேர் பிரைவேட் லிமிடெட்	No.29/F1, (Old No.12/F1), A-Block Chakra Flats, Sriramapuram 1St Street, Choolaimedu, Chennai, Tamil Nadu	Door No 31/F1, Chennai, தமிழ்நாடு	all_current_passes	no_key_intersection_or_cap
S1-743864993	S2-707208692	S2	US	Christ Church	christchurch.com	NC, Lexington, 414 Mountain View Church Road	414 MOUNTAIN VIEW CHURCH RD, LEXINGTON, NC	all_current_passes	no_key_intersection_or_cap
S1-620524862	S2-240410779	S2	US	Kassey's Holdings	KASSEY'S HÓLDlNGS	50 Jefferson Avenue, Unit 101, Columbus, OH	50 JEFFESON AVE, COLUMBUS, OH	all_current_passes	no_key_intersection_or_cap
S1-620524862	S2-717243563	S2	US	Kassey's Holdings	Kadseei's Holdings	50 Jefferson Avenue, Unit 101, Columbus, OH	JEFFERSON AVENUE, COLUMBUS, OH	all_current_passes	no_key_intersection_or_cap
S1-302588323	S2-211136636	S2	US	Keystone Nutrition Group	Belobrixmira	3742 Pete Dye Boulevard, Westfield, IN	PETE DYE BOULEVARD, WESTFIELD, IN	all_current_passes	no_key_intersection_or_cap
S1-612826949	S2-381281396	S2	India	Vision Care Limited	विजन केयर लिमिटेड	Flat No: 1202, Tower-15, The Close South, Nirvana Country, Sector-50, Gurgaon, Haryana	C-881 FLAT NO: 1202, GURGAON, Haryana	all_current_passes	no_key_intersection_or_cap
S1-39305329	S2-560745429	S2	US	Pediatric Dentistry Clinic LLC	PEDIATRIC  DENTISTRY CDNITIC LLC	7290 Old Sauk Road, City Of Madison, WI	7290 OLD SAUK ROAD, CITY OF MADISON, WI	all_current_passes	no_key_intersection_or_cap
S1-39305329	S2-863502251	S2	US	Pediatric Dentistry Clinic LLC	Pediatric Dentistry Dentistry Clinic-LLC	7290 Old Sauk Road, City Of Madison, WI	WI, CITY OF MADISON, 7290 OLD SRUK RD	all_current_passes	no_key_intersection_or_cap
S1-39305329	S3-764383027	S3	US	Pediatric Dentistry Clinic LLC	pediatricdentistryclinic.com	7290 Old Sauk Road, City Of Madison, WI	7290 Old Sauk Rd, City Of Madison, Wisconsin	all_current_passes	no_key_intersection_or_cap
S1-39305329	S3-760399253	S3	US	Pediatric Dentistry Clinic LLC	Pediatric Dentistry LLC Services	7290 Old Sauk Road, City Of Madison, WI	7290 Old Sauk Road, Madison, Wisconsin	all_current_passes	no_key_intersection_or_cap
S1-39305329	S3-815174461	S3	US	Pediatric Dentistry Clinic LLC	Brixbelo	7290 Old Sauk Road, City Of Madison, WI	7290 Old Sauk Rd, Madison, Wisconsin	all_current_passes	no_key_intersection_or_cap
S1-216460485	S3-772219167	S3	India	JH Knit Private Limited	Pciviate JH Knit Limited	Delhi, Bank Enclave, Delhi, 3	3, Bank Enclave, Delhi, DL	all_current_passes	no_key_intersection_or_cap
S1-657225634	S3-287161514	S3	US	Delta Short LLC	Services Delta LLC	City Of Appleton, 1126 Lawe Street, WI	1126. Lawe Street, Appeton, Wisconsin	all_current_passes	no_key_intersection_or_cap
S1-101541682	S2-563576948	S2	India	Red United Products	રેડ યુનાઇટેડ પ્રોડક્ટ્સ	Gujarat, Ahmedabad, 702, City Center, Opp. Shukan Mall Science City Road, Sola	702, GANDHI NAGAR, AHMEDABAD, Gujarat	all_current_passes	no_key_intersection_or_cap
S1-101541682	S2-21164599	S2	India	Red United Products	રેડ યુનાઇટેડ પ્રોડક્ટ્સ	Gujarat, Ahmedabad, 702, City Center, Opp. Shukan Mall Science City Road, Sola	702, CITY CENTER, OPP. SHUKAN MALL SCIENCE CITY ROAD, SOLA, AHMEDABAD, GANDHI NAGAR, ગુજરાત	all_current_passes	no_key_intersection_or_cap
S1-101541682	S2-799037044	S2	India	Red United Products	રેડ યુનાઇટેડ પ્રોડક્ટ્સ	Gujarat, Ahmedabad, 702, City Center, Opp. Shukan Mall Science City Road, Sola	702, CITY CENTER, OPP. SHUKAN MALL SCIENCE CITY ROAD, SOLA, AHMEDABAD, GANDHI NAGAR, Gujarat	all_current_passes	no_key_intersection_or_cap
S1-101541682	S3-556497682	S3	India	Red United Products	રેડ યુનાઇટેડ પ્રોડક્ટ્સ	Gujarat, Ahmedabad, 702, City Center, Opp. Shukan Mall Science City Road, Sola	702, City Center, Opp. Shukan Mall Science City Road, Sola, Ahmedabad, ગુજરાત	all_current_passes	no_key_intersection_or_cap
S1-101541682	S3-447683324	S3	India	Red United Products	રેડ યુનાઇટેડ પ્રોડક્ટ્સ	Gujarat, Ahmedabad, 702, City Center, Opp. Shukan Mall Science City Road, Sola	702, Ahmedabad, GJ	all_current_passes	no_key_intersection_or_cap
S1-832587885	S3-719224844	S3	India	Infrastructure (India) Developers Limited	Dr Infrastructure Infrastructure (India) Developers [Ltd]	111/Sitaram Nagar, Road No.6 Eru Char Rasta, Ta-Jalalpor, Navsari, Gujarat	#11/Sitaram Nagar, Navsari, GJ	all_current_passes	no_key_intersection_or_cap
S1-975310221	S3-263790058	S3	India	Drive Informatics Limited	Shri Drive Ínformatics	28 2Nd Floor Ujagar Indl Estae Next To Dukes W T Patil Marg Deonar, Mumbai, Mumbai City, Maharashtra	Door No 1 2Nd Floor Ujagar Indl Estae Next To Dukes W T Patil Marg Deonar, Mumbai, Mumbai City, MH	all_current_passes	no_key_intersection_or_cap
S1-975310221	S3-648655893	S3	India	Drive Informatics Limited	Smt Drive Limited Center	28 2Nd Floor Ujagar Indl Estae Next To Dukes W T Patil Marg Deonar, Mumbai, Mumbai City, Maharashtra	MH, Mumbai City, 1 2Nd Floor Ujagar Indl Estae Next To Dukes W T Patil Marg Deonar, Mumbai	all_current_passes	no_key_intersection_or_cap
S1-141066855	S3-284079733	S3	US	Mitchell Corporation	Mtrnell Corporation	4402 Stary Drive, Parma, OH	Parma, 4402 Stary Drie, Ohio	all_current_passes	no_key_intersection_or_cap
S1-614403089	S3-558158929	S3	US	Cortez Floating	Cortez  F1oating	3425 N Waverly Street, Farmville, NC	3425d North Waverly St, Farmville, North Carolina	all_current_passes	no_key_intersection_or_cap
S1-655089723	S2-232749315	S2	US	Dambrosio Capital L.L.C.	THE DAMBROSIO CAPITAL L.L.C.	922 76 Street, Brooklyn, NY	NY, BROOKLYN, 922 76 ST	all_current_passes	no_key_intersection_or_cap
S1-655089723	S3-62869025	S3	US	Dambrosio Capital L.L.C.	Lyranylavera	922 76 Street, Brooklyn, NY	922D 76 St, Brooklyn, New York	all_current_passes	no_key_intersection_or_cap
S1-184105088	S3-25657097	S3	US	Corley Computing	corleycomputing.com	8277 1800th Avenue, Jewett, IL	8438 1/2 1800st Ave, Jewett, Illinois	all_current_passes	no_key_intersection_or_cap
S1-411874020	S3-891719341	S3	US	Urgent Care Medicine of Fort Dodge	URGENT CARE MEDICINE OF DODGE FORT	1516 11th Avenue, Fort Dodge, IA	1516d 11th Avenue, Fort Dodge, Iowa	all_current_passes	no_key_intersection_or_cap
S1-993841612	S2-199919986	S2	US	Piedmont Charter School	Piedmont Piedmont Charter Scoolo	346 Turnpike Road, Unit 2214, Westborough, MA	MA, WESTBOROUGH, Turnpike Road	all_current_passes	no_key_intersection_or_cap
S1-885067039	S3-541538495	S3	US	Amber	Aoser	IN, North Manchester, 208 4th Street	08 Fourth Street, North Manchester, Indiana	all_current_passes	no_key_intersection_or_cap
S1-885067039	S3-856439070	S3	US	Amber	Anier	IN, North Manchester, 208 4th Street	08 4th St, North Manchester, Indiana	all_current_passes	no_key_intersection_or_cap
S1-885067039	S3-269050716	S3	US	Amber	Ábber	IN, North Manchester, 208 4th Street	08 Fourth Street, North Manchester, Indiana	all_current_passes	no_key_intersection_or_cap
S1-636220578	S3-681005545	S3	US	Interstate Prudential LLC	Interstate Prucdenetil LLC	4165 Meadowlark Trail, Stow, OH	Ohio, 416 Meadowlark Trl, STOW CITY	all_current_passes	no_key_intersection_or_cap
S1-839244643	S2-268181358	S2	India	Sai Technologies Private Limited	साई टेक्नोलॉजीज प्राइवेट लिमिटेड	Office No.207, Mayuresh Cosmos, Plot No.37 Sector-11, Cbd Belapur, Navi Mumbai, Thane, Maharashtra	OFFICE NO.207, MAYURESH COSMOS, PLOT NO.37 SECTOR-11, CBD BELAPUR, NAVI MUMBAI, THANE, Maharashtra	all_current_passes	no_key_intersection_or_cap
S1-839244643	S2-948667755	S2	India	Sai Technologies Private Limited	Sai Technologies Prahe Limited Limited	Office No.207, Mayuresh Cosmos, Plot No.37 Sector-11, Cbd Belapur, Navi Mumbai, Thane, Maharashtra	OFFICE NO.207, MAYURESH COSMOS, PLOT NO.37 SECTOR-11, CBD BELAPUR, NAVI MUMBAI, THANE, Maharashtra	all_current_passes	no_key_intersection_or_cap
S1-839244643	S2-417110974	S2	India	Sai Technologies Private Limited	साईं टेक्नोलॉजीज प्राइवेट लिमिटेड	Office No.207, Mayuresh Cosmos, Plot No.37 Sector-11, Cbd Belapur, Navi Mumbai, Thane, Maharashtra	OFFICE NO.207, MAYURESH COSMOS, PLOT NO.37 SECTOR-11, CBD BELAPUR, NAVI MUMBAI, THANE, Maharashtra	all_current_passes	no_key_intersection_or_cap
S1-839244643	S3-570621837	S3	India	Sai Technologies Private Limited	#saitechnologies	Office No.207, Mayuresh Cosmos, Plot No.37 Sector-11, Cbd Belapur, Navi Mumbai, Thane, Maharashtra	Office No.207, Mayuresh Cosmos, Plot No.37 Sector-11, Cbd Belapur, Navi Mumbai, Navi Mumbai Region, Thane, महाराष्ट्र	all_current_passes	no_key_intersection_or_cap
S1-706510565	S2-741968728	S2	India	Sankalpa Ventures Private Limited	Sankalpa Venture Private Limited	C/O Roy, Christy Bhavan, Saint Thomas Vayanasala, Chirayinkeezhu, Thiruvananthapuram, Trivandrum, Kerala	DOOR NO 118 C/O ROY, CHRISTY BHAVAN, SAINT THOMAS VAYANASALA, CHIRAYINKEEZHU, THIRUVANANTHAPURAM, കേരളം	all_current_passes	no_key_intersection_or_cap
S1-706510565	S3-290090802	S3	India	Sankalpa Ventures Private Limited	Dovariza	C/O Roy, Christy Bhavan, Saint Thomas Vayanasala, Chirayinkeezhu, Thiruvananthapuram, Trivandrum, Kerala	C/o Roy, Thiruvananthapuram, Trivandrum, കേരളം	all_current_passes	no_key_intersection_or_cap
S1-93763115	S2-568710118	S2	US	Cardiology Modern Health Inc	cardiologymodernhealth.com	1030 8th Street, Yorktown, TX	01030 EIGHTH ST, YORKTOWN, TX	all_current_passes	no_key_intersection_or_cap
S1-93763115	S3-189707927	S3	US	Cardiology Modern Health Inc	cardiologymodernhealth.com	1030 8th Street, Yorktown, TX	8th Street, Yorktown, Texas	all_current_passes	no_key_intersection_or_cap
S1-767460754	S2-91786406	S2	India	International Engineering Pvt Ltd	इंटरनेशनल इंजीनियरिंग प्रा. लि.	H.No. M-18, First Floor, Hari Nagar, Delhhi, South West Delhi, Delhi	H.NO 596 H.NO. M-18, DELHHI, SOUTH WEST DELHI, Delhi	all_current_passes	no_key_intersection_or_cap
S1-805742318	S3-801675941	S3	India	Dream Builders Private Limited	ড্রিম বিল্ডার্স প্রাইভেট লিমিটেড	Upper Bagdogra, Opposite Bus Stand, P.O & P.S-Bagdogra, Phansidewa, Darjiling, Darjeeling, West Bengal	Upper Bagdoira, Darjiling, Opposite Bus Stand, P.o & P.s-bagdogra, Phansidewa, WB, Darjeeling	all_current_passes	no_key_intersection_or_cap
S1-941937998	S2-717195461	S2	India	Dynamic Business Private Limited	डायनामिक बिजनेस प्राइवेट लिमिटेड	Delhi, East Delhi, 1St/ Flr, Bhagwati Business Centre School Blk. Shakarpur, 122	122, 1ST/ FLR, BHAGWATI BUSINESS CENTRE SCHOOL BLK. SHAKARPUR, DELHI, EAST DELHI, Delhi	all_current_passes	no_key_intersection_or_cap
S1-941937998	S2-517487515	S2	India	Dynamic Business Private Limited	डायनामिक Business Private Limited	Delhi, East Delhi, 1St/ Flr, Bhagwati Business Centre School Blk. Shakarpur, 122	122, 1ST/ FLR, BHAGWATI BUSINESS CENTRE SCHOOL BLK. SHAKARPUR, DELHI, EAST DELHI, Delhi	all_current_passes	no_key_intersection_or_cap
S1-941937998	S2-710058941	S2	India	Dynamic Business Private Limited	Dr dynamicbusiness.com	Delhi, East Delhi, 1St/ Flr, Bhagwati Business Centre School Blk. Shakarpur, 122	122, 1ST/ FLR, BHAGWATI BUSNIESS CENTRE SCHOOL BLK. SHAKARPUR, DELHI, Delhi	all_current_passes	no_key_intersection_or_cap
S1-941937998	S2-338928155	S2	India	Dynamic Business Private Limited	डायनामिक बिजनेस प्राइवेट लिमिटेड	Delhi, East Delhi, 1St/ Flr, Bhagwati Business Centre School Blk. Shakarpur, 122	1ST/ FLR, BHAGWATI BUSINESS CENTRE SCHOOL BLK. SHAKARPUR, EAST DELHI, Delhi, 122, DELHI	all_current_passes	no_key_intersection_or_cap
S1-941937998	S3-980857952	S3	India	Dynamic Business Private Limited	डायनामिक बिजनेस प्राइवेट लिमिटेड	Delhi, East Delhi, 1St/ Flr, Bhagwati Business Centre School Blk. Shakarpur, 122	122, 1St/ Flr, Bhagwati Business Centre School Blk. Shakarpur, Delhi, East Delhi, DL	all_current_passes	no_key_intersection_or_cap
S1-255491640	S3-653177531	S3	US	Anchor Realty Services Inc	Pyrapyra Formerly Anchor Realty Services Inc	Palmyra, IL, 642 Main Street	642 Main Street, Palmyra, IL	all_current_passes	no_key_intersection_or_cap
S1-992567403	S2-756949980	S2	India	Sai International Private Limited	साई इंटरनेशनल प्राइवेट लिमिटेड	B36, Singh Bhumi, Khatipura, Kalwad, Rajasthan, Jaipur	JAIPUR, SINGH BHUMI, KHATIPURA, KALWAD, राजस्थान, B36, JAIPUR	all_current_passes	no_key_intersection_or_cap
S1-367418995	S3-190289866	S3	India	Lnp Infracon Ltd	Lnp Infrac0n	Flat No. 501, Maruti Residency Street No.15, Himayatnagar, Hyderabad, Telangana	H.no B3/501, Hyderabad, Andhra Pradesh	all_current_passes	no_key_intersection_or_cap
S1-830735093	S2-476937321	S2	India	Shruti Trust	M/s Shruti Tt	Bangalore South, Karishma Hills Villa No., Bangalore, 135 Gulabi Marg Turahalli, Subramanyapura, Karnataka	KARISHMA HILLS VILLA NO., C-135 GULABI MARG TURAHALLI, SUBRAMANYAPURA, BANGALORE SOUTH, Karnataka	all_current_passes	no_key_intersection_or_cap
S1-830735093	S3-661670773	S3	India	Shruti Trust	Shruti  Tusrt	Bangalore South, Karishma Hills Villa No., Bangalore, 135 Gulabi Marg Turahalli, Subramanyapura, Karnataka	Karishma Hills Villa No., Bangalore, Bangalore South, KA	all_current_passes	no_key_intersection_or_cap
S1-322813591	S3-530253824	S3	India	Indian Trading Private Limited	इंडियन ट्रेडिंग प्राइवेट लिमिटेड	No.-2 Ground Floor Geeta Bhavan, 15A North West Avenue Road Punjabi Bagh West, New Delhi, West Delhi, Delhi	No.-2 Ground Floor Geeta Bhavan, 15A North West Avenue Road Punjabi Bagh West, West Delhi, DL	all_current_passes	no_key_intersection_or_cap
S1-322813591	S3-420494237	S3	India	Indian Trading Private Limited	Umbrahalokelo t/a Indian Trading Private Limited	No.-2 Ground Floor Geeta Bhavan, 15A North West Avenue Road Punjabi Bagh West, New Delhi, West Delhi, Delhi	No.-2 Ground Floor Geeta Bhavan, 15A North West Avenue Road Punjabi Bagh West, New Delhi, West Delhi, Delhi	all_current_passes	no_key_intersection_or_cap
S1-64027159	S2-716939363	S2	US	Andy Ressler Rapid Polestar L.L.C.	resslerandyrapid.com	1460 Bertha Boulevard, Portland, OR	OR, BERTHA BLVD, PORTLAND	all_current_passes	no_key_intersection_or_cap
S1-752936924	S2-36366520	S2	US	Corporate Environmental Brands Associates	Corporate Environmenta1 Brands  Associates	7420 Tomcris Court, Fairfax County, VA		all_current_passes	no_key_intersection_or_cap
S1-476060655	S3-575713249	S3	US	UF Contracting LLC	UF Cdontractig LLC	4932 Redbud Drive, Sand Springs, OK	932 Redbud Drive, Sand Springs, Oklahoma	all_current_passes	no_key_intersection_or_cap
S1-476060655	S3-461391899	S3	US	UF Contracting LLC	Ufcontracting.Com	4932 Redbud Drive, Sand Springs, OK	932 Redbud Drive, Sand Springs, Oklahoma	all_current_passes	no_key_intersection_or_cap
S1-288982338	S2-784932553	S2	India	Renown Institute Pvt Ltd	Belodrexkelo	501, Om Amey Chs Ltd, 5Th Floor, Opp. Odeon Swimming Pool, Ghatkopar (East), Mumbai, Maharashtra	HN 275 501, MUMBAI, GHATKOPAR (EAST), Maharashtra	all_current_passes	no_key_intersection_or_cap
S1-201673109	S2-627968409	S2	India	Seven Solutions Private Limited	सेवन सॉल्यूशंस प्राइवेट लिमिटेड	Noida, Ra-11, Sector-126 Opp-Amity Gate No-2A, Gautam Buddha Nagar, Uttar Pradesh	RA-##11, NOIDA, GAUTAM BUDDHA NAGAR, उत्तर प्रदेश	all_current_passes	no_key_intersection_or_cap
S1-201673109	S2-873338767	S2	India	Seven Solutions Private Limited	सेवन सॉल्यूशंस प्राइवेट लिमिटेड	Noida, Ra-11, Sector-126 Opp-Amity Gate No-2A, Gautam Buddha Nagar, Uttar Pradesh	RA-##11, SECTOR-126 OPP-AMITY GATE NO-2A, GAUTAM BUDDHA NAGAR, NOIDA, Uttar Pradesh	all_current_passes	no_key_intersection_or_cap
S1-201673109	S3-63503057	S3	India	Seven Solutions Private Limited	Smt solutionsseven.com	Noida, Ra-11, Sector-126 Opp-Amity Gate No-2A, Gautam Buddha Nagar, Uttar Pradesh	Ra-11, Sector-126 Opp-amity Gate No-2a, Gautam Buddha Nagar, Noida, UP	all_current_passes	no_key_intersection_or_cap
S1-858430922	S3-309704084	S3	US	White Pipeline of Park Ridge Group	whitepipelinepark.com	IL, Park Ridge, 110 Home Avenue	110 Home Ave, Park Ridge, Illinois	all_current_passes	no_key_intersection_or_cap
S1-37533698	S3-825222852	S3	US	Back Alley Bistro	backalleybistr0.com	1211 Cedar Grove Road, Supply, NC	211 Cedar Grove Rd, Supply, North Carolina	all_current_passes	no_key_intersection_or_cap
S1-37533698	S3-185015817	S3	US	Back Alley Bistro	Bictro Alley Back	1211 Cedar Grove Road, Supply, NC	211 Cedar Grove Rd, Supply, North Carolina	all_current_passes	no_key_intersection_or_cap
S1-454405054	S3-998222823	S3	US	Division of Transportation	Division of Traosopattigno	2788 Larrabee Avenue, Denver, IA	02788 Larrabee Ave, null, Jefferson Township, Iowa	all_current_passes	no_key_intersection_or_cap
S1-750239667	S2-74290399	S2	India	Sun Food Private Limited	সান ফুড প্রাইভেট লিমিটেড	Howrah, Kolkata, 1St Floor 1 Motilal Bysack Lane, Kolkata, Ashtitva Complex, West Bengal	ASHTITVA COMPLEX, 1ST FLOOR 1 MOTILAL BYSACK LANE, KOLKATA, KOLKATA, West Bengal	all_current_passes	no_key_intersection_or_cap
S1-750239667	S3-615748549	S3	India	Sun Food Private Limited	Shri Sun Food Limited Center	Howrah, Kolkata, 1St Floor 1 Motilal Bysack Lane, Kolkata, Ashtitva Complex, West Bengal	Ashtitva Complex, 1St Floor 1 Motilal Bysack Lane, Kolkata, Kolkata, Howrah, WB	all_current_passes	no_key_intersection_or_cap
S1-750239667	S3-145891472	S3	India	Sun Food Private Limited	সান ফুড প্রাইভেট লিমিটেড	Howrah, Kolkata, 1St Floor 1 Motilal Bysack Lane, Kolkata, Ashtitva Complex, West Bengal	Howrah, WB, 1St Floor 1 Motilal Bysack Lane, Kolkata, Ashtitva Complex, Kolkata	all_current_passes	no_key_intersection_or_cap
S1-966140752	S2-373137100	S2	India	Jai Projects Limited	Jai Pohjencts Limited	1St Floor Rajeev Nagar, 29Th Ward, Bellary, Hospet, D No. 1031, Karnataka	D NO. 1030 , 1ST FLOOR RAJEEV NAGAR, 29TH WARD, HOSPET, Karnataka	all_current_passes	no_key_intersection_or_cap
S1-966140752	S3-693841226	S3	India	Jai Projects Limited	Veoquolum f/k/a Jai Projects Limited	1St Floor Rajeev Nagar, 29Th Ward, Bellary, Hospet, D No. 1031, Karnataka	D No. 1031, 1St Floor Rajeev Nagar, 29Th Ward, Hospet, Bellary, Karnataka	all_current_passes	no_key_intersection_or_cap
S1-727168138	S2-675387778	S2	US	Pediatric Dentistry Care Associates, LLC	PEDIATRIC DENGISTRY CARE ASSOCIATES, LLC	75 Morton Boulevard, Oyster Bay, NY	75 MORTON BLVD, OYSTER BAY, NY	all_current_passes	no_key_intersection_or_cap
S1-727168138	S3-913570926	S3	US	Pediatric Dentistry Care Associates, LLC	Pediatric Dentistry Care Associates, LLC (Federation)	75 Morton Boulevard, Oyster Bay, NY	Morton Boulevard, Oyster Bay, New York	all_current_passes	no_key_intersection_or_cap
S1-727168138	S3-901268833	S3	US	Pediatric Dentistry Care Associates, LLC	Pediatric Dentistry Care Associates, LLC Association	75 Morton Boulevard, Oyster Bay, NY	75 Morton Blvd, Plainview, New York	all_current_passes	no_key_intersection_or_cap
S1-22530245	S3-134087016	S3	India	EQ Tech Center	The EQ Tech Center	Tower 16, Plot No-Gh-01, Paras Tierea Sector 137, Uttar Pradesh, Noida, Gautam Buddha Nagar, 2005	2005, Noida, Gautam Buddha Nagar, उत्तर प्रदेश	all_current_passes	no_key_intersection_or_cap
S1-22530245	S3-645164323	S3	India	EQ Tech Center	eqtechcenter.com	Tower 16, Plot No-Gh-01, Paras Tierea Sector 137, Uttar Pradesh, Noida, Gautam Buddha Nagar, 2005	2005, Noida, Gautam Buddha Nagar, UP	all_current_passes	no_key_intersection_or_cap
S1-814059510	S2-227793206	S2	India	Solutions Swastik Consultancyservices	Solutions Sewrtfk Consultancyservices	C-27 Model Town, Delhi	Delhi, C-27 MODEL TOWN, DELHI, NULL	all_current_passes	no_key_intersection_or_cap
S1-900935470	S2-739570395	S2	India	Quilandy Education Pvt Ltd	Synavi	6/432, Kozhikode, Kerala, Kurungoli Meethal, Uttery, Arikkulam (Part), Quilandy	NO 15 6/432, KURUNGOLI MEETHAL, UTTERY, ARIKKULAM (PART), QUILANDY, KOZHIKODE, Kerala	all_current_passes	no_key_intersection_or_cap
S1-900935470	S3-411443180	S3	India	Quilandy Education Pvt Ltd	Lyrafayekelo	6/432, Kozhikode, Kerala, Kurungoli Meethal, Uttery, Arikkulam (Part), Quilandy	Quilandy, Kozhikode, KL, 6/432, Kurungoli Meethal, Uttery, Arikkulam (Part)	all_current_passes	no_key_intersection_or_cap
S1-692080262	S3-453006848	S3	US	Carolynn Colvin Carlyle	Car0lynn Colvin Carlyle Corporation	940 Mccloud Drive, Worthington, KY	Kentucky, Worthington, 940 Mccloud Drive	all_current_passes	no_key_intersection_or_cap
S1-516587903	S3-662019447	S3	India	Varun Saburi (India)-Bundi	Shri Varun Saburi (((India)-Bundi))	Bundi, P.O. Raythal, Bundi, Village Jakhana, Rajasthan, Bundi	RJ, Bundi, P.o. Raythal, Bundi, Village Jakhana, Bundi	all_current_passes	no_key_intersection_or_cap
S1-686327056	S2-442878036	S2	India	Unique Consultants Private Limited	యూనిక్ కన్సల్టెంట్స్ ప్రైవేట్ లిమిటెడ్	Telangana, 361, Hyderabad, Road No.8, Vivekananda Nagar, Kukatpally, Hyderabad	0361, ROAD NO.8, VIVEKANANDA NAGAR, KUKATPALLY, HYDERABAD, Telangana	all_current_passes	no_key_intersection_or_cap
S1-686327056	S2-461187760	S2	India	Unique Consultants Private Limited	యూనిక్ కన్సల్టెంట్స్ ప్రైవేట్ లిమిటెడ్	Telangana, 361, Hyderabad, Road No.8, Vivekananda Nagar, Kukatpally, Hyderabad	HYDERABAD, తెలంగాణ, ROAD NO.8, VIVEKANANDA NAGAR, KUKATPALLY, 0361	all_current_passes	no_key_intersection_or_cap
S1-484105409	S2-56076972	S2	US	Pediatric Dental Health of Rock Hill	Pediatric Déntal Health of	3135 Long Meadow Road, Rock Hill, SC	LONG MEADOW RD, ROCK HILL, SC	all_current_passes	no_key_intersection_or_cap
S1-628836990	S3-174384803	S3	US	Springfield Family Center	Springfield Fimiy Center	160 54th Street, Unit Apartment 26, Springfield, OR	00160 54th St, Unit Apartment 26, Springfield, Oregon	all_current_passes	no_key_intersection_or_cap
S1-706266849	S2-13598650	S2	US	Safe Apparel Innovations Partners	SAFEAPPARELINNOVATIONS.COM	7900 Haymarket Lane, Raleigh, NC	RALEIGH, NC, 7900 HAYMARKET LN	all_current_passes	no_key_intersection_or_cap
S1-890009542	S2-932187797	S2	US	SJ Ace Vendome Inc	#sjace	60 Uneeda Street, Madison, WV	UNEEDA STREET, MADISON, WV	all_current_passes	no_key_intersection_or_cap
S1-890009542	S3-203500929	S3	US	SJ Ace Vendome Inc	SJ Ace Venhdome Inc	60 Uneeda Street, Madison, WV	West Virginia, 1 Uneeda Street, Madison	all_current_passes	no_key_intersection_or_cap
S1-913761779	S3-689079906	S3	US	Mountain Aegon	Mountain Services	Dayton, 2537 Malvern Avenue, OH	253 Malvern Avenue, Dayton, Ohio	all_current_passes	no_key_intersection_or_cap
S1-846442990	S3-524925495	S3	US	Happy Bike Shop! Inc	Happy Bisgke Shop! Inc	1096 Mcmillan Street, Atlanta, GA		all_current_passes	no_key_intersection_or_cap
S1-987797878	S2-159224321	S2	India	Green Consulting Private Limited	ग्रीन कंसल्टिंग प्राइवेट लिमिटेड	Office No. 126, First Flr, Vardhaman Market Chsl Sector 17, Plot No. 75, Vashi, Navi Mumbai, Thane, Maharashtra	OFFICE NO. 126, THANE, Maharashtra	all_current_passes	no_key_intersection_or_cap
S1-987797878	S2-665050779	S2	India	Green Consulting Private Limited	ग्रीन कंसल्टिंग प्राइवेट लिमिटेड	Office No. 126, First Flr, Vardhaman Market Chsl Sector 17, Plot No. 75, Vashi, Navi Mumbai, Thane, Maharashtra	OFFICE NO. 126, THANE, महाराष्ट्र	all_current_passes	no_key_intersection_or_cap
S1-987797878	S3-486174	S3	India	Green Consulting Private Limited	ग्रीन कंसल्टिंग प्राइवेट लिमिटेड	Office No. 126, First Flr, Vardhaman Market Chsl Sector 17, Plot No. 75, Vashi, Navi Mumbai, Thane, Maharashtra	Navi Mumbai, Office No. 126, Thane, MH, First Flr, Vardhaman Market Chsl Sector 17, Plot No. 75, Vashi	all_current_passes	no_key_intersection_or_cap
S1-987797878	S3-817447531	S3	India	Green Consulting Private Limited	ग्रीन कंसल्टिंग प्राइवेट लिमिटेड	Office No. 126, First Flr, Vardhaman Market Chsl Sector 17, Plot No. 75, Vashi, Navi Mumbai, Thane, Maharashtra	Office No. 126, First Flr, Vardhaman Market Chsl Sector 17, Plot No. 75, Vashi, Thane, Navi Mumbai, MH	all_current_passes	no_key_intersection_or_cap
S1-987797878	S3-534234050	S3	India	Green Consulting Private Limited	GC	Office No. 126, First Flr, Vardhaman Market Chsl Sector 17, Plot No. 75, Vashi, Navi Mumbai, Thane, Maharashtra	Office No. 126, First Flr, Vardhaman Market Chsl Sector 17, Plot No. 75, Vashi, Thane, Maharashtra, Navi Mumbai	all_current_passes	no_key_intersection_or_cap
S1-311028490	S2-356686898	S2	India	Niramaya Extractions Private Limited	Niramaya Limited Private Extractions	Flat No A-403, Ph 1 Cghs, Harmoniapartmentsector 23, New Delhi, South West Delhi, Delhi		all_current_passes	no_key_intersection_or_cap
S1-389051499	S3-256393130	S3	US	AP Vehicle	ápvehicle.com	123 Corporate Place, Unit 2082, Chandler, AZ	123-125 Corporate Pl, # 2082, Chandler Townhip, Arizona	all_current_passes	no_key_intersection_or_cap
S1-389051499	S3-963076459	S3	US	AP Vehicle	AP [Vmhicde]	123 Corporate Place, Unit 2082, Chandler, AZ	Corporate Pl, Unit 2082, Chandler Townhip, Arizona	all_current_passes	no_key_intersection_or_cap
S1-995753842	S2-634707860	S2	India	Apex Business LLP	एपेक्स बिजनेस एलएलपी	Jaipur, J-43, Rajasthan, Radha Niwas, Krishana Marg, C-Scheme, Jaipur	J-43, RADHA NIWAS, KRISHANA MARG, C-SCHEME, JAIPUR, राजस्थान	all_current_passes	no_key_intersection_or_cap
S1-995753842	S3-227081385	S3	India	Apex Business LLP	एपेक्स बिजनेस एलएलपी	Jaipur, J-43, Rajasthan, Radha Niwas, Krishana Marg, C-Scheme, Jaipur	J-43, Radha Niwas, Krishana Marg, C-scheme, Jaipur, राजस्थान	all_current_passes	no_key_intersection_or_cap
S1-226099106	S3-389570748	S3	US	XO Allied Marketing LLC	The XO  Allied Marketing LLC	Beverly, WV, 57 Tacy Lane	Tacy Lane, Beverly, West Virginia	all_current_passes	no_key_intersection_or_cap
S1-904198988	S3-503575418	S3	US	Bell Direct Construction	The Bell Dírect Construction	14104 Burning Bush Lane, Silver Spring, MD	Burning Bush Ln, Slver Spring, Maryland	all_current_passes	no_key_intersection_or_cap
S1-449997515	S2-185820806	S2	US	Roberta Bissett All Illumination PLLC	robertabissettall.com	302 Poplar Street, Joseph, OR	302D POPLAR ST, JOSEPH, OR	all_current_passes	no_key_intersection_or_cap
S1-449997515	S3-45315687	S3	US	Roberta Bissett All Illumination PLLC	Bissett, Roberta All PLLC Services	302 Poplar Street, Joseph, OR	00302 Poplar Street, Joseph, Oregon	all_current_passes	no_key_intersection_or_cap
S1-832909571	S2-913276150	S2	India	Rajtech Publications Private Limited	Dr Rajtech Private Publications Limited	Ms Bright Plaza, 3-84/22, Plot No.22, Manikonda, Rangareddy, Telangana	Andhra Pradesh, MS BRIGHT PLAZA, 3-84/22, PLOT NO.22, MANIKONDA, RANGAREDDY	all_current_passes	no_key_intersection_or_cap
S1-10028299	S3-50398053	S3	US	Clean Semiconductor Inc	Clean Inc Center Enterprises	5324 Ronald Road, Peoria, IL		all_current_passes	no_key_intersection_or_cap
S1-261227617	S2-828195405	S2	India	Patna Vinimay Co	Patna Co Center	Vijay Nagar, Patna, Bihar, Patna, Priyambika Apt F.No.A/104	PRIYAMBIKA APT F.NO.A/106, VIJAY NAGAR, PATNA, Bihar	all_current_passes	no_key_intersection_or_cap
S1-261227617	S2-366434495	S2	India	Patna Vinimay Co	Patna Vimiy Co	Vijay Nagar, Patna, Bihar, Patna, Priyambika Apt F.No.A/104	PRIYAMBIKA APT F.NO.A/106, VIJAY NAGAR, PATNA, Bihar	all_current_passes	no_key_intersection_or_cap
S1-261227617	S2-910045309	S2	India	Patna Vinimay Co	CO PATNA VSNRDMAY	Vijay Nagar, Patna, Bihar, Patna, Priyambika Apt F.No.A/104	PRIYAMBIKA APT F.NO.A/106, PATNA, Bihar	all_current_passes	no_key_intersection_or_cap
S1-327941173	S2-231630439	S2	India	Dimensions Charitable Trust	Charitable Dimensi0ns Trust	Shop No - D125, Kanam - 2, Nr. Reliance Chokadi, Kudasan, Gandhinagar, Gandhinagar, Gandhi Nagar, Gujarat	SHOP NO - D125, Gujarat, GANDHI NAGAR	all_current_passes	no_key_intersection_or_cap
S1-616026342	S2-967224746	S2	US	Pannell Veterinary Clinic LLC	Pannell Vrotinary Clinic LLC	1840 Cr 370, Albert, KS		all_current_passes	no_key_intersection_or_cap
S1-301928342	S2-821345059	S2	US	Briski, Alvarado and Burrell LLC	Briski, Briski, Alvarado Burrell LLC (ID: 69984)	1559 Virginia Street, San Bernardino, CA	VIRGINIA STREET, SAN BERNARDINO, CA	all_current_passes	no_key_intersection_or_cap
S1-754267097	S2-266272010	S2	India	Baliram Consultants Private Limited	PRIVATE BALIRAM CONSULTANTS LIMITED	Rama Arked Complex Near, Chhatrapati Shivaji Mahar, Jalna, Maharashtra	BLOCK G-457  RAMA ARKED COMPLEX NEAR, JALNA, Maharashtra	all_current_passes	no_key_intersection_or_cap
S1-48806549	S2-657158866	S2	US	Davaum Capital LLC	Davaum Caaphal LLC	Rootstown, OH, 4521 Hattrick Road	4521 1/2 HATTRICK RD, ROOTSOTWN, OH	all_current_passes	no_key_intersection_or_cap
S1-48806549	S3-942771404	S3	US	Davaum Capital LLC	Davaum Capita1	Rootstown, OH, 4521 Hattrick Road	4523 Hattrick Road, Rootstown Twp, Ohio	all_current_passes	no_key_intersection_or_cap
S1-48806549	S3-270208257	S3	US	Davaum Capital LLC	Orbiflux a/k/a Davaum Capital LLC	Rootstown, OH, 4521 Hattrick Road	4521 Hattrick Road, Rootstown, OH	all_current_passes	no_key_intersection_or_cap
S1-461012885	S2-793348581	S2	US	Oden & Vermette	0den &  Vermette	NY, Plattsburgh, 84 Sailly Avenue	84 SAILLY AVE, PLATTSBURGH, NY	all_current_passes	no_key_intersection_or_cap
S1-461012885	S3-539297257	S3	US	Oden & Vermette	The Oden & Vermette	NY, Plattsburgh, 84 Sailly Avenue	Sailly Ave, Plattsburgh, New York	all_current_passes	no_key_intersection_or_cap
S1-461012885	S3-266757077	S3	US	Oden & Vermette	Oden  & Vchrtede	NY, Plattsburgh, 84 Sailly Avenue		all_current_passes	no_key_intersection_or_cap
S1-568507847	S2-125709988	S2	India	Prime Technologies Private Limited	ప్రైమ్ టెక్నాలజీస్ ప్రైవేట్ లిమిటెడ్	Plot No 152/3 Gf, Vivekananda Nagar Kukatpally, Hyderabad, Telangana	DOOR NO C-152/3 GF, RANGA READY, తెలంగాణ, HYDERABAD	all_current_passes	no_key_intersection_or_cap
S1-568507847	S3-64364635	S3	India	Prime Technologies Private Limited	ప్రైమ్ టెక్నాలజీస్ ప్రైవేట్ లిమిటెడ్	Plot No 152/3 Gf, Vivekananda Nagar Kukatpally, Hyderabad, Telangana	Plot No 152/3 Gf, Hyderabad, తెలంగాణ	all_current_passes	no_key_intersection_or_cap
S1-568507847	S3-609278130	S3	India	Prime Technologies Private Limited	ప్రైమ్ టెక్నాలజీస్ ప్రైవేట్ లిమిటెడ్	Plot No 152/3 Gf, Vivekananda Nagar Kukatpally, Hyderabad, Telangana	152/3 Gf, Hyderabad, TG	all_current_passes	no_key_intersection_or_cap
S1-625184406	S2-250562706	S2	India	Body Marketing Private Limited	bmprivate.com | www.bmprivate.com	Flat No 2, Basundhara App, Gr-02, Jagacha Gip Colony, Bally Jagachha, Howrah, West Bengal	8, HOWRAH, পশ্চিমবঙ্গ	all_current_passes	no_key_intersection_or_cap
S1-707471734	S3-462894505	S3	India	Eastern It Private Limited	ஈஸ்டர்ன் ஐடி பிரைவேட் லிமிடெட்	32, Aziz Mulk I Street, Thousand Lights, Chennai, Tamil Nadu	##32, Chennai, TN	all_current_passes	no_key_intersection_or_cap
S1-707471734	S3-259531581	S3	India	Eastern It Private Limited	ஈஸ்டர்ன் ஐடி பிரைவேட் லிமிடெட்	32, Aziz Mulk I Street, Thousand Lights, Chennai, Tamil Nadu	##32, Chennai, தமிழ்நாடு	all_current_passes	no_key_intersection_or_cap
S1-707471734	S3-770182722	S3	India	Eastern It Private Limited	ஈஸ்டர்ன் ஐடி பிரைவேட் லிமிடெட்	32, Aziz Mulk I Street, Thousand Lights, Chennai, Tamil Nadu	##32, Chennai, தமிழ்நாடு	all_current_passes	no_key_intersection_or_cap
S1-271389334	S2-823925515	S2	India	Srp & Co	Dr SRP & CO	60, 1Stmain, 8Thcross, Vijaya Bank Narmada Colony, Horamavu, Banaswadi, Bangalore, Karnataka	PLOT 529 60, 1STMAIN, 8THCROSS, VIJAYA BANK NARMADA COLONY, HORAMAVU, BANASWADI, BANGALORE, Karnataka	all_current_passes	no_key_intersection_or_cap
S1-271389334	S2-870786706	S2	India	Srp & Co	Srp Co Center	60, 1Stmain, 8Thcross, Vijaya Bank Narmada Colony, Horamavu, Banaswadi, Bangalore, Karnataka	Karnataka, PLOT 529 60, 1STMAIN, 8THCROSS, VIJAYA BANK NARMADA COLONY, HORAMAVU, BANASWADI, BANGALORE	all_current_passes	no_key_intersection_or_cap
S1-636219545	S3-51258920	S3	US	Copes Smart Aktiengesellschaft	The Copes Smart Aktiengesellschaft	99-03 217 Lane, NY, Queens Village	Queens Village, 99-03 217 Ln, New York	all_current_passes	no_key_intersection_or_cap
S1-486233538	S2-175150717	S2	India	Ezee Advisors	ezeeadvisors.com	C/O Fatma Khatoon, Ansar, Nagar, Nawada, Nawadha, Nawada, Bihar	C/O FATMA KHATOON, ANSAR, NAGAR, NAWADA, NAWADHA, Bihar	all_current_passes	no_key_intersection_or_cap
S1-486233538	S3-341921684	S3	India	Ezee Advisors	Ezee Álvhhiohors	C/O Fatma Khatoon, Ansar, Nagar, Nawada, Nawadha, Nawada, Bihar	C/o Fatma Khatoon, Ansar, Nagar, Nawada, Nawadha, Nawadah, बिहार	all_current_passes	no_key_intersection_or_cap
S1-556681933	S2-653868114	S2	US	Pediatric Dentistry Liberty Partners Corp	Pediatric Dontlsttgry Liberty Partners Corp	77 Bender Road, Minisink, NY	77 BENDER RD, MINISINK, NY	all_current_passes	no_key_intersection_or_cap
S1-556681933	S2-537844975	S2	US	Pediatric Dentistry Liberty Partners Corp	CORP PEDIATRIC DENTISTRY LIBERTY PANEDR	77 Bender Road, Minisink, NY	77 BENDER ROAD, MINISINK, NY	all_current_passes	no_key_intersection_or_cap
S1-784753227	S3-483566381	S3	US	Capital Program	Capital Prórglm	10501 Pinebrook Avenue, St. George City, LA	10500 Pinebrook Avenue, Baton Rouge, Louisiana	all_current_passes	no_key_intersection_or_cap
S1-732445076	S2-705601416	S2	India	Life Investments Private Limited	लाइफ इन्वेस्टमेंट्स प्राइवेट लिमिटेड	C/O Sachidanand Sharma, 7 Hf 6/4, B H Colony Near Agamkuan Ps, Kankarbagh, Patna, Bihar	C/O SACHIDANAND SHARMA, 7 HF 6/4, B H COLONY NEAR AGAMKUAN PS, KANKARBAGH, PATNA, Bihar	all_current_passes	no_key_intersection_or_cap
S1-732445076	S2-145039938	S2	India	Life Investments Private Limited	lifeinvestments.com	C/O Sachidanand Sharma, 7 Hf 6/4, B H Colony Near Agamkuan Ps, Kankarbagh, Patna, Bihar	C/O SACHIDANAND SHARMA, #7 HF 6/4, B H COLONY NEAR AGAMKUAN PS, KANKARBAGH, PATNA, Bihar	all_current_passes	no_key_intersection_or_cap
S1-732445076	S2-313357552	S2	India	Life Investments Private Limited	लाइफ इन्वेस्टमेंट्स प्राइवेट लिमिटेड	C/O Sachidanand Sharma, 7 Hf 6/4, B H Colony Near Agamkuan Ps, Kankarbagh, Patna, Bihar	C/O SACHIDANAND SHARMA, PATNA, Bihar	all_current_passes	no_key_intersection_or_cap
S1-732445076	S3-982545136	S3	India	Life Investments Private Limited	लाइफ इन्वेस्टमेंट्स प्राइवेट लिमिटेड	C/O Sachidanand Sharma, 7 Hf 6/4, B H Colony Near Agamkuan Ps, Kankarbagh, Patna, Bihar	C/o Sachidanand Sharma, Patna, BR	all_current_passes	no_key_intersection_or_cap
S1-363533279	S3-480639459	S3	US	The Dent Pilates	The Dent Dent Pilates	3197 Barbour Drive, Virginia Beach City, VA	Virginia, 3197 Barbour Dr, Virginia Beach	all_current_passes	no_key_intersection_or_cap
S1-363533279	S3-17304887	S3	US	The Dent Pilates	Gildlyranovi	3197 Barbour Drive, Virginia Beach City, VA	3197 Barbour Dr, Virginia Beach, Virginia	all_current_passes	no_key_intersection_or_cap
S1-195834336	S2-739381059	S2	India	Unique Projects	यूनिक प्रोजेक्ट्स	Patna, Bihar, Beltron Bhawan P.S: Shashtri Nagar	BELTRON BHAWAN P.S: SHASHTRI NAGAR, PATNA, Bihar	all_current_passes	no_key_intersection_or_cap
S1-195834336	S3-918623495	S3	India	Unique Projects	Violyra	Patna, Bihar, Beltron Bhawan P.S: Shashtri Nagar	Beltron Bhawan P.S: Shashtri Nagar, Patna, Bihar	all_current_passes	no_key_intersection_or_cap
S1-197712484	S3-687889485	S3	US	Burke Safe Navigation LLC	Burke Sfnae Navigation LLC	4813 Gilmour Road, Henrico County, VA	Gilmour Rd, Henrico County, Virginia	all_current_passes	no_key_intersection_or_cap
S1-652027601	S3-915137042	S3	India	Sankar Algorithms LLP	Sankar LLP Center	42A Harish Mukherjee Road, Kolkata, Calcutta, West Bengal	No 42A Harish Mukherjee Road, Calcutta, WB	all_current_passes	no_key_intersection_or_cap
S1-508052111	S2-341233412	S2	India	Ays Projects Private Limited	apprivate.com	Suite 306, Pavani Estates, 3-6-365/C/306, Beside Ttd Kalyana Mandapam, Gagan Mahal, Himayathnagar, Hyderabad, Telangana	SUITE 0306, N/A, HYDERABAD, HIMAYATHNAGAR, Andhra Pradesh	all_current_passes	no_key_intersection_or_cap
S1-508052111	S2-418546968	S2	India	Ays Projects Private Limited	Limited Ays Private Service	Suite 306, Pavani Estates, 3-6-365/C/306, Beside Ttd Kalyana Mandapam, Gagan Mahal, Himayathnagar, Hyderabad, Telangana	SUITE 0306, N/A, HYDERABAD, HIMAYATHNAGAR, Andhra Pradesh	all_current_passes	no_key_intersection_or_cap
S1-523438714	S2-435582396	S2	India	Reap Dealers Pvt. Ltd.	Sri Reap Pvt.  Ltd. Center	Palakkad, Kerala, Palakkad, Room Nos 17/1635/1 17/1635/2 G B Road Palakkad, Palakkad	PLOT 522 ROOM NOS 17/1635/1 17/1635/2 G B ROAD PALAKKAD, PALAKKAD, PALAKKAD, Keralam	all_current_passes	no_key_intersection_or_cap
S1-500543081	S2-975435053	S2	India	Suryaika Infotech Private Limited	suryaikainfotech.com	Mumbai, Maharashtra, Mumbai City, 09 Anjaneshwar Soc., Tejpal Sch. Road No. 3 Vile Parle East	09  ANJANESHWAR SOC., TEJPAL SCH. ROAD NO. 3 VILE PARLE EAST, MUMBAI, Maharashtra	all_current_passes	no_key_intersection_or_cap
S1-508267230	S3-127026895	S3	India	Fortune Engineering Private Limited	fortuneengineering.com	No. 21, Mes Road Muthyal Nagar, Bangalore North, Bangalore, Karnataka	#21, Bangalore North, Bangalore, KA	all_current_passes	no_key_intersection_or_cap
S1-861620410	S2-509546243	S2	US	Behavioral Health Valley Care Associates Inc	Behavioral Health Care Associates Inc Service	7837 Chester Avenue, Indianapolis, IN	7837 CHESTER AVE, INDIANAPOLIS, IN	all_current_passes	no_key_intersection_or_cap
S1-544379692	S2-868596316	S2	US	Olanon Alussa	Olanon Aligsa	IL, Northbrook, 3724 Bernay Drive		all_current_passes	no_key_intersection_or_cap
S1-774848541	S2-880969832	S2	US	Coastal Center	Coastal Sérvice	4914 Cayman Street, Sioux Falls, SD		all_current_passes	no_key_intersection_or_cap
S1-774848541	S3-36254598	S3	US	Coastal Center	coastalcenter.com	4914 Cayman Street, Sioux Falls, SD	4914 Caman St, Sioux Falls, South Dakota	all_current_passes	no_key_intersection_or_cap
S1-409817554	S2-606160947	S2	India	Super Producer Pvt Ltd	సూపర్ ప్రొడ్యూసర్ ప్రైవేట్ లిమిటెడ్	Flat No.401, New Life Building, Opp: T.B .Hospital Sanjeeva Reddy Nagar, Hyderabad, Telangana	NO D/401, NEW LIFE BUILDING, OPP: T.B .HOSPITAL SANJEEVA REDDY NAGAR, HYDERABAD CITY REGION, HYDERABAD, Telangana	all_current_passes	no_key_intersection_or_cap
S1-409817554	S2-714242260	S2	India	Super Producer Pvt Ltd	Super Pvt Ltd Services	Flat No.401, New Life Building, Opp: T.B .Hospital Sanjeeva Reddy Nagar, Hyderabad, Telangana	D/401 , NEW LIFE BUILDING, OPP: T.B .HOSPITAL SANJEEVA REDDY NAGAR, HYDERABAD, Telangana	all_current_passes	no_key_intersection_or_cap
S1-409817554	S3-767990479	S3	India	Super Producer Pvt Ltd	సూపర్ ప్రొడ్యూసర్ ప్రైవేట్ లిమిటెడ్	Flat No.401, New Life Building, Opp: T.B .Hospital Sanjeeva Reddy Nagar, Hyderabad, Telangana	Flat No.401, Hyderabad City Region, Hyderabad, Andhra Pradesh	all_current_passes	no_key_intersection_or_cap
S1-409817554	S3-423684262	S3	India	Super Producer Pvt Ltd	Super Pvt Ltd Services	Flat No.401, New Life Building, Opp: T.B .Hospital Sanjeeva Reddy Nagar, Hyderabad, Telangana	Flat No.401, New Life Building, Opp: T.b .Hospital Sanjeeva Reddy Nagar, Hyderabad City Region, Hyderabad, Andhra Pradesh	all_current_passes	no_key_intersection_or_cap
S1-440203228	S3-55656528	S3	India	Seven Ventures Private Limited	सेवन वेंचर्स प्राइवेट लिमिटेड	401, T-7, Panchsheel Primrose, Govindpuram, Ghaziabad, Uttar Pradesh	Block E-303 401, N/A, Ghaziabad, UP	all_current_passes	no_key_intersection_or_cap
S1-47994415	S2-889097327	S2	India	Newnallakunta Magna Limited	Ectoarc	Hyderabad, Newnallakunta, 2-2-1137/5C, Telangana	2-2-1137/5C, NEWNALLAKUNTA, HYDERABAD, Andhra Pradesh	all_current_passes	no_key_intersection_or_cap
S1-93990641	S2-849526842	S2	India	Good Trading Private Limited	குட் டிரேடிங் பிரைவேட் லிமிடெட்	New No.12, Old No.47, C.I.T. Colony, First Main Road Mylapore, Chennai, Tamil Nadu	#12, OLD NO.47, C.I.T. COLONY, FIRST MAIN ROAD MYLAPORE, MADRAS, SANTHOME, Tamil Nadu	all_current_passes	no_key_intersection_or_cap
S1-93990641	S2-60034755	S2	India	Good Trading Private Limited	குட் டிரேடிங் பிரைவேட் லிமிடெட்	New No.12, Old No.47, C.I.T. Colony, First Main Road Mylapore, Chennai, Tamil Nadu	H.NO #12, OLD NO.47, C.I.T. COLONY, FIRST MAIN ROAD MYLAPORE, CHENNAI, SANTHOME, Tamil Nadu	all_current_passes	no_key_intersection_or_cap
S1-93990641	S3-205971755	S3	India	Good Trading Private Limited	Sri Good Private Limited Service	New No.12, Old No.47, C.I.T. Colony, First Main Road Mylapore, Chennai, Tamil Nadu	New No.12, Old No.47, C.i.t. Colony, First Main Road Mylapore, Chennai, TN	all_current_passes	no_key_intersection_or_cap
S1-93990641	S3-918235209	S3	India	Good Trading Private Limited	குட் டிரேடிங் பிரைவேட் லிமிடெட்	New No.12, Old No.47, C.I.T. Colony, First Main Road Mylapore, Chennai, Tamil Nadu	12, Chennai, TN	all_current_passes	no_key_intersection_or_cap
S1-93990641	S3-693336769	S3	India	Good Trading Private Limited	குட் டிரேடிங் பிரைவேட் லிமிடெட்	New No.12, Old No.47, C.I.T. Colony, First Main Road Mylapore, Chennai, Tamil Nadu	New No.12, Old No.47, C.i.t. Colony, First Main Road Mylapore, Chennai, TN	all_current_passes	no_key_intersection_or_cap
S1-53189919	S2-732671485	S2	India	Gold Infotech Private Limited	கோல்டு இன்ஃபோடெக் பிரைவேட் லிமிடெட்	Tamil Nadu, Chennai, Arumbakkam, Old No.14/3, Sri Sai Illam, Ramasamy Ra Santropalayam, New No.52/1	NEW NO.52/1, OLD NO.14/3, SRI SAI ILLAM, RAMASAMY RA SANTROPALAYAM, ARUMBAKKAM, CHENNAI, Tamil Nadu	all_current_passes	no_key_intersection_or_cap
S1-53189919	S2-34118468	S2	India	Gold Infotech Private Limited	கோல்டு Infotech பிரைவேட் லிமிடெட்	Tamil Nadu, Chennai, Arumbakkam, Old No.14/3, Sri Sai Illam, Ramasamy Ra Santropalayam, New No.52/1	NEW NO.52/1, OLD NO.14/3, SRI SAI ILLAM, RAMASAMY RA SANTROPALAYAM, ARUMBAKKAM, CHENNAI, Tamil Nadu	all_current_passes	no_key_intersection_or_cap
S1-53189919	S2-788660149	S2	India	Gold Infotech Private Limited	கோல்டு இன்ஃபோடெக் பிரைவேட் லிமிடெட்	Tamil Nadu, Chennai, Arumbakkam, Old No.14/3, Sri Sai Illam, Ramasamy Ra Santropalayam, New No.52/1	NEW NO.52/1, ARUMBAKKAM, CHENNAI, Tamil Nadu	all_current_passes	no_key_intersection_or_cap
S1-226368891	S2-419234185	S2	India	Raj Life Solutions Private Limited	రాజ్ లైఫ్ సొల్యూషన్స్ ప్రైవేట్ లిమిటెడ్	85-51-161, Model Colony Vl Puram, Rajahmundry, East Godavari, Andhra Pradesh	Andhra Pradesh, EAST GODAVARI, RAJAHMUNDRY, HN 71 85-51-161	all_current_passes	no_key_intersection_or_cap
S1-226368891	S2-55666386	S2	India	Raj Life Solutions Private Limited	rajlifesolutions.com	85-51-161, Model Colony Vl Puram, Rajahmundry, East Godavari, Andhra Pradesh	Andhra Pradesh, HN 71 85-51-161, MODEL COLONY VL PURAM, RAJAHMUNDRY	all_current_passes	no_key_intersection_or_cap
S1-374835139	S2-541222936	S2	India	Management Virat (trading) Private Limited	managementvirattrading.com	Bangalore, Nimritha Layout, Chikkanayakanahall Post Carmelaram, Sarjapura Road, Bangalore, Bangalore, # 12, Karnataka	# 12, NIMRITHA LAYOUT, CHIKKANAYAKANAHALL POST CARMELARAM, SARJAPURA ROAD, BANGALORE, BANGALORE, Karnataka	all_current_passes	no_key_intersection_or_cap
S1-825190489	S2-499996460	S2	India	Shree Estate	శ్రీ ఎస్టేట్	Rangareddy, Telangana, 5-11-90, 301, Aryamitra Magnolia, Rd16 Alkapur Township, Neknantur, Puppalaguda, Hyderabad	5-11-90, HYDERABAD, RANGAREDDY, Telangana	all_current_passes	no_key_intersection_or_cap
S1-308257020	S2-21075060	S2	US	MRM Stock Inc.	mrmstock.com	900 Montgomery Boulevard, Allen, TX	TX, #900 MONTGOMERY BLVD, ALLN	all_current_passes	no_key_intersection_or_cap
S1-680008372	S3-319382210	S3	India	Solar Solutions Private Limited	Private Solar Solutions Limited	8124, Sector - C, Pocket - 8 Vasant Kunj, New Delhi, South West Delhi, Delhi	8124, Divreportingcircle, DL	all_current_passes	no_key_intersection_or_cap
S1-14437240	S2-308042753	S2	India	New Delhi Nidhi Private Limited	New Private-Nidhi Delhi Limited	55 Nehru Place, Delhi, Fifth Floor 504 Madhuban Building, New Delhi, South Delhi	FIFTH FLOOR 504 MADHUBAN BUILDING, 55 NEHRU PLACE, NEW DELHI, Delhi	all_current_passes	no_key_intersection_or_cap
S1-14437240	S3-505715031	S3	India	New Delhi Nidhi Private Limited	New Delhi  Limited Private Nidhi	55 Nehru Place, Delhi, Fifth Floor 504 Madhuban Building, New Delhi, South Delhi	Fifth Floor 504 Madhuban Building, 55 Nehru Place, New Delhi, South Delhi, दिल्ली	all_current_passes	no_key_intersection_or_cap
S1-14437240	S3-653258161	S3	India	New Delhi Nidhi Private Limited	New Delhi  Niodih Private Limited	55 Nehru Place, Delhi, Fifth Floor 504 Madhuban Building, New Delhi, South Delhi	Fifth Floor 504 Madhuban Building, 55 Nehru Place, New Delhi, South Delhi, DL	all_current_passes	no_key_intersection_or_cap
S1-14437240	S3-98327432	S3	India	New Delhi Nidhi Private Limited	Vantagevera	55 Nehru Place, Delhi, Fifth Floor 504 Madhuban Building, New Delhi, South Delhi	55 Nehru Place, South Delhi, Delhi, New Delhi, Fifth Floor 504 Madhuban Building	all_current_passes	no_key_intersection_or_cap
S1-22342832	S2-170531490	S2	India	Kharar Sons Private Limited	KHARAR SCNS PRIVATE LIMITED	H No-2-Ground Floor, Aero Homes, Vill Jandpur, Kharar, Rupnagar, Punjab	H NO-2-GROUND FLOOR, AERO HOMES, VILL JANDPUR, KARAR, ਪੰਜਾਬ	all_current_passes	no_key_intersection_or_cap
S1-22342832	S3-452834252	S3	India	Kharar Sons Private Limited	khararsons.com	H No-2-Ground Floor, Aero Homes, Vill Jandpur, Kharar, Rupnagar, Punjab	H No-2-ground Floor, Kharar, Rupnagar, PB	all_current_passes	no_key_intersection_or_cap
S1-133191172	S2-331429252	S2	India	Shree Infosoft	Shree Shree Infosoft LLP	Flat No 12 Building No 3Yashraj Park Abhiyanta Nagar, Nasik, Maharashtra	FLAT NO 12 BUILDING NO 3YASHRAJ PARK ABHIYANTA NAGAR, NASIK, महाराष्ट्र	all_current_passes	no_key_intersection_or_cap
S1-133191172	S2-298233881	S2	India	Shree Infosoft	Shree Infolbsft	Flat No 12 Building No 3Yashraj Park Abhiyanta Nagar, Nasik, Maharashtra	NO 12 BUILDING NO 3YASHRAJ PARK ABHIYNTA NAGAR, NASIK, Maharashtra	all_current_passes	no_key_intersection_or_cap
S1-747438578	S2-177005932	S2	US	Mann Partners, Inc	The Mann Partners,  Inc	UT, Draper City (sl Co), 1754 Lone Oak Drive	1754 LNOE OAK DR, DRAPER CITY (SL CO), UT	all_current_passes	no_key_intersection_or_cap
S1-747438578	S2-227868470	S2	US	Mann Partners, Inc	MANNPARTNERS.COM	UT, Draper City (sl Co), 1754 Lone Oak Drive	1754 LONE OAK DRIVE, DRAPER CITY (SL CO), UT	all_current_passes	no_key_intersection_or_cap
S1-747438578	S3-217729413	S3	US	Mann Partners, Inc	Tavojax	UT, Draper City (sl Co), 1754 Lone Oak Drive	PMB 8202, Utah, Draper City (Sl Co), 1754 Lone Oak Drive	all_current_passes	no_key_intersection_or_cap
S1-130981760	S3-427921013	S3	India	Anekal Industries Pvt Ltd	Pvt Anekal Índustries Ltd	H-No 446/46, Rk Township, Yarandhalli, Anekal, Bangalore, Karnataka	H-no 446/46, Anekal, Bengaluru Urban, KA	all_current_passes	no_key_intersection_or_cap
S1-130981760	S3-668716200	S3	India	Anekal Industries Pvt Ltd	Anekal Pvt Ltd Service	H-No 446/46, Rk Township, Yarandhalli, Anekal, Bangalore, Karnataka	H-no 446/46, Anekal, Bengaluru Urban, KA	all_current_passes	no_key_intersection_or_cap
S1-360911062	S2-178336004	S2	US	Bright Book Store	Bright Bk Store	MT, 3004 Leeann Boulevard, Billings		all_current_passes	no_key_intersection_or_cap
S1-687535406	S2-290014113	S2	India	Fortune Builders Private Limited	ফরচুন বিল্ডার্স প্রাইভেট লিমিটেড	Calcutta, Kolkata, 20 Marquis Street, West Bengal	KOLKATA, H.NO 5-20 MARQUIS STREET, CALCUTTA, West Bengal	all_current_passes	no_key_intersection_or_cap
S1-687535406	S3-418858432	S3	India	Fortune Builders Private Limited	ফরচুন বিল্ডার্স প্রাইভেট লিমিটেড	Calcutta, Kolkata, 20 Marquis Street, West Bengal	#20 Marquis Street, Kolkata, Calcutta, WB	all_current_passes	no_key_intersection_or_cap
S1-853988517	S2-139904053	S2	India	Aditya Consultancy Private Limited	ஆதித்யா கன்சல்டன்சி பிரைவேட் லிமிடெட்	No-96/2, Ground Floor Fifth Street Extension, Gandhipuram, Coimbatore, Tamil Nadu	COIMBATORE, NO-96/2, Tamil Nadu, COIMBATORE, GROUND FLOOR FIFTH STREET EXTENSION, GANDHIPURAM	all_current_passes	no_key_intersection_or_cap
S1-616232777	S2-254255107	S2	India	Vayudoot (India) Service Limited	Vayudoot Service Limited Center	Plot No 1 Tapi Vihar Soc., Ram Mandir, Nana Varachha, Surat, Gujarat		all_current_passes	no_key_intersection_or_cap
S1-616232777	S3-956980917	S3	India	Vayudoot (India) Service Limited	Vayudoot (hnmia) Service Limited	Plot No 1 Tapi Vihar Soc., Ram Mandir, Nana Varachha, Surat, Gujarat	Plot No 1 Tapi Vihar Soc., Surat, GJ	all_current_passes	no_key_intersection_or_cap
S1-388049779	S2-278548650	S2	India	Good Tirupati Impex Private Limited	ಗುಡ್ ತಿರುಪತಿ ಇಂಪೆಕ್ಸ್ ಪ್ರೈವೇಟ್ ಲಿಮಿಟೆಡ್	Karnataka, 4Th Floor, Smart Avenue, 80 Feet Road Indiranagar, Flat No-4-03, Bangalore	FLAT NO-4-03/7, 4TH FLOOR, SMART AVENUE, 80 FEET ROAD INDIRANAGAR, BANGALORE, INDIRANAGAR, ಕರ್ನಾಟಕ	all_current_passes	no_key_intersection_or_cap
S1-388049779	S2-218552157	S2	India	Good Tirupati Impex Private Limited	ಗುಡ್ ತಿರುಪತಿ ಇಂಪೆಕ್ಸ್ ಪ್ರೈವೇಟ್ ಲಿಮಿಟೆಡ್	Karnataka, 4Th Floor, Smart Avenue, 80 Feet Road Indiranagar, Flat No-4-03, Bangalore	FLAT NO-4-03/7, 4TH FLOOR, SMART AVENUE, 80 FEET ROAD INDIRANAGAR, BANGALORE, INDIRANAGAR, ಕರ್ನಾಟಕ	all_current_passes	no_key_intersection_or_cap
S1-388049779	S2-593836013	S2	India	Good Tirupati Impex Private Limited	ಗುಡ್ ತಿರುಪತಿ ಇಂಪೆಕ್ಸ್ ಪ್ರೈವೇಟ್ ಲಿಮಿಟೆಡ್	Karnataka, 4Th Floor, Smart Avenue, 80 Feet Road Indiranagar, Flat No-4-03, Bangalore	FLAT NO-4-03/7, BANGALORE, INDIRANAGAR, Karnataka	all_current_passes	no_key_intersection_or_cap
S1-388049779	S2-304389251	S2	India	Good Tirupati Impex Private Limited	Private Good Tirupati Impex Limited	Karnataka, 4Th Floor, Smart Avenue, 80 Feet Road Indiranagar, Flat No-4-03, Bangalore	INDIRANAGAR, ಕರ್ನಾಟಕ, FOAT NO-4-03/7, BANGALORE, 4TH FLOOR, SMART AVENUE, 80 FEET ROAD INDIRANAGAR	all_current_passes	no_key_intersection_or_cap
S1-388049779	S2-627213719	S2	India	Good Tirupati Impex Private Limited	ಗುಡ್ ತಿರುಪತಿ ಇಂಪೆಕ್ಸ್ ಪ್ರೈವೇಟ್ ಲಿಮಿಟೆಡ್	Karnataka, 4Th Floor, Smart Avenue, 80 Feet Road Indiranagar, Flat No-4-03, Bangalore	FLT NO-4-03/7, 4TH FLOOR, SMART AVENUE, 80 FEET ROAD INDIRANAGAR, BANGALORE, INDIRANAGAR, Karnataka	all_current_passes	no_key_intersection_or_cap
S1-388049779	S3-967697107	S3	India	Good Tirupati Impex Private Limited	ಗುಡ್ ತಿರುಪತಿ ಇಂಪೆಕ್ಸ್ ಪ್ರೈವೇಟ್ ಲಿಮಿಟೆಡ್	Karnataka, 4Th Floor, Smart Avenue, 80 Feet Road Indiranagar, Flat No-4-03, Bangalore	Flat No-004-03, Bangalore, KA, Bangalore, 4Th Floor, Smart Avenue, 80 Feet Road Indiranagar	all_current_passes	no_key_intersection_or_cap
S1-388049779	S3-547059186	S3	India	Good Tirupati Impex Private Limited	ಗುಡ್ ತಿರುಪತಿ ಇಂಪೆಕ್ಸ್ ಪ್ರೈವೇಟ್ ಲಿಮಿಟೆಡ್	Karnataka, 4Th Floor, Smart Avenue, 80 Feet Road Indiranagar, Flat No-4-03, Bangalore	Flat No-004-03, 4Th Floor, Smart Avenue, 80 Feet Road Indiranagar, Bangalore, KA	all_current_passes	no_key_intersection_or_cap
S1-388049779	S3-476480805	S3	India	Good Tirupati Impex Private Limited	ಗುಡ್ ತಿರುಪತಿ ಇಂಪೆಕ್ಸ್ ಪ್ರೈವೇಟ್ ಲಿಮಿಟೆಡ್	Karnataka, 4Th Floor, Smart Avenue, 80 Feet Road Indiranagar, Flat No-4-03, Bangalore	Flat No-004-03, 4Th Floor, Smart Avenue, 80 Feet Road Indiranagar, Bangalore, ಕರ್ನಾಟಕ	all_current_passes	no_key_intersection_or_cap
S1-239320834	S3-51362987	S3	US	Painters Local Union 634	Mirapyra formerly Painters Local Union 634	25807 Iron Gate Drive, Madison, AL	AL, Madison, 25807 Iron Gate Drive	all_current_passes	no_key_intersection_or_cap
S1-909369452	S2-73702791	S2	US	Q/D Entertainment	Q/D Enteotaidsmetn	192 Highclere Lane, Selma, NC	HIGHCLERE LANE, SELMA, NC	all_current_passes	no_key_intersection_or_cap
S1-205814890	S2-588843734	S2	US	Linnea Hargrave Pinnacle Properties, LLC	Solveo	WA, Woodinville, 17419 151st Avenue	17419 151ST AVENUE, WOODNVILLE, WA	all_current_passes	no_key_intersection_or_cap
S1-205814890	S3-760051254	S3	US	Linnea Hargrave Pinnacle Properties, LLC	lhpinnacle.com	WA, Woodinville, 17419 151st Avenue	17419 1/2 151rd Ave, Woodnville, Washington	all_current_passes	no_key_intersection_or_cap
S1-4344548	S3-861052416	S3	India	Vasudha (india) Pvt Ltd	Smt Vasudha (india) Pvt	C3, 112, Huda Colony, Chanda Nagar, Hyderabad, Telangana	C3, TG, 112, Huda Colony, Hyderabad, Chanda Nagar	all_current_passes	no_key_intersection_or_cap
S1-901444621	S3-262477760	S3	US	Ace Dynamic Molecular L.L.C.	acedynamicmolecular.com	2161 Dusty Lane, Tucson, AZ	Tucson, #2161 Dusty Lane, Arizona, N/A	all_current_passes	no_key_intersection_or_cap
S1-559322374	S2-673801383	S2	US	Pacific Creative Beyond LLC	IRIRIZAKOR	5845 Boston Lane, Kingston, WA	N/A, WA, KINGSTON, 5845 BOSTON LANE	all_current_passes	no_key_intersection_or_cap
S1-559322374	S3-860372427	S3	US	Pacific Creative Beyond LLC	LLC Pacific Crebative Beyond	5845 Boston Lane, Kingston, WA	Boston Ln, Kingston, Washington	all_current_passes	no_key_intersection_or_cap
S1-729807109	S3-203364619	S3	US	Sherrie Blanc Markets Inc	Blanc, Sherrie Blanc Markets	90 Waterford Drive, Angier, NC	Waterford Drive, Angier Ownship, North Carolina	all_current_passes	no_key_intersection_or_cap
S1-711931055	S3-84131570	S3	US	Tri-State Reliable Medical LLC	Haloorbi née Tri-State Reliable Medical LLC	Webster, 109 Lake Street, MA, Unit 2	109 Lake Street, Unit 2, Webster, MA	all_current_passes	no_key_intersection_or_cap
S1-620702588	S3-757560566	S3	India	Shiva Technologies Private Limited	சிவா டெக்னாலஜீஸ் பிரைவேட் லிமிடெட்	255/1, Gnt Road, Gummidipundii, Tiruvallur, Tamil Nadu	Plot 00155 255/1, Gnt Road, Gummidipundii, Tiruvallur, தமிழ்நாடு	all_current_passes	no_key_intersection_or_cap
S1-784478529	S2-608219810	S2	India	Surat Infrastructure Private Limited	Surat Private Limited Center	Plot No. 33/A, Sagar Co. Op.Housing Soc., Kapodara, Surat, Gujarat	33/A , SAGAR CO. OP.HOUSING SOC., KAPODARA, SURAT, ગુજરાત	all_current_passes	no_key_intersection_or_cap
S1-784478529	S3-159144159	S3	India	Surat Infrastructure Private Limited	Surat Infrastructrre Private Limited	Plot No. 33/A, Sagar Co. Op.Housing Soc., Kapodara, Surat, Gujarat	Plot No. 33/A, Surat, GJ	all_current_passes	no_key_intersection_or_cap
S1-844085842	S2-20569518	S2	India	Tq Worldwide Private Limited	M/s Tq Worldwide Prlnale  Limited	Pune, Baramati, Maharashtra, G.No.51 Plot No 01 Flat No.D1-15 Green Park Phase No 02	G.NO.51 PLOT NO 01 FLAT NO.D1-15 GREEN PARK PHASE NO 02, BARAMATI, Maharashtra	all_current_passes	no_key_intersection_or_cap
S1-192018238	S3-435311219	S3	India	Manas (India) Laboratories Pvt Ltd	manasindialaboratories.com	Shop No.34 Corner Market, Second Floor, Malviya Nagar, South Delhi, Delhi	Shop No.34 Corner Market, Second Floor, Gurugram, Malviya Nagar, DL	all_current_passes	no_key_intersection_or_cap
S1-192018238	S3-481995519	S3	India	Manas (India) Laboratories Pvt Ltd	Manas (tia) Laboratories Pvt  Ltd	Shop No.34 Corner Market, Second Floor, Malviya Nagar, South Delhi, Delhi	Shop No.34 Corner Market, Second Floor, Divreportingcircle, South Delhi, दिल्ली	all_current_passes	no_key_intersection_or_cap
S1-810546634	S3-569972943	S3	India	Shakti Food Pvt Ltd	शक्ति फूड प्रा. लि.	545-C/131, Chandganj Garden Aliganj, Lucknow, Uttar Pradesh	0545-C/131, Chandganj Garden Aliganj, Qaiserbagh, Lucknow, Lucknow, UP	all_current_passes	no_key_intersection_or_cap
S1-394121317	S2-348344890	S2	US	Womens Health Group	Womens  Halh Group	7175 Highway 100, Bon Aqua, TN	7175 HIGHWAY 100, BON AQUA, TN	all_current_passes	no_key_intersection_or_cap
S1-394121317	S3-342859666	S3	US	Womens Health Group	Womens-Health	7175 Highway 100, Bon Aqua, TN	Tennessee, 7175  Highway 100, BON Aquua	all_current_passes	no_key_intersection_or_cap
S1-387757698	S3-385707248	S3	US	Johnson Family Office LLC	Johnson Office LLC Center	76 Verrill Road, Minot, ME	0076 Verrill Road, <NULL>, Minot CP, Maine	all_current_passes	no_key_intersection_or_cap
S1-564500809	S3-105357911	S3	India	Polyfab Constructions Pvt Ltd	polyfabconstructions.com	3-7-481, G.G.Road, Tarasingh Market, Nanded, Maharashtra	Nanded, महाराष्ट्र, Block D-126 3-7-481	all_current_passes	no_key_intersection_or_cap
S1-463577535	S2-231023315	S2	India	Balaji Garments Pvt Ltd	Balaji Pvt Ltd Center - 9766455744	Rajasthan, Udaipur, Bedla, Udaipur, Behind Maliyo Ka Devra	BEHIND MALIYO KA DEVRA, BEDLA, UDAIPUR, Rajasthan	all_current_passes	no_key_intersection_or_cap
S1-463577535	S3-600583014	S3	India	Balaji Garments Pvt Ltd	Balaji Gmcérnst Pvt Ltd	Rajasthan, Udaipur, Bedla, Udaipur, Behind Maliyo Ka Devra	Behind Maliyo Ka Devra, Udaipur, RJ	all_current_passes	no_key_intersection_or_cap
S1-846163628	S2-724782380	S2	US	Aili Zhang Signature Concord	MIRAIRIONYX	2602 M Street, Belleville, KS	M STREET, BELLEVILLE, KS	all_current_passes	no_key_intersection_or_cap
S1-846163628	S3-421136769	S3	US	Aili Zhang Signature Concord	Ailizhang.Com	2602 M Street, Belleville, KS	Belleville, Kansas, 2602 M St	all_current_passes	no_key_intersection_or_cap
S1-846163628	S3-215177930	S3	US	Aili Zhang Signature Concord	Ai1i Zhang Signature Concord	2602 M Street, Belleville, KS	M St, Belleville, Kansas	all_current_passes	no_key_intersection_or_cap
S1-386525421	S2-798796367	S2	India	North Developers Private Limited	ਨਾਰਥ ਡਿਵੈਲਪਰਜ਼ ਪ੍ਰਾਈਵੇਟ ਲਿਮਟਿਡ	House No Hm554 Phase 7, Mohali, Chandigarh, Punjab	HOUSE NO HM554 PHASE 7, MOHALI, CHANDIGARH, Punjab	all_current_passes	no_key_intersection_or_cap
S1-435765746	S3-227209431	S3	India	Guru Infotech Limited	गुरु इंफोटेक लिमिटेड	112/891, Motilal Nagar 1, Near Trikoni Masjid, Goregaon West, Mumbai, Maharashtra	0112/891, Motilal Nagar 1, Near Trikoni Masjid, Goregaon West, Mumbai, MH	all_current_passes	no_key_intersection_or_cap
S1-435765746	S3-197095575	S3	India	Guru Infotech Limited	गुरु इंफोटेक लिमिटेड	112/891, Motilal Nagar 1, Near Trikoni Masjid, Goregaon West, Mumbai, Maharashtra	0112/891, Motilal Nagar 1, Near Trikoni Masjid, Goregaon West, Mumbai, महाराष्ट्र	all_current_passes	no_key_intersection_or_cap
S1-976383283	S2-621554117	S2	India	Ram Krishna Services Private Limited	ராம் கிருஷ்ணா சர்வீசஸ் பிரைவேட் லிமிடெட்	Flat.No.3, Banyan View, Iii Floor, New.No.39, Karpagam Garden, 1St Main Road, Adyar, Chennai, Tamil Nadu	FLAT.NO.D/3, CHENNAI, தமிழ்நாடு	all_current_passes	no_key_intersection_or_cap
S1-976383283	S2-983792793	S2	India	Ram Krishna Services Private Limited	ராம் கிருஷ்ணா சர்வீசஸ் பிரைவேட் லிமிடெட்	Flat.No.3, Banyan View, Iii Floor, New.No.39, Karpagam Garden, 1St Main Road, Adyar, Chennai, Tamil Nadu	FLAT.NO.D/3, CHENNAI, Tamil Nadu	all_current_passes	no_key_intersection_or_cap
S1-976383283	S3-210139553	S3	India	Ram Krishna Services Private Limited	ராம் கிருஷ்ணா சர்வீசஸ் பிரைவேட் லிமிடெட்	Flat.No.3, Banyan View, Iii Floor, New.No.39, Karpagam Garden, 1St Main Road, Adyar, Chennai, Tamil Nadu	H.no 3, N/A, Chennai, TN	all_current_passes	no_key_intersection_or_cap
S1-815151995	S3-987802407	S3	US	International Energy Global LLC	@internationalenergy	344 Race Track Road, Prosperity, WV	Prosperity CITY, 344D Race Track Road, West Virginia	all_current_passes	no_key_intersection_or_cap
S1-845770501	S3-239917489	S3	US	Urgent Care Associates, Inc.	Urgent Care Assoacteh, lnc	5 Enfield Avenue, Methuen, MA	5 Enfild Ave, Methuen, Massachusetts	all_current_passes	no_key_intersection_or_cap
S1-220619089	S3-129669925	S3	India	Baba Consultancy Private Limited	ਬਾਬਾ ਕੰਸਲਟੈਂਸੀ ਪ੍ਰਾਈਵੇਟ ਲਿਮਟਿਡ	#Z-4/02379, W. No.15, 4-Guru Arjun Dev Nagar, Moga, Punjab	#Z-/02379, Moga, PB	all_current_passes	no_key_intersection_or_cap
S1-942610429	S2-36868726	S2	US	All Commercial Ventures, LLC	allcommercialventures.com	1237 Liberty Avenue, Ogden City, UT	001237 LIBERTY AVE, OGDEN, UT	all_current_passes	no_key_intersection_or_cap
S1-422217931	S2-704489936	S2	India	Surya Golden Enterprises Private Limited	सूर्य गोल्डन एंटरप्राइजेज प्राइवेट लिमिटेड	B 251 Grand Paradikemps Corner, Mumbai, Maharashtra	BOMBAY, B D/251 GRAND PARADIKEMPS CORNER, MUMBAI, Maharashtra	all_current_passes	no_key_intersection_or_cap
S1-422217931	S2-587074460	S2	India	Surya Golden Enterprises Private Limited	सूर्य गोल्डन एंटरप्राइजेज प्राइवेट लिमिटेड	B 251 Grand Paradikemps Corner, Mumbai, Maharashtra	B D/251 GRAND PARADIKEMPS CORNER, BOMBAY, MUMBAI, Maharashtra	all_current_passes	no_key_intersection_or_cap
S1-619407649	S2-95309093	S2	US	Urgent Care Health LLC	Urgent Care Heth LLC	41 Belcher Street, Essex, MA	41 BELCHER STREET, ESSEX, MA	all_current_passes	no_key_intersection_or_cap
S1-619407649	S3-875322696	S3	US	Urgent Care Health LLC	urgentcarehealth.com	41 Belcher Street, Essex, MA	41 Belcher Street, Essex, Massachusetts	all_current_passes	no_key_intersection_or_cap
S1-775127908	S2-710291803	S2	India	Arihant Exports Private Limited	અરિહંત એક્સપોર્ટ્સ પ્રાઇવેટ લિમિટેડ	Ahmedabad, M 31, Shivani Apartments Near Azad Society, Ambawadi, Gujarat, Ahmedabad	M 31, AHMEDABAD, Gujarat	all_current_passes	no_key_intersection_or_cap
S1-775127908	S2-782399741	S2	India	Arihant Exports Private Limited	અરિહંત એક્સપોર્ટ્સ પ્રાઇવેટ લિમિટેડ	Ahmedabad, M 31, Shivani Apartments Near Azad Society, Ambawadi, Gujarat, Ahmedabad	M 31, AHMEDABAD, ગુજરાત	all_current_passes	no_key_intersection_or_cap
S1-775127908	S3-38174994	S3	India	Arihant Exports Private Limited	અરિહંત Exports Private Limited	Ahmedabad, M 31, Shivani Apartments Near Azad Society, Ambawadi, Gujarat, Ahmedabad	M 31, Shivani Apartments Near Azad Society, Ambawadi, Ahmedabad, GJ	all_current_passes	no_key_intersection_or_cap
S1-830891960	S2-739601922	S2	India	Perfect Enterprises Private Limited	परफेक्ट एंटरप्राइजेज प्राइवेट लिमिटेड	32 Aradhana Colonysector 13 R K Puram, New Delhi, West Delhi, Delhi	NEW DELHI, Delhi, 343 ARADHANA COLONYSECTOR 13 R K PURAM	all_current_passes	no_key_intersection_or_cap
S1-830891960	S2-322666686	S2	India	Perfect Enterprises Private Limited	परफेक्ट एंटरप्राइजेज प्राइवेट लिमिटेड	32 Aradhana Colonysector 13 R K Puram, New Delhi, West Delhi, Delhi	H.NO 1 ARADHANA COLONYSECTOR 13 R K PURAM, NEW DELHI, WEST DELHI, Delhi	all_current_passes	no_key_intersection_or_cap
S1-830891960	S3-577507465	S3	India	Perfect Enterprises Private Limited	Private Perfect Enterprises Ltd	32 Aradhana Colonysector 13 R K Puram, New Delhi, West Delhi, Delhi	No 32 Aradhana Colonysector 13 R K Puram, West Delhi, New Delhi, DL	all_current_passes	no_key_intersection_or_cap
S1-830891960	S3-461435535	S3	India	Perfect Enterprises Private Limited	The Perfect Enterprises Private Limited	32 Aradhana Colonysector 13 R K Puram, New Delhi, West Delhi, Delhi	Delhi, DL, 343 Aradhana Colonysector 13 R K Puram, West Delhi	all_current_passes	no_key_intersection_or_cap
S1-979707775	S2-788998969	S2	India	Raviesh Farmhouses Pvt. Ltd.	Raviesh Pvt. Farmhouses Ltd.	89/2, Nandanwan Colony Avantika Hospital Samor, Jalgaon, Maharashtra		all_current_passes	no_key_intersection_or_cap
S1-979707775	S3-126920005	S3	India	Raviesh Farmhouses Pvt. Ltd.	Raviesh Fertshosues Pvt. Ltd.	89/2, Nandanwan Colony Avantika Hospital Samor, Jalgaon, Maharashtra	H.no 141 89/2, Nandanwan Colony Avantika Hospital Samor, Jalgaon, महाराष्ट्र	all_current_passes	no_key_intersection_or_cap
S1-517639480	S2-285509101	S2	US	Gray, Kelcey T., L.C.S.W.	Gray,  Kelcsy T., L.C.S.W.	14220 Tuckahoe Avenue, Cleveland, OH	CLEVELAND, OH, 014220 TUCKAHOE AVENUE	all_current_passes	no_key_intersection_or_cap
S1-775746787	S2-874026038	S2	India	North Industries Private Limited	नॉर्थ इंडस्ट्रीज प्राइवेट लिमिटेड	Iv/928, Chotta Chippiwara Chawri Bazar, Delhi	PLOT 991 IV/928, NEW DELHI, DELHI	all_current_passes	no_key_intersection_or_cap
S1-412903137	S2-821691462	S2	US	Ridge Gsr Inc	Pyrasyn	429 Matthew Street, Barbourville, KY	429-431 MATTHEW ST, BARBOURVILLE, KY	all_current_passes	no_key_intersection_or_cap
S1-776994594	S2-883418707	S2	India	Dream Management Private Limited	డ్రీమ్ మేనేజ్‌మెంట్ ప్రైవేట్ లిమిటెడ్	3-105/3/A/13, East Hanuman Nagar, Boduppal, Hyderabad, Telangana	HYDERABAD, 3-105/3/A/13, Andhra Pradesh	all_current_passes	no_key_intersection_or_cap
S1-776994594	S2-74141587	S2	India	Dream Management Private Limited	డ్రీమ్ మేనేజ్‌మెంట్ ప్రైవేట్ లిమిటెడ్	3-105/3/A/13, East Hanuman Nagar, Boduppal, Hyderabad, Telangana	Andhra Pradesh, HYDERABAD, 3-105/3/A/13, HYDERABAD, EAST HANUMAN NAGAR, BODUPPAL	all_current_passes	no_key_intersection_or_cap
S1-668526761	S2-51623269	S2	India	High Impex Private Limited	ਹਾਈ ਇੰਪੈਕਸ ਪ੍ਰਾਈਵੇਟ ਲਿਮਟਿਡ	H.No. 10, Block A2 Savitry Enclave, Vip Road, Zirakpur, Mohali, Punjab	H.NO. 10, MOHALI, ZIRAKPUR, Punjab	all_current_passes	no_key_intersection_or_cap
S1-668526761	S3-8002550	S3	India	High Impex Private Limited	High  lmpex	H.No. 10, Block A2 Savitry Enclave, Vip Road, Zirakpur, Mohali, Punjab	Block A2 Savitry Enclave, Vip Road, H.no 10, Mohali, ਪੰਜਾਬ, Zirakpur	all_current_passes	no_key_intersection_or_cap
S1-668526761	S3-83940767	S3	India	High Impex Private Limited	High Private Impex Limited	H.No. 10, Block A2 Savitry Enclave, Vip Road, Zirakpur, Mohali, Punjab	PB, Block A2 Savitry Enclave, Vip Road, Mohali, 10, Zirakpur	all_current_passes	no_key_intersection_or_cap
S1-255195649	S2-830995190	S2	US	Hernandez & Raley LLC	Hernandez & Rey LLC	115 Washington Avenue, Grand Junction, TN	11 WASHINGTON AVE, GRAND JJUNCTION, TN	all_current_passes	no_key_intersection_or_cap
S1-809355907	S2-643626562	S2	US	Pediatric Dentistry Select Partners LLC	Pediatric Dentistry Select	1299 Ivy Lane, Horsham Township, PA	1299 IVY LANE, HORSHAM TOWNSHIP, PA	all_current_passes	no_key_intersection_or_cap
S1-809355907	S3-303141060	S3	US	Pediatric Dentistry Select Partners LLC	Pediatric Dentistry Select	1299 Ivy Lane, Horsham Township, PA	1299 Ivy Lane, Horsham Township, Pennsylvania	all_current_passes	no_key_intersection_or_cap
S1-797604163	S3-278672198	S3	India	Shrinathji Consultants Pvt. Ltd.	pvt. shrinathji consultants ltd.	Chiripal House, Shivranjani Cross Road, Satellite, Ahmadabad City, Ahmedabad, Gujarat	Door No 591 Chiripal House, Shivranjani Cross Road, Satellite, Ahmadabad City, Ahmedabad, GJ	all_current_passes	no_key_intersection_or_cap
S1-606315174	S2-517372451	S2	India	North Trading Private Limited	நார்த் டிரேடிங் பிரைவேட் லிமிடெட்	No.20/2, Angammal Colony, Salem, Tamil Nadu	NO.D/20/2, ANGAMMAL COLONY, SALEM, Tamil Nadu	all_current_passes	no_key_intersection_or_cap
S1-369433612	S3-737752434	S3	India	Aastik Nagar Private Limited	Sri Aastik Nfghr Private Limited	Extd Maikrupa Society, Karelibag Road, C-10, Vadodara, Gujarat	C-10, Kareli Bagh, ગુજરાત	all_current_passes	no_key_intersection_or_cap
S1-369433612	S3-651048534	S3	India	Aastik Nagar Private Limited	Aastiknagar.Com	Extd Maikrupa Society, Karelibag Road, C-10, Vadodara, Gujarat	C-10, Kareli Bagh, GJ	all_current_passes	no_key_intersection_or_cap
S1-339253042	S3-962470310	S3	India	Delhi Chits Private Limited	Aviecto	4677, Basement Gali No 49, Reghar Pura, Karol Bagh, Vishnu Mandir, Delhi, Central Delhi, Delhi	4677/3, Basement Gali No 49, Reghar Pura, Karol Bagh, Vishnu Mandir, Central Delhi, Delhi, DL	all_current_passes	no_key_intersection_or_cap
S1-339253042	S3-550532461	S3	India	Delhi Chits Private Limited	Delhi Delhi Private Chits Limited	4677, Basement Gali No 49, Reghar Pura, Karol Bagh, Vishnu Mandir, Delhi, Central Delhi, Delhi	4677/3, Basement Gali No 49, Reghar Pura, Karol Bagh, Vishnu Mandir, Delhi, Central Delhi, DL	all_current_passes	no_key_intersection_or_cap
S1-55649452	S3-976526092	S3	US	Lower Endocrinology	Lower Service	484 Main Street, Fitchburg, MA	Main St, Fitchburg, Massachusetts	all_current_passes	no_key_intersection_or_cap
S1-55649452	S3-225460320	S3	US	Lower Endocrinology	Lower Endocrienthogy	484 Main Street, Fitchburg, MA		all_current_passes	no_key_intersection_or_cap
S1-399433959	S2-473110779	S2	US	Garcia and Coulson Cherry	garciacoulsoncherry.com	15011 Xkimo Street, Ramsey, MN	Xkimo Street, RAMSEY, MN	all_current_passes	no_key_intersection_or_cap
S1-652238226	S2-118055572	S2	India	Transworld Jeevan Pvt Ltd	Transworld Jeegafn Pvt Ltd	Flat No.502, Bldg-59 E-Wing, New Mhada Ganesh Nagar, Nr Atharva College, Malad W, Maharashtra, Mumbai, Mumbai City		all_current_passes	no_key_intersection_or_cap
S1-652238226	S3-553404835	S3	India	Transworld Jeevan Pvt Ltd	Transw0rld Pvt Jeevan Ltd	Flat No.502, Bldg-59 E-Wing, New Mhada Ganesh Nagar, Nr Atharva College, Malad W, Maharashtra, Mumbai, Mumbai City	Flat No.502, Bldg-59 E-wing, New Mhada Ganesh Nagar, Nr Atharva College, Malad W, Greater Bombay, Mumbai City, महाराष्ट्र	all_current_passes	no_key_intersection_or_cap
S1-652238226	S3-536001604	S3	India	Transworld Jeevan Pvt Ltd	Avilum+	Flat No.502, Bldg-59 E-Wing, New Mhada Ganesh Nagar, Nr Atharva College, Malad W, Maharashtra, Mumbai, Mumbai City	Flat No.502, Bldg-59 E-Wing, New Mhada Ganesh Nagar, Nr Atharva College, Malad W, Mumbai, Mumbai City, Maharashtra	all_current_passes	no_key_intersection_or_cap
S1-79269528	S3-235496942	S3	US	Urgent Care Physicians Inc	Urgent Care Physicians Inc (District)	3 Barberry Drive, Wooster, OH	3 Barberry Drive, Wooster CITY, Ohio	all_current_passes	no_key_intersection_or_cap
S1-79269528	S3-11818598	S3	US	Urgent Care Physicians Inc	Lumbrixvera One t/a Urgent Care Physicians Inc	3 Barberry Drive, Wooster, OH	3 Barberry Drive, Wooster, OH	all_current_passes	no_key_intersection_or_cap
S1-572343716	S3-46495808	S3	India	Absolute Farmer Pvt Ltd	Absolute Pvt Ltd Service	Flat No E2 Kali Park, Meena Flora Apartment, Rajarhat, North 24 Parganas, West Bengal		all_current_passes	no_key_intersection_or_cap
S1-540857690	S2-29080517	S2	India	Budhia Enterprises Pvt Ltd	VANTAGEDELTA	No. 745 10Th Main 3Rd Block, 3Rd Stage, Basaveshwaranagar, Bengaluru, Bangalore, Karnataka	NO. 00745 10TH MAIN 3RD BLOCK, 3RD STAGE, BASAVESHWARANAGAR, BENGALURU, BANGALORE, Karnataka	all_current_passes	no_key_intersection_or_cap
S1-957798530	S2-908648456	S2	US	Hunger Platinum Alliance Inc.	Inc. Hunger Platidnemum Alliance	1928 Redbud Drive, Hamilton, OH	001928 REDBUD DRIVE, HAMILTON, OH	all_current_passes	no_key_intersection_or_cap
S1-624693230	S2-229114852	S2	US	Codee's Liberty Roofing	Liberty C0dee's Roofing	2202 Robinwood Drive, Fort Worth, TX	2202-2206 ROBINWOOD DR, FT WORTH, TX	all_current_passes	no_key_intersection_or_cap
S1-739576263	S2-999050005	S2	India	Jwala Infraventures Limited	Services Jwala Limited	#18 Anand Building, Opp Aes School Shed1 Kg Halli Jalahalli West, Bangalore, Karnataka	#018 ANAND BTILDING, BANGALORE, ಕರ್ನಾಟಕ	all_current_passes	no_key_intersection_or_cap
S1-739576263	S2-605082717	S2	India	Jwala Infraventures Limited	JWALA INFRAVERTURES LIMITED #30473	#18 Anand Building, Opp Aes School Shed1 Kg Halli Jalahalli West, Bangalore, Karnataka	#018 ANAND BUILDING, OPP AES SCHOOL SHED1 KG HALLI JALAHALLI WEST, BANGALORE, Karnataka	all_current_passes	no_key_intersection_or_cap
S1-739576263	S3-762687811	S3	India	Jwala Infraventures Limited	Dr Jwala Infavenutres Limited	#18 Anand Building, Opp Aes School Shed1 Kg Halli Jalahalli West, Bangalore, Karnataka	H.no 18 Anand Building, Opp Aes School Shed1 Kg Halli Jalahalli West, Bangalore, null, KA	all_current_passes	no_key_intersection_or_cap
S1-100545494	S2-858881266	S2	US	Hale & Cruz LLC	Hale & Cru LLC	802 Main Street, Anamosa, IA	802 1/2 MAIN STREET, ANAMOSA, IA	all_current_passes	no_key_intersection_or_cap
S1-100545494	S2-552918384	S2	US	Hale & Cruz LLC	Quonovizeta	802 Main Street, Anamosa, IA	ANAMOSA, 802 1/2 MAIN STREET, IA	all_current_passes	no_key_intersection_or_cap
S1-100545494	S2-144732000	S2	US	Hale & Cruz LLC	HALECRUZ.COM	802 Main Street, Anamosa, IA	802 1/2 MAIN ST, ANAMOSA, IA	all_current_passes	no_key_intersection_or_cap
S1-526539553	S2-473888328	S2	India	Bright Trading LLP	బ్రైట్ ట్రేడింగ్ ఎల్‌ఎల్‌పీ	Door No 83C/4, 5-94-14/A, 6/13Th Line, Brodipet, Guntur, Andhra Pradesh	Andhra Pradesh, H.NO 83C/4, GUNTUR	all_current_passes	no_key_intersection_or_cap
S1-526539553	S2-729290363	S2	India	Bright Trading LLP	బ్రైట్ ట్రేడింగ్ ఎల్‌ఎల్‌పీ	Door No 83C/4, 5-94-14/A, 6/13Th Line, Brodipet, Guntur, Andhra Pradesh	DOOR NO 83C/4, 5-94-14/A, 6/13TH LINE, BRODIPET, GUNTUR, ఆంధ్రప్రదేశ్	all_current_passes	no_key_intersection_or_cap
S1-526539553	S3-705514283	S3	India	Bright Trading LLP	బ్రైట్ ట్రేడింగ్ ఎల్‌ఎల్‌పీ	Door No 83C/4, 5-94-14/A, 6/13Th Line, Brodipet, Guntur, Andhra Pradesh	3C/4, 5-94-14/A, 6/13Th Line, Brodipet, Guntur, ఆంధ్రప్రదేశ్	all_current_passes	no_key_intersection_or_cap
S1-539499396	S2-612233207	S2	US	Callison Veterinary Clinic	The Callison Veterinary Clinic	221 13th Street, Ashland, OH	ASHLAND CITY, OH, 221 13TH STREET	all_current_passes	no_key_intersection_or_cap
S1-230957344	S2-58643919	S2	India	Indore Bliss	INDORE SERVICES	Office No.516, Apollo Creation, Near Vijay Nagar Square, Sheetal Nagar, Indore, Madhya Pradesh	BLOCK G-29 OFFICE NO.516, APOLLO CREATION, NEAR VIJAY NAGAR SQUARE, SHEETAL NAGAR, INDORE, Madhya Pradesh	all_current_passes	no_key_intersection_or_cap
S1-230957344	S3-419520694	S3	India	Indore Bliss	Tavoecto Co	Office No.516, Apollo Creation, Near Vijay Nagar Square, Sheetal Nagar, Indore, Madhya Pradesh	Indore, Apollo Creation, Near Vijay Nagar Square, Sheetal Nagar, Indore, Office No.516, Madhya Pradesh	all_current_passes	no_key_intersection_or_cap
S1-35831332	S2-221469323	S2	US	Horizon Supreme Third L.L.C.	THIRDHORIZONSUPREME.COM	11229 B Avalanche Way, Columbia, MD	1229 B AVALANCHE WAY, COLUMBIA CITY, MD	all_current_passes	no_key_intersection_or_cap
S1-35831332	S3-617217160	S3	US	Horizon Supreme Third L.L.C.	Horizon Third L.L.C.  Services	11229 B Avalanche Way, Columbia, MD	Avalanche Way, Colummbia, Maryland	all_current_passes	no_key_intersection_or_cap
S1-190258216	S2-78541475	S2	US	Quang Molecular Inc	Quang Moleucahr  Inc (ID: 13808)	NC, 174 Aly Lane, Stony Point	ALY LN, <NULL>, STONY POINT, NC	all_current_passes	no_key_intersection_or_cap
S1-190258216	S3-217133684	S3	US	Quang Molecular Inc	The-Quang Molecular Inc	NC, 174 Aly Lane, Stony Point	174 Aly Ln, Stony Point, North Carolina	all_current_passes	no_key_intersection_or_cap
S1-949948557	S2-731450644	S2	India	Tech Food Private Limited	टेक फूड प्राइवेट लिमिटेड	124, Sukh Shanti Nagar, Near Nagori Bera, Jodhpur, Rajasthan	124, JODHPUR, Rajasthan	all_current_passes	no_key_intersection_or_cap
S1-949948557	S2-245172620	S2	India	Tech Food Private Limited	टेक फूड प्राइवेट लिमिटेड	124, Sukh Shanti Nagar, Near Nagori Bera, Jodhpur, Rajasthan	124, JODHPUR, Rajasthan	all_current_passes	no_key_intersection_or_cap
S1-635744935	S2-217310911	S2	US	Best Premier Preferred Inc	Inc Best Pnieemr Preferred	3719 Bay Drive, Unit APARTMENT 1, Middle River, MD	371 BAY DR, MIDDLE RIVER, MD	all_current_passes	no_key_intersection_or_cap
S1-635744935	S2-202900116	S2	US	Best Premier Preferred Inc	The Best Premier Preferred Inc	3719 Bay Drive, Unit APARTMENT 1, Middle River, MD	371 BAY DR, MD, MIDDLE RIVER	all_current_passes	no_key_intersection_or_cap
S1-855091766	S3-845408597	S3	US	Scott Endocrinology	Scott Endocinolbogy	6707 Glendora Avenue, Dallas, TX		all_current_passes	no_key_intersection_or_cap
S1-352062821	S2-910731012	S2	US	Q R Richardson Sun	Q R Ricardnosn Sun	5868 Beechwalk Drive, Virginia Beach City, VA	5868C BEECHWALK DRIVE, VIRGINIA BEACH CITY, VA	all_current_passes	no_key_intersection_or_cap
S1-319477544	S3-263787788	S3	India	Shiva Products Private Limited	शिवा प्रोडक्ट्स प्राइवेट लिमिटेड	Office No. 140, 1St Floor, Plot No. B-44 And B-44/A, Thane, Maharashtra	Office No. 140, 1St Floor, Plot No. B-44 And B-44/a, Thane, MH	all_current_passes	no_key_intersection_or_cap
S1-319477544	S3-744115010	S3	India	Shiva Products Private Limited	Shiva	Office No. 140, 1St Floor, Plot No. B-44 And B-44/A, Thane, Maharashtra	Maharashtra, Thane, Office No. 140, 1St Floor, Plot No. B-44 And B-44/A	all_current_passes	no_key_intersection_or_cap
S1-874412035	S2-408925723	S2	India	Dronagiri Medical Centre	Smt Dronagiri Medical Centre Limited	Varanasi, Uttar Pradesh, Varanasi, C/O Vinit Singh A No 1066 Chandrama Nagar Colony Kanwada	Uttar Pradesh, C/O VINIT SINGH A NO 1066 CHANDRAMA NAGAR COLONY KANWADA, VARANASI	all_current_passes	no_key_intersection_or_cap
S1-874412035	S3-582793841	S3	India	Dronagiri Medical Centre	-- cdmedica1.com	Varanasi, Uttar Pradesh, Varanasi, C/O Vinit Singh A No 1066 Chandrama Nagar Colony Kanwada	C/o Vinit Singh A No 1066 Chanrama Nagar Colony Kanwada, Varanasi, UP	all_current_passes	no_key_intersection_or_cap
S1-234806124	S2-703411772	S2	US	Bowen Capital Energy	Bowen Energy Partners	2975 Lone Tree Road, Unit Unit 24201, Flagstaff, AZ	2973 LONE TREE RD, FLAGSTAFF, AZ	all_current_passes	no_key_intersection_or_cap
S1-590623950	S3-538437199	S3	India	Impex Group	Ipcx Group	Plot No-208/8 Aerodrum Area, Bhubaneswar, Khordha, Orissa	Plot No-208/8 Aerodrum Area, Bhubaneswar, Khordha, OD	all_current_passes	no_key_intersection_or_cap
S1-590623950	S3-373709629	S3	India	Impex Group	Ipmhnx Group	Plot No-208/8 Aerodrum Area, Bhubaneswar, Khordha, Orissa	Plot No-208/8 Aerodrum Area, Bhubaneswar, Khordha, OD	all_current_passes	no_key_intersection_or_cap
S1-495177163	S2-982912460	S2	India	High Projects Pvt Ltd	हाई प्रोजेक्ट्स प्रा. लि.	Ghaziabad, Shop No.F-25, Uttar Pradesh, First Floor, The Hemisphere Royal Golf, Noida	SHOP NO.F-25, FIRST FLOOR, THE HEMISPHERE ROYAL GOLF, NOIDA, GHAZIABAD, Uttar Pradesh	all_current_passes	no_key_intersection_or_cap
S1-495177163	S3-257624172	S3	India	High Projects Pvt Ltd	High Pvt Ltd Center	Ghaziabad, Shop No.F-25, Uttar Pradesh, First Floor, The Hemisphere Royal Golf, Noida		all_current_passes	no_key_intersection_or_cap
S1-495177163	S3-490715898	S3	India	High Projects Pvt Ltd	Pvt High Pr0jects Ltd	Ghaziabad, Shop No.F-25, Uttar Pradesh, First Floor, The Hemisphere Royal Golf, Noida	UP, Noida, Shop No.f-25, First Floor, The Hemisphere Royal Golf, Ghaziabad	all_current_passes	no_key_intersection_or_cap
S1-61722432	S3-498771456	S3	India	Green Mills Limited	Verawexdrex	2D 448 Awas Vikas Hanpuram Colony, Kanpur, Uttar Pradesh	No #2D 448 Awas Vikas Hanpuram Colony, Kanpur, उत्तर प्रदेश	all_current_passes	no_key_intersection_or_cap
S1-235270051	S2-536687736	S2	US	Goree Interests	6oree Intress	163 4th Street, Laramie, WY	FOURTH ST, LARAMIE, WY	all_current_passes	no_key_intersection_or_cap
S1-978447691	S2-456697926	S2	India	Perfect Consultancy Private Limited	परफेक्ट कंसल्टेंसी प्राइवेट लिमिटेड	305 Datta Krupa Complex, Pimpri, Dahisar, Thane, Maharashtra	DOOR NO 305 DATTA KRUPA COMPLEX, PIMPRI, DAHISAR, THANE, महाराष्ट्र	all_current_passes	no_key_intersection_or_cap
S1-287405017	S2-754940013	S2	US	Clean Quest	CLEANQUEST.COM	13482 270 Street, Saint Cloud, MN	270 ST, SAINT CLOUD, MN	all_current_passes	no_key_intersection_or_cap
S1-62145151	S3-758698108	S3	US	Gulf Summit	The Gulf Summit	4033 Witt Road, Franklin, KY	Kentucky, Franklin, 4033 Witt Rd	all_current_passes	no_key_intersection_or_cap
S1-431008094	S3-116546167	S3	India	Sree Services	ശ്രീ സർവീസസ്	Door No 10/614, Darussalam Complex, Ernad, Malappuram, Malapuram, Kerala	10/614, Darussalam Complex, Ernad, Malappuram, Malapuram, Keralam	all_current_passes	no_key_intersection_or_cap
S1-431008094	S3-947272927	S3	India	Sree Services	ശ്രീ സർവീസസ്	Door No 10/614, Darussalam Complex, Ernad, Malappuram, Malapuram, Kerala	#10/614, Malappuram, Darussalam Complex, Ernad, Keralam, Malapuram	all_current_passes	no_key_intersection_or_cap
S1-75945755	S3-968933420	S3	India	Lig Flats Rampura Logistics Pvt Ltd	Lig Lig Flats Rampura Pvt Ltd Center	10A, Lig Flats Rampura, Delhi	Plot 411 10A, Delhi, DL, Lig Flats Rampura	all_current_passes	no_key_intersection_or_cap
S1-875466687	S2-367853028	S2	India	Samarth Charitable Trust	SAMARTH-CHAIREABLE TRUST	Wn 15, Kushinagar, Veer Sawarkar Nagar, Sabia, Wn 15, Veer Sawarkar Nagar, Sabia, Uttar Pradesh, Kasia		all_current_passes	no_key_intersection_or_cap
S1-735379127	S3-80485593	S3	US	Bright Hypnosis Group	brighthypnosisgroup.com	211 94 Street, New York, NY	21 94 St, New York	all_current_passes	no_key_intersection_or_cap
S1-643250297	S2-972270791	S2	India	Rajkot Consulting Ltd	RAJKOT CONSEOTIGN LTD	Office No 1303, 13Th Floor, Rk World Tower, Nr Shital Park, 150 Ft Ring Road, Rajkot, Gujarat	12 OFFICE NO 1303, 13TH FLOAR, RK WORLD TOWER, NR SHITAL PARK, 150 FT RING ROAD, RAJKOT, ગુજરાત	all_current_passes	no_key_intersection_or_cap
S1-643250297	S3-190727236	S3	India	Rajkot Consulting Ltd	Services Rajkot Ltd	Office No 1303, 13Th Floor, Rk World Tower, Nr Shital Park, 150 Ft Ring Road, Rajkot, Gujarat	13Th Floor, Rk World Tower, Nr Shital Park, 150 Ft Ring Road, Morbi, Rajkot, No. 408 Office No 1303, ગુજરાત	all_current_passes	no_key_intersection_or_cap
S1-722212513	S2-579667806	S2	India	Silver Energy Limited	சில்வர் எனர்ஜி லிமிடெட்	S.No 163/42 & 164 / 4Bib, No. 22 & 23, 2Nd St, River View, Residency, Karapakkam, Kancheepuram, Tamil Nadu	491 S.NO 163/42 & 164 / 4BIB, NO. 22 & 23, 2ND ST, RIVER VIEW, RESIDENCY, KARAPAKKAM, KANCHEEPURAM, தமிழ்நாடு	all_current_passes	no_key_intersection_or_cap
S1-554577358	S2-657581959	S2	India	Silver Consultants Private Limited	सिल्वर कंसल्टेंट्स प्राइवेट लिमिटेड	Mumbai, Maharashtra, Room2, Prasad Chawl, Powai, Hanuman Rd, Iit Market	ROOM2, MUMBAI, Maharashtra	all_current_passes	no_key_intersection_or_cap
S1-554577358	S3-669677675	S3	India	Silver Consultants Private Limited	सिल्वर कंसल्टेंट्स प्राइवेट लिमिटेड	Mumbai, Maharashtra, Room2, Prasad Chawl, Powai, Hanuman Rd, Iit Market	Room2, Prasad Chawl, Powai, Hanuman Rd, Iit Market, Mumbai, महाराष्ट्र	all_current_passes	no_key_intersection_or_cap
S1-186076527	S2-34611303	S2	India	Anantaa Interchem	Anantaa Intercm	Ff Shop 127 Vithhal Plaza, Ahmadabad City, Gujarat, Opp. Naroda, S/S, Ahmedab, Ahmedabad		all_current_passes	no_key_intersection_or_cap
S1-618175123	S2-814386849	S2	India	Real Hospitality Private Limited	रियल हॉस्पिटैलिटी प्राइवेट लिमिटेड	House No-4, Shop No-2 Front Portion Basement Floor Blk -J Kirti Nagar, Delhi, West Delhi, Delhi	HOUSE NO-4/8, SHOP NO-2 FRONT PORTION BASEMENT FLOOR BLK -J KIRTI NAGAR, DELHI, WEST DELHI, Delhi	all_current_passes	no_key_intersection_or_cap
S1-533650484	S3-928127681	S3	US	Pediatric Dentistry Golden Associates Inc.	Pediatric Dentistry Associates Inc.  Services	5270 Milam Road, Mesquite, TX		all_current_passes	no_key_intersection_or_cap
S1-533650484	S3-407319938	S3	US	Pediatric Dentistry Golden Associates Inc.	Pediatric Dnttistry Golden Associates Inc.	5270 Milam Road, Mesquite, TX	5270 Milam Road, Texas, Mesquite	all_current_passes	no_key_intersection_or_cap
S1-233989283	S2-727276170	S2	India	Sai Big Industries Private Limited	சாய் பிக் இண்டஸ்ட்ரீஸ் பிரைவேட் லிமிடெட்	D.No.1/217-B, Mudalaipatti, Salem Main Road, Namakkal, Tamil Nadu	D.NO.1/217-B, MUDALAIPATTI, SALEM MAIN ROAD, NAMAKKAL, Tamil Nadu	all_current_passes	no_key_intersection_or_cap
S1-233989283	S3-269717122	S3	India	Sai Big Industries Private Limited	சாய் பிக் இண்டஸ்ட்ரீஸ் பிரைவேட் லிமிடெட்	D.No.1/217-B, Mudalaipatti, Salem Main Road, Namakkal, Tamil Nadu	Door No 1/217-B, Namakkal, TN	all_current_passes	no_key_intersection_or_cap
S1-625531823	S3-385239349	S3	US	Better Pharmaceutical Inc	Better-Inc Services	6501 Airport Boulevard, Unit 277, Mobile, AL	06501 Airport Boulevard, Mobile CITY, Unit 277, Alabama	all_current_passes	no_key_intersection_or_cap
S1-738341861	S3-103968230	S3	India	Ram Infrastructure Pvt Ltd	Ram Innfrastructfre Pvt Ltd	1St Floor, 485, 13Th Cross, 4Thphase Peenya Industrial Area, Bangalore, Karnataka	H.no 1St Floor, 485, 13Th Cross, 4Thphase Peenya Industrial Area, Bangalore, ಕರ್ನಾಟಕ	all_current_passes	no_key_intersection_or_cap
S1-681456559	S3-224853488	S3	US	Mois Better Contracting LLC	c0ntractingbettermoiscom	615 Elk Avenue, Jackson, WY	Wyoming, 615 Elk Ave, Jackson	all_current_passes	no_key_intersection_or_cap
S1-825343929	S2-798887336	S2	India	Jay Marketing Private Limited	Jay Limited-Private [Marketing]	N-15 Rh-4 Sector 7Vashi, New Bombay, Thane, Maharashtra		all_current_passes	no_key_intersection_or_cap
S1-825343929	S3-299048310	S3	India	Jay Marketing Private Limited	जय मार्केटिंग प्राइवेट लिमिटेड	N-15 Rh-4 Sector 7Vashi, New Bombay, Thane, Maharashtra	Thane, N-##15 Rh-4 Sector 7Vashi, New Bombay, महाराष्ट्र	all_current_passes	no_key_intersection_or_cap
S1-376050166	S3-20207991	S3	US	Proo Trust, LLC	The Proo Trust, LLC	MA, Bedford, 299 South Road	299 South Road, Bedford, Massachusetts	all_current_passes	no_key_intersection_or_cap
S1-249124616	S2-978200217	S2	India	North Producer Private Limited	नॉर्थ प्रोड्यूसर प्राइवेट लिमिटेड	H No 151 Ganpati Galli Waluj, Aurangabad, Maharashtra	H NO 151- GANPATI GALLI WALUJ, AURANGABAD, महाराष्ट्र, AURANGABAD	all_current_passes	no_key_intersection_or_cap
S1-249124616	S3-662506400	S3	India	North Producer Private Limited	नॉर्थ प्रोड्यूसर प्राइवेट लिमिटेड	H No 151 Ganpati Galli Waluj, Aurangabad, Maharashtra	H No 1-51 Ganpati Galli Waluj, Aurangabad, MH	all_current_passes	no_key_intersection_or_cap
S1-249124616	S3-9585535	S3	India	North Producer Private Limited	नॉर्थ प्रोड्यूसर प्राइवेट लिमिटेड	H No 151 Ganpati Galli Waluj, Aurangabad, Maharashtra	MH, Aurangabad, #1-51 Ganpati Galli Waluj	all_current_passes	no_key_intersection_or_cap
S1-575085576	S3-599119834	S3	US	Red Auto Body	Brixavi f/k/a Red Auto Body	CA, 1240 K Street, San Bernardino	1240 K Street, San Bernardino, CA	all_current_passes	no_key_intersection_or_cap
S1-704621482	S3-242941362	S3	US	Shandy C. Grimm, L.C.S.W., M.D., P.C. PC	shandycgrimm.com	CT, 61 Winthrup Drive, Middlebury	61  Winthrup Dr, Middlebury CITY, Connecticut	all_current_passes	no_key_intersection_or_cap
S1-621700009	S3-835600472	S3	India	Kolkata Course Private Limited	Private Kolkata Course Ltd	Kolkata, Kolkata, Howrah, Kolkata, West Bengal, 12/B Cossipore Road	Kolkata, Howrah, পশ্চিমবঙ্গ, 12/B Cosipore Road, Kolkata, Kolkata	all_current_passes	no_key_intersection_or_cap
S1-305672143	S3-169815949	S3	US	Paa Better Ellington LLC	Paa Paa Better LLC Ellington	11714 Pleasant Ridge Drive, Unit Apt 401, Little Rock, AR		all_current_passes	no_key_intersection_or_cap
S1-947889589	S3-371299671	S3	US	Walker Star Advertising LLC	LLC Walker Stamar Advertising	148 Ashcombe SE, Cedar Rapids, IA	50 Ashcombe Southeast, Iowa, Cedar Rapids	all_current_passes	no_key_intersection_or_cap
S1-123121467	S2-439543058	S2	India	Labdhi Vani of Machilipatnam Pvt Ltd	Korfaye	D.No.21/230, Sukarlabad, Machilipatnam, Machilipatnam, Krishna, Andhra Pradesh	H.NO 21/230, SUKARLABAD, MACHILIPATNAM, MACHILIPATNAM, KRISHNA, Andhra Pradesh	all_current_passes	no_key_intersection_or_cap
S1-437253658	S2-134952464	S2	India	Future Sree Developers Private Limited	फ्यूचर श्री डेवलपर्स प्राइवेट लिमिटेड	Bihar, Rasulpur, Dumra, Sitamarhi, C/O Shiv Devi, Dumra, Sitamarhi	C/O SHIV DEVI, RASULPUR, DUMRA, SITAMARHI, DUMRA, SITAMARHI, Bihar	all_current_passes	no_key_intersection_or_cap
S1-437253658	S2-437763946	S2	India	Future Sree Developers Private Limited	फ्यूचर श्री डेवलपर्स प्राइवेट लिमिटेड	Bihar, Rasulpur, Dumra, Sitamarhi, C/O Shiv Devi, Dumra, Sitamarhi	C/O SHIV DEVI, SITAMARHI, Bihar, DUMRA, RASULPUR, DUMRA, SITAMARHI	all_current_passes	no_key_intersection_or_cap
S1-437253658	S3-825245736	S3	India	Future Sree Developers Private Limited	फ्यूचर श्री डेवलपर्स प्राइवेट लिमिटेड	Bihar, Rasulpur, Dumra, Sitamarhi, C/O Shiv Devi, Dumra, Sitamarhi	C/o Shiv Devi, Sitamarhi, Dumra, BR	all_current_passes	no_key_intersection_or_cap
S1-437253658	S3-448782065	S3	India	Future Sree Developers Private Limited	फ्यूचर श्री डेवलपर्स प्राइवेट लिमिटेड	Bihar, Rasulpur, Dumra, Sitamarhi, C/O Shiv Devi, Dumra, Sitamarhi	C/o Shiv Devi, Rasulpur, Dumra, Sitamarhi, Dumra, Sitamarhi, BR	all_current_passes	no_key_intersection_or_cap
S1-4510501	S2-137247927	S2	India	Tejaksh Technologies Private Limited	TEJAKSH TECHNOLOGIES PRVE LIMITED	C/O Randip Singh, G T Road, Goraya, Distt Jalandhar City, Jalandhar, Punjab	C/O RANDIP SINGH, G T ROAD, GORAYA, DISTT JALANDHAR CITY, JALANDHAR, ਪੰਜਾਬ	all_current_passes	no_key_intersection_or_cap
S1-4510501	S3-789498681	S3	India	Tejaksh Technologies Private Limited	#tejakshtechnologies	C/O Randip Singh, G T Road, Goraya, Distt Jalandhar City, Jalandhar, Punjab	PB, Jalandhar, C/o Randip Singh	all_current_passes	no_key_intersection_or_cap
S1-616695195	S2-845603216	S2	US	Rapid Research Networks	The Rapid Research Research Networks	5973 Warrenpark Lane, Knoxville, TN	WARRENPARK LN, KNOXVILLE, TN	all_current_passes	no_key_intersection_or_cap
S1-999043072	S2-708479023	S2	India	Global Infotech Private Limited	গ্লোবাল ইনফোটেক প্রাইভেট লিমিটেড	31/1, Chhatawalla Gulee 2Nd Floor, Room No.-203, Kolkata, Kolkata, Howrah, West Bengal	West Bengal, HOWRAH, KOLKATA, 31/1	all_current_passes	no_key_intersection_or_cap
S1-999043072	S2-688155022	S2	India	Global Infotech Private Limited	6lobal Infotech Private-Limited	31/1, Chhatawalla Gulee 2Nd Floor, Room No.-203, Kolkata, Kolkata, Howrah, West Bengal	KOLKATA, CHHATAWALLA GULEE 2ND FLOOR, ROOM NO.-203, KOLKATA, পশ্চিমবঙ্গ, 31/1	all_current_passes	no_key_intersection_or_cap
S1-818510567	S3-116273185	S3	India	Stellar Softwares Private Limited	Ectodovanyla Labs F/K/A Stellar Softwares Private Limited	Flat No. 20, Delhi, South Delhi, Lig Gaytri Enclave, Opp Dtc Bus Depot Khanpur, New Delhi	Flat No. 20, Lig Gaytri Enclave, Opp Dtc Bus Depot Khanpur, New Delhi, South Delhi, Delhi	all_current_passes	no_key_intersection_or_cap
S1-827434499	S3-555625495	S3	India	Eclectic Consultants	Edectic Consultants	16, Sneh Sarita Appartment, 5, Pushp Kunj Society, Kankaria, Ahmedabad, Gujarat	Block B-688 16, Sneh Sarita Appartment, 5, Pushp Kunj Society, Kankaria, Ahmedabad, GJ	all_current_passes	no_key_intersection_or_cap
S1-827434499	S3-56278974	S3	India	Eclectic Consultants	Shri Eclectic  Consultants	16, Sneh Sarita Appartment, 5, Pushp Kunj Society, Kankaria, Ahmedabad, Gujarat	Block B-688 16, Kankaria, Ahmedabad, GJ	all_current_passes	no_key_intersection_or_cap
S1-525970796	S2-415476574	S2	India	Sai Tech Private Limited	साईं टेक प्राइवेट लिमिटेड	Delhi, New Delhi, Shop No. 39, New Delhi, C.S.C-8 Sector 8, Rohini	SHOP NO. 39, NEW DELHI, Delhi	all_current_passes	no_key_intersection_or_cap
S1-525970796	S3-350962027	S3	India	Sai Tech Private Limited	साई Tech प्राइवेट लिमिटेड	Delhi, New Delhi, Shop No. 39, New Delhi, C.S.C-8 Sector 8, Rohini	Shop No. 39., New Delhi, DL	all_current_passes	no_key_intersection_or_cap
S1-525970796	S3-687778264	S3	India	Sai Tech Private Limited	साईं टेक प्राइवेट लिमिटेड	Delhi, New Delhi, Shop No. 39, New Delhi, C.S.C-8 Sector 8, Rohini	H.no 39., New Delhi, DL	all_current_passes	no_key_intersection_or_cap
S1-478355938	S3-35593731	S3	India	Assam Constructions Private Limited	Sri Assam Constructions Private Ltd	Nte-206, Gole Bazar Rly Market, P.O. - Kharagpur, Paschim Medinipur, Kharagpur, Midnapore, West Bengal	Nte-a-206, Gole Bazar Rly Market, P.o. - Kharagpur, Paschim Medinipur, Kharagpur, WB	all_current_passes	no_key_intersection_or_cap
S1-478355938	S3-91706927	S3	India	Assam Constructions Private Limited	assamconstructionsprivate.com (ID: 42094)	Nte-206, Gole Bazar Rly Market, P.O. - Kharagpur, Paschim Medinipur, Kharagpur, Midnapore, West Bengal	Kharagpur, Nte-a-206, WB, Midnapore	all_current_passes	no_key_intersection_or_cap
S1-132582171	S3-219646818	S3	US	All Transit International LLC	All Trasnfit International LLC	51 Gibson Road, Inwood, WV	Gibson Rd, Inwood, West Virginia	all_current_passes	no_key_intersection_or_cap
S1-481131713	S2-666642059	S2	India	Madura Textiles Ltd	Ltd Sri-Madura Textiles	Office No 8, 2Nd Floor, Plot 44, Sai Chambers, Thane, Maharashtra	OFFICE NO 8, 2ND FLOOR, PLOT 44, SAI CHAMBERS, THANE, NAVI MUMBAI, Maharashtra	all_current_passes	no_key_intersection_or_cap
S1-481131713	S3-639904070	S3	India	Madura Textiles Ltd	maduratextiles.com	Office No 8, 2Nd Floor, Plot 44, Sai Chambers, Thane, Maharashtra	Thane, MH, Office No ##8, 2Nd Floor, Plot 44, Sai Chambers, Thane	all_current_passes	no_key_intersection_or_cap
S1-861067626	S2-617009801	S2	India	Tejam Trading Private Limited	Tejam Prívate Trading Limited	Mumbai City, 202, Maharashtra, 2Nd Flr, Embassy Chambers, 3Rd Road, Opp Simran Plaza, Khar (West), Mumbai	202, 2ND FLR, EMBASSY CHAMBERS, 3RD ROAD, OPP SIMRAN PLAZA, KHAR (WEST), MUMBAI, महाराष्ट्र	all_current_passes	no_key_intersection_or_cap
S1-861067626	S3-71964647	S3	India	Tejam Trading Private Limited	Tejam Private Limited Center	Mumbai City, 202, Maharashtra, 2Nd Flr, Embassy Chambers, 3Rd Road, Opp Simran Plaza, Khar (West), Mumbai	702, Mumbai City, 2Nd Flr, Embassy Chambers, 3Rd Road, Opp Simran Plaza, Khar (West), MH, Bombay	all_current_passes	no_key_intersection_or_cap
S1-56740024	S2-615625593	S2	India	Western Enterprises Private Limited	Western Enterprises Private Ltd	Plot No-50 Kiadb, Bagalkot, Karnataka	PLOT NO-50 KIADB, BAGALKOT, Karnataka	all_current_passes	no_key_intersection_or_cap
S1-56740024	S3-57507221	S3	India	Western Enterprises Private Limited	Western Enterprises Private Ltd	Plot No-50 Kiadb, Bagalkot, Karnataka	Plot 759 Plot No-50 Kiadb, Bagalkot, ಕರ್ನಾಟಕ	all_current_passes	no_key_intersection_or_cap
S1-243499626	S2-909578318	S2	US	WG First Property Inc	wgfirstproperty.com	57 Woodcox Circle, Lehi, UT	UT, LEHI, 57 WOODCOX CIRCLE	all_current_passes	no_key_intersection_or_cap
S1-865976670	S2-907148038	S2	US	Montis Online LLC	montisonline.com	West Bridgewater, 27 Tiffany Circle, MA	#27 TIFFANY CIRCLE, WEST BRIDGEWATER, MA	all_current_passes	no_key_intersection_or_cap
S1-865976670	S3-718550744	S3	US	Montis Online LLC	monline.com	West Bridgewater, 27 Tiffany Circle, MA	27 Tiffany Cir, West Bridgewater, Massachusetts	all_current_passes	no_key_intersection_or_cap
S1-77909359	S2-395090982	S2	US	Pediatric Dentistry Group	PEDIATRIC DENTISTRY GROUP SOCIETY	3907 66th Place, Chicago, IL	3907 66ST PL, PO BOX 680, CHICAGO, IL	all_current_passes	no_key_intersection_or_cap
S1-77909359	S3-480557832	S3	US	Pediatric Dentistry Group	Pediatric Dentistry	3907 66th Place, Chicago, IL	3907 66th Place, Chicagoc ITY, Illinois	all_current_passes	no_key_intersection_or_cap
S1-77909359	S3-756073815	S3	US	Pediatric Dentistry Group	Pediatric Dentistry LLC	3907 66th Place, Chicago, IL	66th Place, Chicagoc ITY, Illinois	all_current_passes	no_key_intersection_or_cap
S1-517896731	S2-737172419	S2	US	A/O Independence Inc	A/O A/O lNDEPENDENCE INC	3000 Fulton Boulevard, Chicago, IL	FULTON BLVD, CHICAGO, IL	all_current_passes	no_key_intersection_or_cap
S1-19302667	S2-452112134	S2	US	Patterson Royal Ramaco LLC	Patterson Patterson Roya1 Ramaco LLC	2221 Sims Place, Unit Apt 2, City Of La Crosse, WI		all_current_passes	no_key_intersection_or_cap
S1-375445832	S3-635499548	S3	US	Vieth & Meza Inc	viethmeza.com	112 4th Avenue, Islip, NY	4th Avenue, Bay Shore, New York	all_current_passes	no_key_intersection_or_cap
S1-646489418	S3-500193364	S3	US	BV Heritage Ishares LLC	Pyranex d/b/a BV Heritage Ishares LLC	Unit Rear, PA, 322 Chestnut Street, Pottstown Borough	322 Chestnut Street, Unit Rear, Pottstown Borough, PA	all_current_passes	no_key_intersection_or_cap
S1-443666662	S2-357306659	S2	India	Eastern Foods Private Limited	ಈಸ್ಟರ್ನ್ ಫುಡ್ಸ್ ಪ್ರೈವೇಟ್ ಲಿಮಿಟೆಡ್	No 208 1St Phase Golden, Park Apartment Bangalore, Bangalore South, Bangalore, Karnataka	ಕರ್ನಾಟಕ, NULL, NO 208/8 1ST PHASE GOLDEN, BANGALORE SOUTH, BANGALORE	all_current_passes	no_key_intersection_or_cap
S1-83323678	S2-607936399	S2	US	Lee, Rainbolt & Carr LLC	Lee, Raaaibolt  + Carr LLC	16 High Street, Unit Unit 1, Rochester, NY		all_current_passes	no_key_intersection_or_cap
S1-433290697	S3-370568187	S3	India	Big Technologies Private Limited	M/s Big Technologies Private Ltd	Bismillah Soc, Chil -2 R-10 Kurla -R Capbakery Halav Pool, Mumbai, Mumbai City, Maharashtra	Door No 137 Bismillah Soc, Chil -2 R-10 Kurla -R Capbakery Halav Pool, Mumbai, Mumbai Suburban, MH	all_current_passes	no_key_intersection_or_cap
S1-702127037	S3-871383075	S3	India	Prime Consulting Private Limited	प्राइम कंसल्टिंग प्राइवेट लिमिटेड	39 Gadaipurmehrauli, New Delhi, South Delhi, Delhi	New Delhi, DL, South Delhi, Door No 39 Gadaipurmehrauli	all_current_passes	no_key_intersection_or_cap
S1-623955230	S2-633071443	S2	India	South It Limited	সাউথ আইটি লিমিটেড	Nachan Road Kanak Bhawan, Benachity, Durgapur, Bardhaman, West Bengal	DURGAPUR, NACHAN ROAD KANAK BHAWAN, BENACHITY, পশ্চিমবঙ্গ, BARDHAMAN	all_current_passes	no_key_intersection_or_cap
S1-413189008	S3-816536883	S3	US	Syntech Frontier Quantumsphere LLC	Dovamira f/k/a Syntech Frontier Quantumsphere LLC	5098 13, Pinckneyville, IL	IL, Pinckneyville, 5098 13	all_current_passes	no_key_intersection_or_cap
S1-237768267	S3-849476778	S3	US	Complete Agriculture Care	Completecareagriculture.Com	115 Trailview Drive, Cary, NC	Trailview Drive, Cary, North Carolina	all_current_passes	no_key_intersection_or_cap
S1-794866152	S3-640617796	S3	India	Services Navin Consultancy Private Limited	Services Navin Private Limited Services Services	House No. Lp-188 Prashanti Vihar, Infocity, Khordha, Orissa	House No. Lp-188 Pashanti Vihar, Infocity, Khordha, OD	all_current_passes	no_key_intersection_or_cap
S1-155006704	S3-167760885	S3	India	Raima Adventure Pvt. Ltd.	Smt Raima Adventure Pvt.	B-388, Near, Dwarka Mod Metro Station Mohan Garden, Uttam Nagar, New Delhi, West Delhi, Delhi	New Delhi, B-388, West Delhi, दिल्ली	all_current_passes	no_key_intersection_or_cap
S1-445313633	S2-516799189	S2	US	Back Alley Grill	Back A1lye-Grill	8918 Woodstream Drive, Fort Wayne, IN	8918 WOODSTREAM DRIVE, FT WAYNE, IN	all_current_passes	no_key_intersection_or_cap
S1-182760450	S3-829060995	S3	India	RDC Enterprise Co	rdcenterprise.com	C/O. Sanjay Namdev Katare, At Sast Pimpalgaon, Jalna, Maharashtra	C/o. Sanjay Namdev Katare, At Sast Pimpalgaon, Jalna, MH	all_current_passes	no_key_intersection_or_cap
S1-378748289	S3-603856090	S3	India	New Impex Private Limited	நியூ இம்பெக்ஸ் பிரைவேட் லிமிடெட்	Vrb Agencies House, 891-C, First Floor, Vardhman Complex, Raja Street, Coimbatore, Tamil Nadu	Vrb Agencis House, Coimbatore, TN	all_current_passes	no_key_intersection_or_cap
S1-700480899	S3-909855891	S3	India	Memon Engineering Private Limited	Shri Memon Engineering Private  Limited	8 5Th Cross Victoria Lay Out, Bangalore, Karnataka	Bangalore, 8 5Th Cross Victoria Lay Out, ಕರ್ನಾಟಕ, Bangalore	all_current_passes	no_key_intersection_or_cap
S1-935404721	S2-608801370	S2	US	Quanteon Jab	QUANTEONJA8.COM	240 Fountain Road, City Of El Paso, TX	240-244 FOUNTAIN ROAD, CITY OF EL PASO, TX	all_current_passes	no_key_intersection_or_cap
S1-935404721	S3-656638983	S3	US	Quanteon Jab	The Quanteon Jab #85569	240 Fountain Road, City Of El Paso, TX	Texas, City Of El Paso, 240 1/2 Fountain Rd	all_current_passes	no_key_intersection_or_cap
S1-237489259	S3-187208533	S3	US	Carlotta Chambers Star Alpha Inc	C. Chambers Star	10214 Canyon Meadow Drive, Tucson, AZ	Tucson, 10214 Canyon Meadow Drive, AZ	all_current_passes	no_key_intersection_or_cap
S1-621735101	S2-900874404	S2	India	Getwell Producer LLP	Shri Getwell Producer L.L.P.	Plot No. 2, Survey No 173, Ahmedabad Mehsana Highway, Kadi, Mahesana, Gujarat	NO 2 , SURVEY NO 173, AHMEDABAD MEHSANA HIGHWAY, KADI, Gujarat	all_current_passes	no_key_intersection_or_cap
S1-621735101	S2-657498146	S2	India	Getwell Producer LLP	Getwell LLP Services	Plot No. 2, Survey No 173, Ahmedabad Mehsana Highway, Kadi, Mahesana, Gujarat	Gujarat, DOOR NO 751 20, SURVEY NO 173, AHMEDABAD MEHSANA HIGHWAY, KADI	all_current_passes	no_key_intersection_or_cap
S1-621735101	S2-519495629	S2	India	Getwell Producer LLP	Getwell Prrducer LLP	Plot No. 2, Survey No 173, Ahmedabad Mehsana Highway, Kadi, Mahesana, Gujarat	#751 20, SURVEY NO 173, AHMEDABAD MEHSANA HIGHWAY, KADI, Gujarat	all_current_passes	no_key_intersection_or_cap
S1-621735101	S3-89690569	S3	India	Getwell Producer LLP	Getwell Pdrodsconr LLP	Plot No. 2, Survey No 173, Ahmedabad Mehsana Highway, Kadi, Mahesana, Gujarat	20, Survey No 173, Ahmedabad Mehsana Highway, Mahesana, Kadi, GJ	all_current_passes	no_key_intersection_or_cap
S1-620395561	S2-674518126	S2	India	Global Exports Pvt Ltd	গ্লোবাল এক্সপোর্টস প্রাইভেট লিমিটেড	Howrah, West Bengal, 24/4E, Kavi Bharati Sarani, Kolkata, Kolkata	24/4E, KOLKATA, BALLYGUNGE, পশ্চিমবঙ্গ	all_current_passes	no_key_intersection_or_cap
S1-620395561	S2-45229891	S2	India	Global Exports Pvt Ltd	EGLOBAL.COM	Howrah, West Bengal, 24/4E, Kavi Bharati Sarani, Kolkata, Kolkata	24/4E, KAVI BHARATI SARANI, KOLKATA, KOLKATA, BALLYGUNGE, West Bengal	all_current_passes	no_key_intersection_or_cap
S1-620395561	S3-364245650	S3	India	Global Exports Pvt Ltd	গ্লোবাল এক্সপোর্টস প্রাইভেট লিমিটেড	Howrah, West Bengal, 24/4E, Kavi Bharati Sarani, Kolkata, Kolkata	24/4E, Howrah, পশ্চিমবঙ্গ	all_current_passes	no_key_intersection_or_cap
S1-620395561	S3-814010830	S3	India	Global Exports Pvt Ltd	গ্লোবাল এক্সপোর্টস প্রাইভেট লিমিটেড	Howrah, West Bengal, 24/4E, Kavi Bharati Sarani, Kolkata, Kolkata	24/4E, Kolkata, WB	all_current_passes	no_key_intersection_or_cap
S1-270678559	S3-174937778	S3	US	Hayes Metals LLC	hayesmetals.com	178 Blushing Drive, Buda, TX	Blushing Dr, Buda, Texas	all_current_passes	no_key_intersection_or_cap
S1-293396267	S2-905728037	S2	India	Baidyanath Foodex Private Limited	BAIDYANATH PRIVATE LIMITED SERVICE	Jamsande Deogad, Jamsande, Sindhudurg, Maharashtra	PLOT 521 JAMSANDE DEOGAD, JAMSANDE, Maharashtra	all_current_passes	no_key_intersection_or_cap
S1-884109234	S3-929783382	S3	India	Digital Exports	डिजिटल एक्सपोर्ट्स	Katihar, Nayatola P.O-Katihar, Katihar, Bihar	H.no #318 Nayatola P.o-katihar, NULL, Katihar, BR	all_current_passes	no_key_intersection_or_cap
S1-884109234	S3-166992370	S3	India	Digital Exports	DE	Katihar, Nayatola P.O-Katihar, Katihar, Bihar	Nayatola P.O-Katihar, Katihar, Bihar	all_current_passes	no_key_intersection_or_cap
S1-226386039	S3-69268885	S3	US	Bodyne Inc	Bogi  Inc	9111 Cotton Bend, Baytown, TX	009111 Cotton Bend, Bytown, Texas	all_current_passes	no_key_intersection_or_cap
S1-409558945	S2-66103881	S2	US	537-538 North Owners Corp	537538north.com	3447 White Oak Street, Zachary City, LA	344 WHITE OAK STREET, ZACHARY CITY, LA	all_current_passes	no_key_intersection_or_cap
S1-409558945	S2-175677097	S2	US	537-538 North Owners Corp	537538NORTHOWNERS.COM	3447 White Oak Street, Zachary City, LA	344 WHITE OAK ST, ZACHARY CITY, LA	all_current_passes	no_key_intersection_or_cap
S1-409558945	S3-401250676	S3	US	537-538 North Owners Corp	537538northowners.Com	3447 White Oak Street, Zachary City, LA	3447-3449 White Oak St, Zachary Township, Louisiana	all_current_passes	no_key_intersection_or_cap
S1-27533892	S2-98061783	S2	India	Digital Fortune Technology Limited	डिजिटल फॉर्च्यून टेक्नोलॉजी लिमिटेड	H N 163, Maa Vaisopuram, A B Road Gadaipura, Gird, Gwalior, Madhya Pradesh	HN 314 H N 163, MAA VAISOPURAM, A B ROAD GADAIPURA, GIRD, GWALIOR, Madhya Pradesh	all_current_passes	no_key_intersection_or_cap
S1-670183914	S3-513609721	S3	India	Gaurav Funds Private Limited	Gauravfunds.Com	D - 386 Pulpehladpur, New Delhi, Delhi	New Delhi, D - #386 Pulpehladpur, DL	all_current_passes	no_key_intersection_or_cap
S1-966027321	S2-4379937	S2	US	Probst & Duran Newhold LLC	NYLADREX	Boston, 31 Floyd Street, MA	31D FLOYD STREET, BOSTON, MA	all_current_passes	no_key_intersection_or_cap
S1-966027321	S3-472664232	S3	US	Probst & Duran Newhold LLC	dprobst.com	Boston, 31 Floyd Street, MA	31 Floyd St, Dorchester Center, Massachusetts	all_current_passes	no_key_intersection_or_cap
S1-36227425	S2-393081591	S2	India	Swastik Software	ஸ்வஸ்திக் சாஃப்ட்வேர்	2 Ist Floortechnology Apartments Sivangam St Ganeshpuram, Namakkal, Salem, Tamil Nadu	H.NO 2 IST FLOORTECHNOLOGY APARTMENTS SIVANGAM ST GANESHPURAM, SALEM, NAMAKKAL, Tamil Nadu	all_current_passes	no_key_intersection_or_cap
S1-180094507	S2-576284098	S2	India	High Properties Private Limited	हाई प्रॉपर्टीज प्राइवेट लिमिटेड	West Delhi, Delhi, New Delhi, 2Nd Floor, Kh. No. 737 Vill. Basai Darapur, Ramgarh Colony, H.No. Wz-78	H.NO. WZ-78, NEW DELHI, Delhi	all_current_passes	no_key_intersection_or_cap
S1-756886721	S2-212726025	S2	India	Kriya Holdings	KIDRYA HOLDINGS	Orissa, Jobra, Geeta Memorial Hospitalgmhatdasasahi, Cuttack	CUTTACK, JOBRA, GEETA MEMORIAL HOSPITALGMHATDASASLHI, Orissa	all_current_passes	no_key_intersection_or_cap
S1-756886721	S3-452811748	S3	India	Kriya Holdings	Fluxaria	Orissa, Jobra, Geeta Memorial Hospitalgmhatdasasahi, Cuttack	Cuttack, Jobra, Orissa, Geeta Memorial Hospitalgmhatdasasahi	all_current_passes	no_key_intersection_or_cap
S1-484904202	S2-68193087	S2	US	Advanced Star Pebblebrook	advancedstarpebblebrook.com	Little Rock, Unit Apt C3, AR, 7700 Indian Trail	07700 INDIAN TRL, LITTLE ROCK, AR	all_current_passes	no_key_intersection_or_cap
S1-484904202	S3-128919757	S3	US	Advanced Star Pebblebrook	advancedstarpebblebrook.com	Little Rock, Unit Apt C3, AR, 7700 Indian Trail	7700 1/2 Indian Trl, Unit Apt C3, Little Rock, Arkansas	all_current_passes	no_key_intersection_or_cap
S1-140920552	S2-609200377	S2	US	Golden Westin PLLC	góldenwestin.com	7701 Saint John Road, Unit 1037, Glendale, AZ	770 SAINT JOHN ROAD, GLENDALE, AZ	all_current_passes	no_key_intersection_or_cap
S1-506051086	S2-255284863	S2	India	Shivam Constructions Pvt Ltd	शिवम कंस्ट्रक्शंस प्रा. लि.	Mumbai, Maharashtra, Mumbai, Ground Floor, Plot No, 511, Krishna Bhavan, 517	BLOCK E-258 517, THANE, MUMBAI, Maharashtra	all_current_passes	no_key_intersection_or_cap
S1-506051086	S3-956897181	S3	India	Shivam Constructions Pvt Ltd	Shivam Shivam Cónstructions Pvt	Mumbai, Maharashtra, Mumbai, Ground Floor, Plot No, 511, Krishna Bhavan, 517	517, Mumbai, Mumbai Ii, MH	all_current_passes	no_key_intersection_or_cap
S1-506051086	S3-630818547	S3	India	Shivam Constructions Pvt Ltd	Shivam Pvt Ltd  Services	Mumbai, Maharashtra, Mumbai, Ground Floor, Plot No, 511, Krishna Bhavan, 517	517, Mumbai, Mumbai Ii, MH	all_current_passes	no_key_intersection_or_cap
S1-506051086	S3-974368536	S3	India	Shivam Constructions Pvt Ltd	Pyradova Co dba Shivam Constructions Pvt Ltd	Mumbai, Maharashtra, Mumbai, Ground Floor, Plot No, 511, Krishna Bhavan, 517	517, Ground Floor, Plot No, 511, Krishna Bhavan, Mumbai, Maharashtra	all_current_passes	no_key_intersection_or_cap
S1-626555345	S2-607776364	S2	US	East School of Medicine	East Schloo of Medicine	817 Vischer Avenue, Schenectady, NY		all_current_passes	no_key_intersection_or_cap
S1-292905369	S2-88613668	S2	India	Aaa (India) Skyline Private Limited	Aaa Skyline Private Limited Partners	H.No. D-1138, Gali No. 6, Safiabad Road, Gautam Colony, Narela, Delhi, North Delhi, Delhi	H.NO. D-##1138, GALI NO. 6, SAFIABAD ROAD, GAUTAM COLONY, NARELA, DELHI, Delhi	all_current_passes	no_key_intersection_or_cap
S1-292905369	S3-138818566	S3	India	Aaa (India) Skyline Private Limited	Tavojax Labs	H.No. D-1138, Gali No. 6, Safiabad Road, Gautam Colony, Narela, Delhi, North Delhi, Delhi	H.No. D-1138, Gali No. 6, Safiabad Road, Gautam Colony, Narela, Delhi, North Delhi, Delhi	all_current_passes	no_key_intersection_or_cap
S1-821579094	S2-358806790	S2	India	Solutions Vinman Builders Pvt. Ltd.	Pvt. Solutions Vimsn Builders Ltd.	79/1 & 80/2, Kiadb, Phase 1, Kaivara Hobli, Mastenahalli Industrial Area, Chikkballapur, Chintamani, Kolar, Karnataka	H.NO 79/1 & 80/2, KOLAR, CHIKKABALLAPURA, ಕರ್ನಾಟಕ	all_current_passes	no_key_intersection_or_cap
S1-882726340	S3-234128584	S3	US	Ridge Allied Trust	Ridgealliedtrust.Com	4105 Beacon Lane, Mobile, AL	Beacon Lane, Mobile, Alabama	all_current_passes	no_key_intersection_or_cap
S1-174261615	S3-758693658	S3	India	Laxmi Exports Limited	लक्ष्मी एक्सपोर्ट्स लिमिटेड	G-21, Ghaziabad, 2Nd Floor, Durga Enterprises, Durga Industrial Park, Gt Road, Ghaziabad, Uttar Pradesh	G-a-21, null, Ghaziabad, Delhi, UP	all_current_passes	no_key_intersection_or_cap
S1-174261615	S3-373850247	S3	India	Laxmi Exports Limited	Laxmi Exp0rts Limited	G-21, Ghaziabad, 2Nd Floor, Durga Enterprises, Durga Industrial Park, Gt Road, Ghaziabad, Uttar Pradesh	G-a-21, null, Ghaziabad, Delhi, UP	all_current_passes	no_key_intersection_or_cap
S1-369563475	S3-700903792	S3	India	Kankaria & Sons LLP	Kankaria & Sirdsan LLP	D 1, Calibre Market, Rajpura, Patiala, Punjab	Rajpura, D 001, Patiala, PB	all_current_passes	no_key_intersection_or_cap
S1-369563475	S3-62273674	S3	India	Kankaria & Sons LLP	Kankaria & S0ns Llp	D 1, Calibre Market, Rajpura, Patiala, Punjab	D 001, Calibre Market, Rajpura, Patiala, PB	all_current_passes	no_key_intersection_or_cap
S1-544682121	S2-301672756	S2	India	United Projects Pvt Ltd	यूनाइटेड प्रोजेक्ट्स प्रा. लि.	C/O Bishwa Raman Kumar Singh, S/O Dr Rama Sinha Gachhi Tola, Near Bus Stand, P.S- Town Th, Ana, Begusarai, Bihar	PLOT 892 C/O BISHWA RAMAN KUMAR SINGH, N/A, BEGUSARAI, LAKHMINIA, बिहार	all_current_passes	no_key_intersection_or_cap
S1-544682121	S2-347454751	S2	India	United Projects Pvt Ltd	Pvt United Projcets Ltd	C/O Bishwa Raman Kumar Singh, S/O Dr Rama Sinha Gachhi Tola, Near Bus Stand, P.S- Town Th, Ana, Begusarai, Bihar	PLOT 892 C/O BISHWA RAMAN KUMAR SINGH, N/A, BEGUSARAI, LAKHMINIA, Bihar	all_current_passes	no_key_intersection_or_cap
S1-544682121	S3-243039341	S3	India	United Projects Pvt Ltd	यूनाइटेड प्रोजेक्ट्स प्रा. लि.	C/O Bishwa Raman Kumar Singh, S/O Dr Rama Sinha Gachhi Tola, Near Bus Stand, P.S- Town Th, Ana, Begusarai, Bihar	C/o Bishwa Raman Kumar Singh, Begusarai, BR	all_current_passes	no_key_intersection_or_cap
S1-544682121	S3-123095217	S3	India	United Projects Pvt Ltd	United Pvt Ltd Center	C/O Bishwa Raman Kumar Singh, S/O Dr Rama Sinha Gachhi Tola, Near Bus Stand, P.S- Town Th, Ana, Begusarai, Bihar	C/o Bishwa Raman Kumar Singh, S/o Dr Rama Sinha Gachhi Tola, Near Bus Stand, P.s- Town Th, Ana, Begusarai, BR	all_current_passes	no_key_intersection_or_cap
S1-544682121	S3-313625671	S3	India	United Projects Pvt Ltd	यूनाइटेड प्रोजेक्ट्स प्रा. लि.	C/O Bishwa Raman Kumar Singh, S/O Dr Rama Sinha Gachhi Tola, Near Bus Stand, P.S- Town Th, Ana, Begusarai, Bihar	C/o Bishwa Raman Kumar Singh, S/o Dr Rama Sinha Gachhi Tola, Near Bus Stand, P.s- Town Th, Ana, Begusarai, BR	all_current_passes	no_key_intersection_or_cap
S1-896554096	S2-153501960	S2	US	Garza & Bishop L.L.C.	De1tacirazeph	23 Nugent Drive, Stafford County, VA	STAFFORD, VA, 23 NUGENT DR	all_current_passes	no_key_intersection_or_cap
S1-309551425	S3-473191465	S3	India	Bapa Creator Limited	bapacreator.com	Chamber No. 2, Ff, G-1, Harimandir Complex, New Moti Nagar, New Delhi, West Delhi, Delhi	DL, Chamber No. 3, West Delhi, New Delhi	all_current_passes	no_key_intersection_or_cap
S1-992971862	S3-276975750	S3	India	Construction Advisors	Sri Construction Advisors Company	303, Near Bheronji Mandir, Namak Katra, Bharatpur, Rajasthan	Door No 595 303, Near Bheronji Mandir, Namak Katra, Bharatpur, राजस्थान	all_current_passes	no_key_intersection_or_cap
S1-24054990	S2-868431385	S2	US	Sio Mission L.L.C.	The Sio Mission L.L.C.	8815 13th Street, Unit STE 150, Wichita, KS	KS, 8815 13ND STREET, WICHITA	all_current_passes	no_key_intersection_or_cap
S1-550416035	S2-890298469	S2	US	Ballas Owl LLC	ballasowl.com	4348 Tuller Road, OH, Dublin	4348-4350 TULLER ROAD, DUBLIN, OH	all_current_passes	no_key_intersection_or_cap
S1-939460188	S3-652142539	S3	India	Sky Properties Private Limited	स्काई प्रॉपर्टीज प्राइवेट लिमिटेड	Plot No. 376, Udyog Vihar Phase-2 Gurugram, Palam Road, Gurgaon, Haryana	H.no 76, Udyog Vihar Phase-2 Gurugram, Palam Road, Gurgaon, हरियाणा	all_current_passes	no_key_intersection_or_cap
S1-242819014	S3-135549877	S3	India	Raba Memorial Trust	Shri Raba Mémorial Trust	Gala No.27, Ph-I Parmar Ind.Est, Waliv, Vasai, Thane, Maharashtra	No B3/27, Ph-i Parmar Ind.est, Waliv, Vasai, Thane, MH	all_current_passes	no_key_intersection_or_cap
S1-159303490	S2-253862632	S2	India	Finance Sasa Farmer Private Limited	FINANCE PRIVATE FARMER SASA LIMITED	Room No.Mp7/56, Kuzhiyengal Valayamkandathil House Vilayil Po, Via Kuzhimanna, Malappuram, Malappuram, Malapuram, Kerala	ROOM NO.MP7/56, KUZHIYENGAL VALAYAMKANDATHIL HOUSE VILAYIL PO, VIA KUZHIMANNA, MALAPPURAM, MALAPPURAM, Kerala	all_current_passes	no_key_intersection_or_cap
S1-413648762	S2-216924488	S2	India	Shreeji & Co	Sri Shreeji & Co.	Ch.-1, Plot No. 72, Shri Ram Nagar A, Kalwar Road, Jhotwara, Jaipur, Rajasthan	PLOT 489 CH.-1, PLOT NO. 72, SHRI RAM NAGAR A, KALWAR ROAD, JHOTWARA, JAIPUR, Rajasthan	all_current_passes	no_key_intersection_or_cap
S1-578052598	S3-912589951	S3	US	Harbor Federation	Nexlum	5109 Loch Drive, Union, KY	5109 Lcoh Drive, Union, Kentucky	all_current_passes	no_key_intersection_or_cap
S1-554453312	S2-614550614	S2	India	Flyjoy Trust	ftrust.com	Plot No-224, At-Sijua, Kalinga Nagar, Bhubaneswar, Khordha, Orissa	Odisha, NO 131 PLOT NO-224, AIIMS CAMPUS BRANCH  SIJUA, KHORDHA	all_current_passes	no_key_intersection_or_cap
S1-554453312	S2-75664586	S2	India	Flyjoy Trust	Smt Flyjoy Trust	Plot No-224, At-Sijua, Kalinga Nagar, Bhubaneswar, Khordha, Orissa	#131 PLOT NO-224, AT-SIJUA, KALINGA NAGAR, BHUBANESWAR, Odisha	all_current_passes	no_key_intersection_or_cap
S1-596946418	S2-675989169	S2	US	Colonial Committee	Colonial Cimmitetse Cimmitetse	135 Market Street, Chattanooga, TN		all_current_passes	no_key_intersection_or_cap
S1-596946418	S3-827923545	S3	US	Colonial Committee	Co1onial Committee Co	135 Market Street, Chattanooga, TN	Market Street, Chattanooga, Tennessee	all_current_passes	no_key_intersection_or_cap
S1-508618791	S2-554362362	S2	India	Nexa Buildcon Private Limited	Nexa Private Buildcon Limited	Dinara Road, Datia, Madhya Pradesh	H.NO 833 DINARA ROAD, DATIA, DATIA, मध्य प्रदेश	all_current_passes	no_key_intersection_or_cap
S1-508618791	S3-656018103	S3	India	Nexa Buildcon Private Limited	Iricira DBA: Nexa Buildcon Private Limited	Dinara Road, Datia, Madhya Pradesh	Datia, Dinara Road, Madhya Pradesh	all_current_passes	no_key_intersection_or_cap
S1-534551515	S2-945413854	S2	India	ECD Ventures Pvt Ltd	ecdventures.c0m	Madhya Pradesh, House No. 1106, Sagar, Khasra No.573/1, Sagar	#B3/982 HOUSE NO. 1106, KHASRA NO.573/1, SAGAR, मध्य प्रदेश	all_current_passes	no_key_intersection_or_cap
S1-534551515	S2-735074302	S2	India	ECD Ventures Pvt Ltd	Pvt ECD Véntures Ltd	Madhya Pradesh, House No. 1106, Sagar, Khasra No.573/1, Sagar	DOOR NO B3/982 HOUSE NO. 1106, SAGAR, मध्य प्रदेश	all_current_passes	no_key_intersection_or_cap
S1-699808262	S2-927350791	S2	India	First Power Private Limited	फर्स्ट पावर प्राइवेट लिमिटेड	Flat 105 Ajinkyatara Apt., Sn-120 Ab, Pl-545/14B, Pune City, Pune, Maharashtra	FLTA 105 AJINKYATARA APT., SN-120 AB, PL-545/14B, PUNE, POONA, Maharashtra	all_current_passes	no_key_intersection_or_cap
S1-766765174	S3-540024598	S3	India	My Hospitality Private Limited	My  Hospitality Private	Rn A/5, Karimi Parkbldg, 1 F, Evergreen Aptoshiwara, Jogeshwari West, Mumbai, Maharashtra	Mumbai, MH, Rn A/5, Mumbai	all_current_passes	no_key_intersection_or_cap
S1-510378781	S2-581508267	S2	India	Sree Services Pvt Ltd	SREESERVICES.COM	Firstfloorcapitaltowers, 180M.G.R.Salai, Kodambakkamhighroad, Tamil Nadu, No.102, Chennai, Nungambakkam	DOOR NO 102 , FIRSTFLOORCAPITALTOWERS, 180M.G.R.SALAI, KODAMBAKKAMHIGHROAD, NUNGAMBAKKAM, Tamil Nadu	all_current_passes	no_key_intersection_or_cap
S1-379080162	S2-787793702	S2	India	Dynamic Constructions Pvt Ltd	डायनामिक कंस्ट्रक्शंस प्रा. लि.	Plot No 94 Sector-5, Imt Manesar, Gurgaon, Haryana	#094 SECTOR-5, IMT MANESAR, NSGMANESAR, Haryana	all_current_passes	no_key_intersection_or_cap
S1-379080162	S3-176305847	S3	India	Dynamic Constructions Pvt Ltd	डायनामिक कंस्ट्रक्शंस प्रा. लि.	Plot No 94 Sector-5, Imt Manesar, Gurgaon, Haryana	Plot No 94. Sector-5, NULL, Gurgaon, Imt Manesar, हरियाणा	all_current_passes	no_key_intersection_or_cap
S1-379080162	S3-118007169	S3	India	Dynamic Constructions Pvt Ltd	Dynamic Pvt Ltd Services	Plot No 94 Sector-5, Imt Manesar, Gurgaon, Haryana	Plot No 94. Sector-5, NULL, Imt Manesar, Gurgaon, HR	all_current_passes	no_key_intersection_or_cap
S1-864176503	S2-251711307	S2	India	Andromeda Agro Private Limited	Smt Andromeda  Private Agro Limited	Hyderabad, Telangana, Hyderabad, Lig 49, Third Floor, Road No. 2, Kphb Colony, Kukatpally	Telangana, PLOT 727/1 LIG 49, THIRD FLOOR, ROAD NO. 2, KPHB COLONY, KUKATPALLY, HYDERABAD	all_current_passes	no_key_intersection_or_cap
S1-864176503	S3-614210396	S3	India	Andromeda Agro Private Limited	Pnivatte Andromeda Agro Limited	Hyderabad, Telangana, Hyderabad, Lig 49, Third Floor, Road No. 2, Kphb Colony, Kukatpally	Hn 64 Lig 49, Third Floor, Road No. 2, Kphb Colony, Kukatpally, Hyderabad Urban, Hyderabad, TG	all_current_passes	no_key_intersection_or_cap
S1-570942286	S2-297073279	S2	India	Vantage Technologies Private Limited	tpvantage.com	No. 1994, Kalli Tota, Near Bagewadi Tota Govt. School, Gokak Taluk, Tukkanatti, Belgaum, Karnataka	H.NO 1994, KALLI TOTA, NEAR BAGEWADI TOTA GOVT. SCHOOL, GOKAK TALUK, TUKKANATTI, BELGAUM, ಕರ್ನಾಟಕ	all_current_passes	no_key_intersection_or_cap
S1-43716243	S3-813770733	S3	US	Economic Development Foundation LLC	Economic Development LLC Services	239 Rock Street, East Haven, CT	#239 Rock St, E Haven, Connecticut	all_current_passes	no_key_intersection_or_cap
S1-43716243	S3-101761834	S3	US	Economic Development Foundation LLC	Ec0nomic Development Foundation LLC	239 Rock Street, East Haven, CT	East Haven, Connecticut, #239 Rock Street	all_current_passes	no_key_intersection_or_cap
S1-312278800	S2-78506130	S2	India	Aagaaz Protector Public Limited	Shri Aagaaz Protector Pc Limited	Nashik, Maharashtra, Popular Plot (M Corp. Og), Survey No.26/2A Plot No.7, Malegaon	NO 26/2A PLOT NO.7, POPULAR PLOT (M CORP. OG), NASHIK, Maharashtra	all_current_passes	no_key_intersection_or_cap
S1-72372050	S3-689123417	S3	India	HA Agro Private Limited	Haagro.Com	Mumbai, Building No. 58/B, Vijaydurg C.H.S. Lallubhai Compound, Mankhurd (West), Mumbai City, Flat No. 19, Maharashtra	#19, Building No. 58/B, Vijaydurg C.h.s. Lallubhai Compound, Mankhurd (West), Mumbai City, Mumbai Suburban, MH	all_current_passes	no_key_intersection_or_cap
S1-124565085	S2-998964026	S2	India	All Solutions Pvt Ltd	ஆல் சொல்யூஷன்ஸ் பிரைவேட் லிமிடெட்	Tamil Nadu, Coimbatore, S.F No. 352, Angeripalayam, Thottipalayam Village, Tiruppur	S.F NO. 352, ANGERIPALAYAM, THOTTIPALAYAM VILLAGE, TIRUPPUR, COIMBATORE, Tamil Nadu	all_current_passes	no_key_intersection_or_cap
S1-124565085	S2-475500566	S2	India	All Solutions Pvt Ltd	ஆல் சொல்யூஷன்ஸ் பிரைவேட் லிமிடெட்	Tamil Nadu, Coimbatore, S.F No. 352, Angeripalayam, Thottipalayam Village, Tiruppur	S.F NO. 352, TIRUPPUR, COIMBATORE, Tamil Nadu	all_current_passes	no_key_intersection_or_cap
S1-124565085	S2-860727218	S2	India	All Solutions Pvt Ltd	ஆல் சொல்யூஷன்ஸ் பிரைவேட் லிமிடெட்	Tamil Nadu, Coimbatore, S.F No. 352, Angeripalayam, Thottipalayam Village, Tiruppur	S.F NO. 352, ANGERIPALAYAM, THOTTIPALAYAM VILLAGE, TIRUPPUR, COIMBATORE, தமிழ்நாடு	all_current_passes	no_key_intersection_or_cap
S1-124565085	S3-269789575	S3	India	All Solutions Pvt Ltd	ஆல் சொல்யூஷன்ஸ் பிரைவேட் லிமிடெட்	Tamil Nadu, Coimbatore, S.F No. 352, Angeripalayam, Thottipalayam Village, Tiruppur	S.f No. 352, Angeripalayam, Thottipalayam Village, Tiruppur, Coimbatore, தமிழ்நாடு	all_current_passes	no_key_intersection_or_cap
S1-124565085	S3-274409765	S3	India	All Solutions Pvt Ltd	ஆல் சொல்யூஷன்ஸ் பிரைவேட் லிமிடெட்	Tamil Nadu, Coimbatore, S.F No. 352, Angeripalayam, Thottipalayam Village, Tiruppur	S.f No. 352, Angeripalayam, Thottipalayam Village, Tiruppur, Coimbatore, TN	all_current_passes	no_key_intersection_or_cap
S1-183354061	S2-571916130	S2	US	Katrine Cowles National Copley	Katrine Cbohwdlse National Copley	8417 Shining Waters Lane, Arlington, TX	Shining Waters Lane, ARLINGTON, TX	all_current_passes	no_key_intersection_or_cap
S1-915931045	S2-527036259	S2	India	Shiva Products Private Limited	શિવ પ્રોડક્ટ્સ પ્રાઇવેટ લિમિટેડ	132A, 2Nd Flr, Ambica Ind, Soc-2, U M Road, Bhatar, Surat, Gujarat	N/A, Gujarat, SURAT, PLOT 570 132A	all_current_passes	no_key_intersection_or_cap
S1-915931045	S3-121896077	S3	India	Shiva Products Private Limited	શિવ પ્રોડક્ટ્સ પ્રાઇવેટ લિમિટેડ	132A, 2Nd Flr, Ambica Ind, Soc-2, U M Road, Bhatar, Surat, Gujarat	Hn 632 132A, Surat, GJ	all_current_passes	no_key_intersection_or_cap
S1-957471043	S3-530519206	S3	India	Viz Exim Private Limited	Private Viz Em Limited	414, Fourth Floor, Dlf Jasola Tower B, Plot No. 10 & 11, Dda District, Centre, New Delhi, South Delhi, Delhi	New Delhi, Fourth Floor, Dlf Jasola Tower B, Plot No. 10 & 11, Dda District, Centre, 414, दिल्ली	all_current_passes	no_key_intersection_or_cap
S1-769824847	S3-421454746	S3	India	Ar P.O. Netlink Private Limited	Private Ar P.O. Netlink Ltd	352/54, J.S.S. Road, Murlidhar Temple Compound, Near Thakurdw, Ar P.O., Mumbai, Maharashtra	J.s.s. Road, Murlidhar Temple Compound, Near Thakurdw, 352/54, MH, Ar P.o., Mumbai Metro	all_current_passes	no_key_intersection_or_cap
S1-642107589	S2-115243037	S2	US	R 9 U Flag LLC	R 9 U FLFAOGA LLC	2832 Superior Street, Duluth, MN	SUPERIOR ST, DULUTH, MN	all_current_passes	no_key_intersection_or_cap
S1-555072354	S3-533635806	S3	India	Reef Automation Partners	Wexriza	C/O.Birendra Kumar Singh Sadhu Chowk, N.H-28, Ward No.3, Sareya, Gopalganj, Bihar	Door No 43 C/o.birendra Kumar Singh Sadhu Chowk, Gopalganj, BR	all_current_passes	no_key_intersection_or_cap
S1-660155116	S2-200368787	S2	India	South Food Private Limited	ಸೌತ್ ಫುಡ್ ಪ್ರೈವೇಟ್ ಲಿಮಿಟೆಡ್	Karnataka, D. No. 16-1-25/25, 2Nd Floor, Prime Towers, Balmatta Road, Bendoorwell, Attavara Vil, Lage, Mangalore, Dakshina Kannada	DOOR NO 16-1-25/25, 2ND FLOOR, PRIME TOWERS, BALMATTA ROAD, BENDOORWELL, ATTAVARA VIL, LAGE, MANGALORE, DAKSHINA KANNADA, Karnataka	all_current_passes	no_key_intersection_or_cap
S1-660155116	S3-11799662	S3	India	South Food Private Limited	ಸೌತ್ ಫುಡ್ ಪ್ರೈವೇಟ್ ಲಿಮಿಟೆಡ್	Karnataka, D. No. 16-1-25/25, 2Nd Floor, Prime Towers, Balmatta Road, Bendoorwell, Attavara Vil, Lage, Mangalore, Dakshina Kannada	No 16-1-25/25, 2Nd Floor, Prime Towers, Balmatta Road, Bendoorwell, Attavara Vil, Lage, Mangalore, Dakshina Kannada, KA	all_current_passes	no_key_intersection_or_cap
S1-676235874	S2-820463158	S2	India	Dg Fund Pvt Ltd	PVT DG FUND LTD.	House No. 5-5-35/167, Apiic Main Road, Prashanth Nagar, Tirumalagiri, Hyderabad, Telangana	HOUSE NO. B3/5-5-35/167, TIRUMALAGIRI, HYDERABAD, తెలంగాణ	all_current_passes	no_key_intersection_or_cap
S1-676235874	S3-412347009	S3	India	Dg Fund Pvt Ltd	Dg Pvt-Ltd Services	House No. 5-5-35/167, Apiic Main Road, Prashanth Nagar, Tirumalagiri, Hyderabad, Telangana	House No. 5-5-35/167, Apiic Main Road, Prashanth Nagar, Tirumalagiri, Hyderabad, Andhra Pradesh	all_current_passes	no_key_intersection_or_cap
S1-676235874	S3-689740374	S3	India	Dg Fund Pvt Ltd	Lumsyn	House No. 5-5-35/167, Apiic Main Road, Prashanth Nagar, Tirumalagiri, Hyderabad, Telangana	House No. 5-5-35/167, Apiic Main Road, Prashanth Nagar, Tirumalagiri, Hyderabad, Telangana	all_current_passes	no_key_intersection_or_cap
S1-131739612	S2-399086836	S2	India	UY Weaves Pvt. Ltd.	uyweaves.com	010, 2Nd/F.S No. 243/A/4, Vaibhav Laxmi Comlex, Ahmadabad City, Ahmedabad, Gujarat	010/1, 2ND/F.S NO. 243/A/4, VAIBHAV LAXMI COMLEX, AHMADABAD CITY, AHMEDABAD, Gujarat	all_current_passes	no_key_intersection_or_cap
S1-682004661	S2-943554102	S2	US	RKR Royal Lightwave Inc	THE RKR ROYAL LIGHTWAVE INC	1755 White Oak Drive, Jasper, IN	1755 WITE OAK DR, JASPER, IN	all_current_passes	no_key_intersection_or_cap
S1-502385737	S3-869299635	S3	US	Internal Medicine Care Associates of Columbus Inc.	Korhalo dba Internal Medicine Care Associates of Columbus Inc.	1305 Stone Ridge Drive, Unit C, Columbus, OH	1305 Stone Ridge Drive, Unit C, Columbus, OH	all_current_passes	no_key_intersection_or_cap
S1-822780661	S3-110266579	S3	US	Rev It Up Nails	Up It Rev Nhils	110 S A Street, Gas City, IN	11 S A Street, GAS CTY, Indiana	all_current_passes	no_key_intersection_or_cap
S1-628837898	S2-875827809	S2	US	Berger Aegon Inc	BERGERAEGON.COM	2975 Conestoga Avenue, Tucson, AZ	CONESTOGA AVENUE, TUCSON, AZ	all_current_passes	no_key_intersection_or_cap
S1-263027135	S2-750991020	S2	US	Star Trusted Table	Star Taruosetd  Table	4975 Peyton Street, Keizer, OR	KEIZER, 497 PEYTON ST, OR	all_current_passes	no_key_intersection_or_cap
S1-263027135	S2-468504790	S2	US	Star Trusted Table	Star Table Trusted Trusted	4975 Peyton Street, Keizer, OR	OR, KEIZER, 497 PEYTON ST	all_current_passes	no_key_intersection_or_cap
S1-99821	S2-327669411	S2	India	Rajshree Farmer	Wexonyx	14/136 A, 1014 Sanjoe College Road Millumpady Pulluvazhi Kunnathunad Ernakulam, Kunnathunad, Ernakulam, Kerala	H.NO 14/136 A, KUNNATHUNAD, ERNAKULAM, കേരളം	all_current_passes	no_key_intersection_or_cap
S1-27468292	S2-475793345	S2	US	Dynamic Complete Calamos LLC	Dynamic  C0mplete Chots LLC	VA, Dinwiddie County, 21217 Shippings Road	0021217 SHIPPINGS ROAD, DINWIDDIE COUNTY, VA	all_current_passes	no_key_intersection_or_cap
S1-27468292	S3-195285600	S3	US	Dynamic Complete Calamos LLC	dynamiccompletecalamos.com	VA, Dinwiddie County, 21217 Shippings Road	21217 Shippings Rd, Dinwiddie County, Virginia	all_current_passes	no_key_intersection_or_cap
S1-27468292	S3-932711269	S3	US	Dynamic Complete Calamos LLC	Fluxzeph a/k/a Dynamic Complete Calamos LLC	VA, Dinwiddie County, 21217 Shippings Road	21217 Shippings Road, Dinwiddie County, VA	all_current_passes	no_key_intersection_or_cap
S1-935721255	S2-73111989	S2	US	Pediatric Dentistry Associates LLC	Pediatric Dentistry Asoscictes LLC	1938 Forest Side Lane, Charlotte, NC	CHARLTTE TOWNSHIP, NC, 1938A FOREST SIDE LANE	all_current_passes	no_key_intersection_or_cap
S1-935721255	S2-826799313	S2	US	Pediatric Dentistry Associates LLC	Pediatric Dentistry Ass0ciates LLC	1938 Forest Side Lane, Charlotte, NC	1938A FOREST SIDE LANE, CHARLTTE TOWNSHIP, NC	all_current_passes	no_key_intersection_or_cap
S1-469630587	S2-190590198	S2	India	Future Estate Private Limited	ફ્યુચર એસ્ટેટ પ્રાઇવેટ લિમિટેડ	Vadodara, Gujarat, 987-12, Gidc Estate, Makarpura, M.I. Estate, Vadodara	987-12, VADODARA, Gujarat	all_current_passes	no_key_intersection_or_cap
S1-469630587	S2-963530685	S2	India	Future Estate Private Limited	futureestate.com	Vadodara, Gujarat, 987-12, Gidc Estate, Makarpura, M.I. Estate, Vadodara	987-12, GIDC ESTATE, MAKARPURA, M.I. ESTATE, VADODARA, Gujarat	all_current_passes	no_key_intersection_or_cap
S1-469630587	S3-285735907	S3	India	Future Estate Private Limited	ફ્યુચર એસ્ટેટ પ્રાઇવેટ લિમિટેડ	Vadodara, Gujarat, 987-12, Gidc Estate, Makarpura, M.I. Estate, Vadodara	987-12, Vadodara, ગુજરાત	all_current_passes	no_key_intersection_or_cap
S1-469630587	S3-87135107	S3	India	Future Estate Private Limited	ફ્યુચર એસ્ટેટ પ્રાઇવેટ લિમિટેડ	Vadodara, Gujarat, 987-12, Gidc Estate, Makarpura, M.I. Estate, Vadodara	987-12, Gidc Estate, Makarpura, M.i. Estate, Vadodara, GJ	all_current_passes	no_key_intersection_or_cap
S1-78175495	S3-633862461	S3	India	Sanskrut Freeze Pvt Ltd	Sanskrutfreeze.Com	B-140, Ground Floor Derawal Nagar, New Delhi, North West, Delhi	B-b3/140, Ground Floor Derawal Nagar, New Delhi, North West, दिल्ली	all_current_passes	no_key_intersection_or_cap
S1-619790759	S3-536790798	S3	US	Commission on Finance	C0mmission On Finance	1704 Southwell Court, Raleigh, NC	Southwell Ct, Raleigh, North Carolina	all_current_passes	no_key_intersection_or_cap
S1-744710348	S2-571370741	S2	India	United Consulting Private Limited	Sri united consulting private limited	C 411 E, 1St Floor, Sushant Lok, Phase-1, Dlf Qe, Gurgaon, Haryana	Haryana, #5-412 C 411 E, 1ST FLOOR, SUSHANT LOK, PHASE-1, DLF QE	all_current_passes	no_key_intersection_or_cap
S1-22040427	S2-330363155	S2	India	Lotus Power Private Limited	लोटस पावर प्राइवेट लिमिटेड	Maharashtra, Gtno523 Nr Nashik Highway, Pune, Flat No A1101 Gloden Palm, Haveli	FLAT NO A1101 GLODEN PLM, HAVELI, PUNE, Maharashtra	all_current_passes	no_key_intersection_or_cap
S1-22040427	S3-779180947	S3	India	Lotus Power Private Limited	Drexgild	Maharashtra, Gtno523 Nr Nashik Highway, Pune, Flat No A1101 Gloden Palm, Haveli	Flat No A1101 Gloden Palm, Gtno523 Nr Nashik Highway, Haveli, Pune, MH	all_current_passes	no_key_intersection_or_cap
S1-580570855	S3-532178522	S3	US	Tri-State Ministries LLC	Tri-State LLC Center	IN, 2424 Country Club Drive, Rochester	2424 1/2 Country Club Drive, Rochester, Indiana	all_current_passes	no_key_intersection_or_cap
S1-580570855	S3-145032593	S3	US	Tri-State Ministries LLC	Tri-5tate Ministries L.L.C.	IN, 2424 Country Club Drive, Rochester	2424 1/2 Country Club Dr, Rochester, Indiana	all_current_passes	no_key_intersection_or_cap
S1-118566854	S2-500085806	S2	India	Bombay Power Pvt Ltd	ಬಾಂಬೆ ಪವರ್ ಪ್ರೈವೇಟ್ ಲಿಮಿಟೆಡ್	No.592 3Rd Cross Hmt Layout Ganga Nagar Bangalore, Bangalore, Karnataka	NO.C-592 3RD CROSS HMT LAYOUT GANGA NAGAR BANGALORE, BENGALURU, BANGALORE, Karnataka	all_current_passes	no_key_intersection_or_cap
S1-118566854	S3-416390551	S3	India	Bombay Power Pvt Ltd	8ombay Power Pvt Limited	No.592 3Rd Cross Hmt Layout Ganga Nagar Bangalore, Bangalore, Karnataka	No.4-592 3Rd Cross Hmt Layout Ganga Nagar Bangalore, Bangalore, KA	all_current_passes	no_key_intersection_or_cap
S1-849948929	S2-271946953	S2	India	Producer Akshata Instrument Private Limited	PRIVATE PR0DUCER AKSHATA INSTRUMENT LIMITED	K-80A, Sector-9, Vijay Nagar, Ghaziabad, Uttar Pradesh	उत्तर प्रदेश, GHAZIABAD, K-80A, GHAZIABAD	all_current_passes	no_key_intersection_or_cap
S1-849948929	S3-919566356	S3	India	Producer Akshata Instrument Private Limited	Private Producer Akshata Instrument Limited	K-80A, Sector-9, Vijay Nagar, Ghaziabad, Uttar Pradesh	K-080a, Sector-9, Vijay Nagar, Ghaziabad, Meerut, UP	all_current_passes	no_key_intersection_or_cap
S1-178371607	S3-259544729	S3	India	Akay Foundation	Sri Akay Foundation	5/238-A, G/F, Plot No-50, Lalita Park, Laxmi Nagar, East Delhi, Delhi		all_current_passes	no_key_intersection_or_cap
S1-493801671	S3-658622203	S3	US	Emanuel Midwest Titan	Emanuel Mhlwest Titan	34 Candlewood Heights, New Milford, CT	Candlewood Heights, New Milford, Connecticut	all_current_passes	no_key_intersection_or_cap
S1-207022230	S2-246385449	S2	India	My Technologies Private Limited	MY  TECHNOLOGIES PDIVATE LIMITED	H.No 3300/1 Thakor Vas Nr, Primary School Koteshwar, Gandhinagar, Gandhi Nagar, Gujarat	H.NO 3300/1 THAKOR VAS NR, PRIMARY SCHOOL KOTESHWAR, GANDHINAGAR, Gujarat	all_current_passes	no_key_intersection_or_cap
S1-207022230	S2-493773965	S2	India	My Technologies Private Limited	My Technologies Limited Center	H.No 3300/1 Thakor Vas Nr, Primary School Koteshwar, Gandhinagar, Gandhi Nagar, Gujarat	H.NO 3300/1 THAKOR VAS NR, PRIMARY SCHOOL KOTESHWAR, GANDHINAGAR, Gujarat	all_current_passes	no_key_intersection_or_cap
S1-284111531	S3-277432389	S3	US	King Cea LLC	Jaxlum F/K/A King Cea LLC	Louisville, KY, 1014 Wetterau Ave	1014 Wetterau Ave, Louisville, KY	all_current_passes	no_key_intersection_or_cap
S1-891549319	S3-49211960	S3	US	Reinhardt Gulf Fargo LLC	Reinhardt Glf Fargo LLC	831 Sunnyside Road, Roselle, IL	Illinois, Roselle, Sunnyside Road	all_current_passes	no_key_intersection_or_cap
S1-874313570	S2-389608056	S2	US	Patriot Pediatrics Associates	Patri0t  Pediatrics Associates	391 Ridge Road, Salford Township, PA	39 Ridge Road, SALFORD TOWNSHIP, PA	all_current_passes	no_key_intersection_or_cap
S1-239688983	S3-509853946	S3	India	Naveen (India) (india) Private Limited	Naveenindiaindia.Com	8-1-332/3/B/3, First Floor, Arvind Nagar Colony, 7 Tombs Road, Tolichowki., Hyderabad, Telangana	Block F-909 8-1-332/3/B/3, First Floor, Arvind Nagar Colony, 7 Tombs Road, Tolichowki., Hyderabad, తెలంగాణ	all_current_passes	no_key_intersection_or_cap
S1-239688983	S3-804474762	S3	India	Naveen (India) (india) Private Limited	naveenindiaindia.com	8-1-332/3/B/3, First Floor, Arvind Nagar Colony, 7 Tombs Road, Tolichowki., Hyderabad, Telangana	Block F-909 8-1-332/3/B/3, First Floor, Arvind Nagar Colony, 7 Tombs Road, Tolichowki., Hyderabad, తెలంగాణ	all_current_passes	no_key_intersection_or_cap
S1-192820351	S2-89701948	S2	India	Gj Services LLP	Gj Services	Building No. 646/1, 646/2, Kodungallur-Shornur Road, Kanimangalam, Thrissur, Kerala	BUILDING NO. #646/1, 646/2, KODUNGALLUR-SHORNUR ROAD, KANIMANGALAM, THRISSUR, Kerala	all_current_passes	no_key_intersection_or_cap
S1-192820351	S2-824848529	S2	India	Gj Services LLP	Gj Steervciles LLP	Building No. 646/1, 646/2, Kodungallur-Shornur Road, Kanimangalam, Thrissur, Kerala	BUILDING NO. #646/1, 646/2, KODUNGALLUR-SHORNUR ROAD, KANIMANGALAM, THRISSUR, കേരളം	all_current_passes	no_key_intersection_or_cap
S1-192820351	S3-476043488	S3	India	Gj Services LLP	Gj Services	Building No. 646/1, 646/2, Kodungallur-Shornur Road, Kanimangalam, Thrissur, Kerala	Building No. 646/1, Thrissur, KL	all_current_passes	no_key_intersection_or_cap
S1-192820351	S3-684096357	S3	India	Gj Services LLP	L.L.P. Gj Services	Building No. 646/1, 646/2, Kodungallur-Shornur Road, Kanimangalam, Thrissur, Kerala	Building No. 646/1, 646/2, Kodungallur-shornur Road, Kanimangalam, Thrissur, KL	all_current_passes	no_key_intersection_or_cap
S1-775316424	S2-323794898	S2	India	New Tech Private Limited	न्यू टेक प्राइवेट लिमिटेड	Flat No 1511 Gaur City 1 Gc-3 North Avenue, Greater Noida West, Gautam Buddha Nagar, Uttar Pradesh	Uttar Pradesh, FLAT NO 8-1511 GAUR CITY 1 GC-3 NORTH AVENUE, GAUTAM BUDDHA NAGAR, GREATER NOIDA WEST	all_current_passes	no_key_intersection_or_cap
S1-775316424	S3-83551799	S3	India	New Tech Private Limited	@newtech	Flat No 1511 Gaur City 1 Gc-3 North Avenue, Greater Noida West, Gautam Buddha Nagar, Uttar Pradesh	Flat No 1511 Gaur City 1 Gc-3 North Avenue, Greater Noida West, Gautam Buddha Nagar, UP	all_current_passes	no_key_intersection_or_cap
S1-802472092	S2-130468262	S2	US	Ratech Industries, Inc	Ratech lnc Service	4000 Mesquite Ranch Road, Marfa, TX	TX, 4000 1/2 MESQUITE RANCH ROAD, MARFA	all_current_passes	no_key_intersection_or_cap
S1-802472092	S2-892552008	S2	US	Ratech Industries, Inc	RATECHINDUSTRIES.COM	4000 Mesquite Ranch Road, Marfa, TX	4000 1/2 MESQUITE RANCH RD, MARFA, TX	all_current_passes	no_key_intersection_or_cap
S1-713791704	S2-344461216	S2	US	Heritage Midstream Inc.	Heritage Heritage Midstream Inc	37 Sandy Beach Road, Holland, MA	35 SANDY BEACH RD, HOLLAND, MA	all_current_passes	no_key_intersection_or_cap
S1-313494929	S2-3118705	S2	US	Olimpia Pellicano Health	Olimpia Peliicaino Health	215 8th Street, Washburn, MO	MO, WASHUBRN, 21 8TH ST, N/A	all_current_passes	no_key_intersection_or_cap
S1-655327798	S2-103038625	S2	US	Jung Star Cayman	jungstarcayman.com	1703 Greentree Drive, Tempe, AZ	AZ, 1703 GREENTREE DR, TEMPE	all_current_passes	no_key_intersection_or_cap
S1-864917565	S2-171588881	S2	US	Pediatric Dental Clinic of Chelsea	PEDIATRIC DENTAL CLINIC	9 Sixth Street, Unit 2, Chelsea, MA	##9 6TH STREET, CHELSEA, MA	all_current_passes	no_key_intersection_or_cap
S1-418292699	S2-512797502	S2	US	U T Kelly Solution Clinic	THE U T KELLY SOLUTION CLINIC	11124 Saratoga Road, Apple Valley, CA	11124-B SARATOGA ROAD, CA, APPLE VALLEY	all_current_passes	no_key_intersection_or_cap
S1-418292699	S3-144159129	S3	US	U T Kelly Solution Clinic	utkelly.com	11124 Saratoga Road, Apple Valley, CA	Saratoga Road, Apple Valley, California	all_current_passes	no_key_intersection_or_cap
S1-123264192	S2-908501716	S2	India	Ahmed Enterprises	Shri Ahmed Enterprises LLP	76 Phoolwalan, Nikat Evane Mazhar, Phoolwalan, Bareilly, Uttar Pradesh	D/76 PHOOLWALAN, NIKAT EVANE MAZHAR, PHOOLWALAN, BAREILLY, Uttar Pradesh	all_current_passes	no_key_intersection_or_cap
S1-123264192	S3-460154004	S3	India	Ahmed Enterprises	Smt AHMED ENTERPRISES	76 Phoolwalan, Nikat Evane Mazhar, Phoolwalan, Bareilly, Uttar Pradesh	H.no ##76 Phoolwalan, Nikat Evane Mazhar, Phoolwalan, Bareilly, UP	all_current_passes	no_key_intersection_or_cap
S1-161339091	S2-351138505	S2	US	Carpenters Local 841	Lcccl Carpenters 841	TX, 100 Nueva Drive, Brady	100 NUEVA DR, BRADY, TX	all_current_passes	no_key_intersection_or_cap
S1-445549867	S2-432767188	S2	US	BI Total LLC	BI  LLC CENTER	1870 Military Road, Tonawanda, NY	NY, TONAWANDA, 870 MILITARY ROAD	all_current_passes	no_key_intersection_or_cap
S1-445549867	S2-942415562	S2	US	BI Total LLC	BI Toeal LLC	1870 Military Road, Tonawanda, NY	870 MILITARY RD, TONAWANDA, NY	all_current_passes	no_key_intersection_or_cap
S1-378731227	S2-290115439	S2	US	Classic Metro Property LLC	Classic Property LLC (Services)	5232 Tod Avenue, Unit 5D, Lordstown, OH	232 TOD AVE, WARREN CITY, OH	all_current_passes	no_key_intersection_or_cap
S1-837399164	S3-229511072	S3	India	Right & Co Corp	Rrgieth & Co Corp	Shivaji Nagar, Behind Durgaweigh Bridge Near Saibaba Temple, Manpada (Chitalsar), Thane, Maharashtra	Thane, Shivaji Ngaar, MH, North Goa	all_current_passes	no_key_intersection_or_cap
S1-666781458	S3-900747625	S3	US	Fresh Fuel Inc	Caloumbra	6 Pine Grove Road, Westford, MA	6-10 Pine Grove Road, Westford, Massachusetts	all_current_passes	no_key_intersection_or_cap
S1-82798076	S3-422955057	S3	US	Sills, Duffy & Gonzalez L.L.C.	sillsduffygonzalez.com	29518 B Tindall Lane, Bruneau, ID	B Tindall Ln, Bruneau, Idaho	all_current_passes	no_key_intersection_or_cap
S1-868805480	S2-176420003	S2	India	Smart Builders Private Limited	സ്മാർട്ട് ബിൽഡേഴ്സ് പ്രൈവറ്റ് ലിമിറ്റഡ്	Room No. 10/139-D, Sndp 1060, Valluvally, Koonammavu P. O., Ernakulam, Ernakulam, Kerala	ROOM NO. 10/139-D, ERNAKULAM, Kerala	all_current_passes	no_key_intersection_or_cap
S1-868805480	S2-843372865	S2	India	Smart Builders Private Limited	private smart builders limited	Room No. 10/139-D, Sndp 1060, Valluvally, Koonammavu P. O., Ernakulam, Ernakulam, Kerala	ROOM NO. 10/139-D, ERNAKULAM, Kerala	all_current_passes	no_key_intersection_or_cap
S1-868805480	S3-881062711	S3	India	Smart Builders Private Limited	സ്മാർട്ട് ബിൽഡേഴ്സ് പ്രൈവറ്റ് ലിമിറ്റഡ്	Room No. 10/139-D, Sndp 1060, Valluvally, Koonammavu P. O., Ernakulam, Ernakulam, Kerala	Room No. 10/139-D, Sndp 1060, Valluvally, Koonammavu P. O., Ernakulam, Ernakulam, KL	all_current_passes	no_key_intersection_or_cap
S1-708363662	S3-425516217	S3	US	Straight Edge Cleaning Service	Straight Edge Clesaing Service	606 Johnson Street, Pasadena, TX	Pasadena, 606-610 Johnson St, Texas	all_current_passes	no_key_intersection_or_cap
S1-971636809	S3-420206582	S3	US	Valdez Range	Quomira formerly known as Valdez Range	TX, 14827 Inverrary Drive, Houston	14827 Inverrary Drive, Houston, TX	all_current_passes	no_key_intersection_or_cap
S1-391664892	S2-710677380	S2	India	City Technologies Private Limited	City Technologies Private	H. No. 1142, Gandhi Colony, Rajpura, Patiala, Punjab	H.NO 1142 , GANDHI COLONY, RAJPURA, Punjab	all_current_passes	no_key_intersection_or_cap
S1-391664892	S3-260917600	S3	India	City Technologies Private Limited	ਸਿਟੀ ਟੈਕਨਾਲੋਜੀਜ਼ ਪ੍ਰਾਈਵੇਟ ਲਿਮਟਿਡ	H. No. 1142, Gandhi Colony, Rajpura, Patiala, Punjab	054, Rajpura, Patiala, PB	all_current_passes	no_key_intersection_or_cap
S1-391664892	S3-346551715	S3	India	City Technologies Private Limited	@Citytechnologies	H. No. 1142, Gandhi Colony, Rajpura, Patiala, Punjab	H. No. 1142, Gandhi Colony, Patiala, PB	all_current_passes	no_key_intersection_or_cap
S1-391664892	S3-841672111	S3	India	City Technologies Private Limited	ਸਿਟੀ ਟੈਕਨਾਲੋਜੀਜ਼ ਪ੍ਰਾਈਵੇਟ ਲਿਮਟਿਡ	H. No. 1142, Gandhi Colony, Rajpura, Patiala, Punjab	054, Rajpura, PB	all_current_passes	no_key_intersection_or_cap
S1-999950864	S2-912969278	S2	India	Indus Charitable Trust	induscharitabletrust.com	304 Dharam Palace N S Patkarmarg, Mumbai, Maharashtra	Maharashtra, NO A-304 DHAHAM PALACE N S PATKARMARG, MUMBAI	all_current_passes	no_key_intersection_or_cap
S1-968802604	S2-945724599	S2	India	Ma Health (India) Private Limited	MA HEALTH LIMITED LIMITED PRIVATE (INDIA)	Plot No. 4, Bhagirathy Ammal Street, R A Puram, Chennai City Corporation, Chennai, Tamil Nadu	4 , BHAGIRATHY AMMAL STREET, R A PURAM, CHENNAI CITY CORPORATION, தமிழ்நாடு	all_current_passes	no_key_intersection_or_cap
S1-968802604	S2-400275389	S2	India	Ma Health (India) Private Limited	MA HEA1TH (INDIA) PRIVATE LIMITED	Plot No. 4, Bhagirathy Ammal Street, R A Puram, Chennai City Corporation, Chennai, Tamil Nadu	PLOT NO. 4, BHAGIRATHY AMMAL STREET, R A PURAM, CHENNAI CITY CORPORATION, Tamil Nadu	all_current_passes	no_key_intersection_or_cap
S1-968802604	S3-637842781	S3	India	Ma Health (India) Private Limited	Ma Limited (India) Private Health	Plot No. 4, Bhagirathy Ammal Street, R A Puram, Chennai City Corporation, Chennai, Tamil Nadu		all_current_passes	no_key_intersection_or_cap
S1-737085485	S2-831193516	S2	India	Samruddhi & Sons Private Limited	Privaboote Samruddhi & Sons Limited	C/O Ratibhan S/O Sh. Bheem Singh Vpo Mundet Khadar, Shamli, Muzaffarnagar, Uttar Pradesh	NO. 012 C/O RATIBHAN S/O SH. BHEEM SINGH VPO MUNDET KHADAR, SHAMLI, MUZAFFARNAGAR, Uttar Pradesh	all_current_passes	no_key_intersection_or_cap
S1-737085485	S3-421890999	S3	India	Samruddhi & Sons Private Limited	5amruddhi + Sons  Private	C/O Ratibhan S/O Sh. Bheem Singh Vpo Mundet Khadar, Shamli, Muzaffarnagar, Uttar Pradesh	C/o Ratibhan S/o Sh. Bheem Singh Vpo Mundet Khadar, Shamli, Muzaffarnagar, UP	all_current_passes	no_key_intersection_or_cap
S1-844024478	S2-995210620	S2	US	Monteus Quasaredge Inc.	ONYXQUO	255 Gholdston Lane, Bldg 25, Dayton, TN	248 GHOLDSTON LANE, DAYTTON, TN	all_current_passes	no_key_intersection_or_cap
S1-680724776	S3-531482902	S3	US	Meex Superior Omega LLC	meexsuperioromega.com	NC, 1746 Bowdens Road, Warsaw	1746 Bowdens Rd, Warsaw, North Carolina	all_current_passes	no_key_intersection_or_cap
S1-638739020	S3-858901010	S3	US	Regional Staffing Enterprises Inc	Regional Stfaffing Enterprises Inc	8947 Hollymeade Drive, Fairfax County, VA		all_current_passes	no_key_intersection_or_cap
S1-608374986	S2-122779693	S2	US	Myrta T. Cline, Ph.D.	The Myrta T. Cline, Ph.D.	1456 Lewisburg Pike, Williamson County, TN	1456-1458 LEWISBURG PIKE, WILLIAMSON COUNTY, TN	all_current_passes	no_key_intersection_or_cap
S1-608374986	S2-431270020	S2	US	Myrta T. Cline, Ph.D.	MYRTATCLINE.COM	1456 Lewisburg Pike, Williamson County, TN	1456-1458 LEWISBURG PIKE, WILLIAMSON COUNTY, TN	all_current_passes	no_key_intersection_or_cap
S1-83479691	S2-502415418	S2	India	Creative Technology Limited	क्रिएटिव टेक्नोलॉजी लिमिटेड	531/1/3 Badiya Kima. Near Brg Industrial Park, Nemawar Road, Indore, Madhya Pradesh	NO 531/1/3  BADIYA KIMA. NEAR BRG INDUSTRIAL PARK, INDORE, Madhya Pradesh	all_current_passes	no_key_intersection_or_cap
S1-919327680	S2-97234288	S2	India	Lakshmi Services Private Limited	लक्ष्मी सर्विसेज प्राइवेट लिमिटेड	3 F 16 Jawarnagar, Sri Ganganagar, Sriganga Nagar, Rajasthan	3/3 F 16 JAWARNAGAR, SRI GANGANAGAR, SRIGANGA NAGAR, Rajasthan	all_current_passes	no_key_intersection_or_cap
S1-115251266	S2-162506576	S2	India	Skilled Solutions (India) Limited	M/s skilledsolutionsindia.com	H.No. 1325, Matond Tal-Vengurla Matond, Vengurla, Sindhudurg, Maharashtra	DOOR NO 325 , MATOND TAL-VENGURLA MATOND, VENGURLA, महाराष्ट्र	all_current_passes	no_key_intersection_or_cap
S1-115251266	S3-870684653	S3	India	Skilled Solutions (India) Limited	Sri Skilled Solutions	H.No. 1325, Matond Tal-Vengurla Matond, Vengurla, Sindhudurg, Maharashtra	H.no G-1325, Vengurla, Sindhudurg, MH	all_current_passes	no_key_intersection_or_cap
S1-749055841	S2-102274928	S2	India	My Engineering	మై ఇంజనీరింగ్	H.No. 8-2-310, Rock House, 1St Floor, Road No.14, Khairatabad, Hyderabad, Telangana	H.NO. 8-2-310, HYDERABAD, KHAIRATABAD, Andhra Pradesh	all_current_passes	no_key_intersection_or_cap
S1-749055841	S2-48602217	S2	India	My Engineering	మై ఇంజనీరింగ్	H.No. 8-2-310, Rock House, 1St Floor, Road No.14, Khairatabad, Hyderabad, Telangana	NO 8-2-310, KHAIRATABAD, HYDERABAD, Andhra Pradesh	all_current_passes	no_key_intersection_or_cap
S1-749055841	S2-126106029	S2	India	My Engineering	My ఇంజనీరింగ్	H.No. 8-2-310, Rock House, 1St Floor, Road No.14, Khairatabad, Hyderabad, Telangana	Andhra Pradesh, #8-2-310 , ROCK HOUSE, 1ST FLOOR, ROAD NO.14, KHAIRATABAD	all_current_passes	no_key_intersection_or_cap
S1-749055841	S3-667321354	S3	India	My Engineering	My Engineering LLP	H.No. 8-2-310, Rock House, 1St Floor, Road No.14, Khairatabad, Hyderabad, Telangana	No 8-2-310, Khairatabad, Hyderabad, TG	all_current_passes	no_key_intersection_or_cap
S1-761411416	S2-925497386	S2	India	Bombay Products LLP	বোম্বে প্রোডাক্টস এলএলপি	C/O Mallika Pailan, Daulatpur, Pailan, Bishnupur - I, South 24 Parganas, West Bengal	DAULATPUR, PAILAN, BISHNUPUR - I, C/O MALLIKA PAILAN, West Bengal, SOUTH 24 PARGANAS	all_current_passes	no_key_intersection_or_cap
S1-761411416	S2-48521179	S2	India	Bombay Products LLP	B0mbay Products LLP	C/O Mallika Pailan, Daulatpur, Pailan, Bishnupur - I, South 24 Parganas, West Bengal	C/O MALLIKA PAILAN, BISHNUPUR - I, SOUTH 24 PARGANAS, West Bengal	all_current_passes	no_key_intersection_or_cap
S1-761411416	S3-36057434	S3	India	Bombay Products LLP	বোম্বে প্রোডাক্টস এলএলপি	C/O Mallika Pailan, Daulatpur, Pailan, Bishnupur - I, South 24 Parganas, West Bengal	C/o Mallika Pailan, Daulatpur, Pailan, South 24 Parganas, WB	all_current_passes	no_key_intersection_or_cap
S1-761411416	S3-693194302	S3	India	Bombay Products LLP	Bombay LLP Center	C/O Mallika Pailan, Daulatpur, Pailan, Bishnupur - I, South 24 Parganas, West Bengal	C/o Mallika Pailan, Daulatpur, Pailan, South 24 Parganas, WB	all_current_passes	no_key_intersection_or_cap
S1-156011256	S2-139194535	S2	India	Maa Ventures Pvt Ltd	मां वेंचर्स प्रा. लि.	Hno 114, Rajendra, Ward No 1, Jabalpur, Sihora, Katni, Madhya Pradesh	114, SIHORA, KATNI, मध्य प्रदेश	all_current_passes	no_key_intersection_or_cap
S1-156011256	S2-529776482	S2	India	Maa Ventures Pvt Ltd	Pvt Maa Vegsnr Ltd	Hno 114, Rajendra, Ward No 1, Jabalpur, Sihora, Katni, Madhya Pradesh	SIHORA, KATNI, RAJENDRA, WARD NO 1, JABALPUR, मध्य प्रदेश, HNO 114	all_current_passes	no_key_intersection_or_cap
S1-264257243	S2-722524162	S2	India	Peacock Production Private Limited	Private Peacock Próduction Limited	No. 146, 3Rd Ward, Gowdru Street, Buddha Circle, Behind Jain Temple, Kottur, Bellary, Karnataka	H.NO 146, 3RD WARD, GOWDRU STREET, BUDDHA CIRCLE, BEHIND JAIN TEMPLE, KOTTUR, BELLARY, ಕರ್ನಾಟಕ	all_current_passes	no_key_intersection_or_cap
S1-264257243	S2-207298708	S2	India	Peacock Production Private Limited	Private Peac0ck Production (Limited)	No. 146, 3Rd Ward, Gowdru Street, Buddha Circle, Behind Jain Temple, Kottur, Bellary, Karnataka	DOOR NO 146, KOTTUR, BELLARY, Karnataka	all_current_passes	no_key_intersection_or_cap
S1-156911933	S2-229079386	S2	US	Adolphson and Owens, Inc	ADOLPHSONOWENS.COM	9273 Xenium Lane, Maple Grove, MN	MN, MAPLE GROVE, 9273 XENIUM LANE	all_current_passes	no_key_intersection_or_cap
S1-860204584	S3-30776166	S3	US	Sturgeon Vine	Sturgeon Vhcine	1811 Laminar Creek Road, Cedar Park, TX	Laminar Creek Rd, Cedar Park, Texas	all_current_passes	no_key_intersection_or_cap
S1-643531007	S3-824330470	S3	India	Allahabad Business Limited	Allahabad Busanes (Limited)	13/8/2A, Allahabad, Abc Beli Road, Uttar Pradesh, Allahabad	15/8/2A, Abc Beli Road, Allahabad, Deviganj, UP	all_current_passes	no_key_intersection_or_cap
S1-643531007	S3-453815201	S3	India	Allahabad Business Limited	Allahabad Limited Center	13/8/2A, Allahabad, Abc Beli Road, Uttar Pradesh, Allahabad	15/8/2A, Abc Beli Road, Allahabad, Deviganj, उत्तर प्रदेश	all_current_passes	no_key_intersection_or_cap
S1-287037500	S3-663763856	S3	US	Nerissa N. Robertson, O.D.	Nerissa N. O.D. R0bertson,	10561 Vermillion Drive, Fortville, IN	30561 Vermillion Drive, Fortville, Indiana	all_current_passes	no_key_intersection_or_cap
S1-884074187	S2-393006321	S2	US	Behavioral Health Specialists PLLC	Behavioral Health Specialists	822 Windsor Street, City Of Sun Prairie, WI	SUN PRAIRIE, WI, 822 WINDSOR ST	all_current_passes	no_key_intersection_or_cap
S1-884074187	S2-991827756	S2	US	Behavioral Health Specialists PLLC	Behavioral Health Sdcmeiaggists PLLC	822 Windsor Street, City Of Sun Prairie, WI	WI, SUN PRAIRIE, 822 WINDSOR ST	all_current_passes	no_key_intersection_or_cap
S1-884074187	S3-655760994	S3	US	Behavioral Health Specialists PLLC	Behavioral  Health PLLC Center	822 Windsor Street, City Of Sun Prairie, WI	822 Windsor St, SUN Rpairie Township, Wisconsin	all_current_passes	no_key_intersection_or_cap
S1-884074187	S3-363338802	S3	US	Behavioral Health Specialists PLLC	Behavioral Health	822 Windsor Street, City Of Sun Prairie, WI	822 Windsor St, SUN Rpairie Township, Wisconsin	all_current_passes	no_key_intersection_or_cap
S1-884074187	S3-59739612	S3	US	Behavioral Health Specialists PLLC	Viohalo aka Behavioral Health Specialists PLLC	822 Windsor Street, City Of Sun Prairie, WI	822 Windsor Street, City Of Sun Prairie, WI	all_current_passes	no_key_intersection_or_cap
S1-418742452	S3-514597371	S3	India	Kolkata India Center	Violum	16 India Exchange Place, Kolkata, Calcutta, West Bengal	H.no 4-16 India Exchange Place, Kolkata, Calcutta, WB	all_current_passes	no_key_intersection_or_cap
S1-170839111	S2-48410270	S2	India	Indo Solutions	ইন্দো সলিউশনস	C/O Rishav Communication, Chinu Tower, Siliguri, Darjiling, Darjeeling, West Bengal	C/O RISHAV COMMUNICATION, DARJILING, CHINU TOWER, SILIGURI, West Bengal	all_current_passes	no_key_intersection_or_cap
S1-489000992	S2-739463935	S2	India	Gopal Clothing	6OPAL CLOTHING LLP	Plot No C-109, Sector - 10, Noida, Gautam Buddha Nagar, Uttar Pradesh	PLOT NO C-10, SECTOR - 10, NOIDA, GAUTAM BUDDHA NAGAR, Uttar Pradesh	all_current_passes	no_key_intersection_or_cap
S1-992970893	S2-823023380	S2	US	Ryan Renewables	Ryan Ryan Renewables	177 Main Street, Westfield, MA	00177 MAIN ST, WESTFIELD, MA	all_current_passes	no_key_intersection_or_cap
S1-377079529	S2-199387852	S2	India	Lotus Power Private Limited	लोटस पावर प्राइवेट लिमिटेड	Maharashtra, Mumbai, Sej Plaza, Marve Road, Malad West, Near Nutan Vidya Mandir School, Mumbai, Maharashtra, India, Malad West, 1St Floor 25	1ST- FLOOR 25, SEJ PLAZA, MARVE ROAD, MALAD WEST, NEAR NUTAN VIDYA MANDIR SCHOOL, MUMBAI, MAHARASHTRA, INDIA, MALAD WEST, MUMBAI, Maharashtra	all_current_passes	no_key_intersection_or_cap
S1-377079529	S2-384349912	S2	India	Lotus Power Private Limited	लोटस पावर प्राइवेट लिमिटेड	Maharashtra, Mumbai, Sej Plaza, Marve Road, Malad West, Near Nutan Vidya Mandir School, Mumbai, Maharashtra, India, Malad West, 1St Floor 25	MALAD WEST, SEJ PLAZA, MARVE ROAD, MALAD WEST, NEAR NUTAN VIDYA MANDIR SCHOOL, MUMBAI, MAHARASHTRA, INDIA, Maharashtra, MUMBAI, 1ST- FLOOR 25	all_current_passes	no_key_intersection_or_cap
S1-377079529	S3-596843533	S3	India	Lotus Power Private Limited	लोटस पावर प्राइवेट लिमिटेड	Maharashtra, Mumbai, Sej Plaza, Marve Road, Malad West, Near Nutan Vidya Mandir School, Mumbai, Maharashtra, India, Malad West, 1St Floor 25	Sej Plaza, Marve Road, Malad West, Near Nutan Vidya Mandir School, Mumbai, Maharashtra, India, Mumbai, Malad West, महाराष्ट्र, H.no A-1st Floor 25	all_current_passes	no_key_intersection_or_cap
S1-704696407	S3-987156496	S3	India	Rajni Remedies Private Limited	Private Rajni Remedies Limited	Sno2 9, Pimpalgaon Dadhegaon Road Dadhegaon, Nashik, Maharashtra	#650 Sno2 9, Pimpalgaon Dadhegaon Road Dadhegaon, Nashik, MH	all_current_passes	no_key_intersection_or_cap
S1-431237992	S3-536342942	S3	US	Global Metal	globalmetal.com	17207 Kininvie Crossing, Richmond, TX	Texas, Richmond, 17207-17209 Kininvie Crossing	all_current_passes	no_key_intersection_or_cap
S1-719869905	S2-94524556	S2	US	XRS Terra	XRS TREA	Lubbock, Unit 200, TX, 6302 Iola Avenue	IOLA AVE, LUBBOCK, N/A, TX	all_current_passes	no_key_intersection_or_cap
S1-719869905	S3-508428226	S3	US	XRS Terra	Lyrafaye trading as XRS Terra	Lubbock, Unit 200, TX, 6302 Iola Avenue	Unit 200, 6302 Iola Avenue, TX, Lubbock	all_current_passes	no_key_intersection_or_cap
S1-267974855	S2-726288718	S2	US	Literacy Network	The Literacy Netw0rk	10635 Walton Lane, Northport, AL		all_current_passes	no_key_intersection_or_cap
S1-862630766	S3-780411981	S3	India	Primetime Infotech Private Limited	Private Primetime Infotech Ltd	Howrah, Sastri Narendra Nath Ganguly Road, 21/3, Kolkata, West Bengal	21/3, Kolkata, Howrah, পশ্চিমবঙ্গ	all_current_passes	no_key_intersection_or_cap
S1-742691374	S2-112262836	S2	India	Maa Indian Food Pvt Ltd	ಮಾ ಇಂಡಿಯನ್ ಫುಡ್ ಪ್ರೈವೇಟ್ ಲಿಮಿಟೆಡ್	Door No:84, 3Rd Cross, Near Jyoti Nivas College, Bangalore South, Bangalore, Karnataka	DOOR NO:44, 3RD CROSS, NEAR JYOTI NIVAS COLLEGE, BANGALORE SOUTH, BANGALORE, Karnataka	all_current_passes	no_key_intersection_or_cap
S1-320123642	S2-80314658	S2	India	Luminary Solutions Group	Kelodeltaflux	A 16/1 L -1/95Ganga Nagar Colony Adampur Varanasi, Up, Lucknow, Uttar Pradesh	A A-16/1 L -1/95GANGA NAGAR COLONY ADAMPUR VARANASI, UP, LUCKNOW, Uttar Pradesh	all_current_passes	no_key_intersection_or_cap
S1-248169473	S2-693329013	S2	US	Fania Williams Continental Alchemy Inc	Fania Wiliams Continental Alchemy Inc	1634 133rd Street, Unit B, Lubbock, TX	LUBBOCK, 01634 133ND STREET, TX	all_current_passes	no_key_intersection_or_cap
S1-938953482	S2-850689139	S2	India	Jay Global	जय ग्लोबल	Plot No. 3396/3, Ward No. 30, Tkampur, Vishnu Garden, Gurgaon, Haryana	PLOT NO. 3396/3, WARD NO. 30, TKAMPUR, VISHNU GARDEN, GURGAON, हरियाणा	all_current_passes	no_key_intersection_or_cap
S1-938953482	S2-305686807	S2	India	Jay Global	Sri Jay Goabl Goabl	Plot No. 3396/3, Ward No. 30, Tkampur, Vishnu Garden, Gurgaon, Haryana	DOOR NO 3396/3 , WARD NO. 30, TKAMPUR, VISHNU GARDEN, GURGAON, Haryana	all_current_passes	no_key_intersection_or_cap
S1-82139393	S3-877430455	S3	US	Dermatology Midwest Center Corp	Arcorbiio formerly known as Dermatology Midwest Center Corp	1123 Bisnaga Street, Casa Grande, AZ	Casa Grande, AZ, 1123 Bisnaga Street	all_current_passes	no_key_intersection_or_cap
S1-40202504	S2-183135533	S2	US	Oconnor, Philpot & Temple Newhold Inc	Oc0nnor, Philpot & Temple Newhold Inc	N48W18858 Lisbon Road, Village Of Menomonee Falls, WI	48W18858 LISBON RD, VILLAGE OF MENOMONEE FALLS, WI	all_current_passes	no_key_intersection_or_cap
S1-767346210	S2-989094361	S2	India	Hsr Tech Private Limited	Smt HSR TECH PRIVATE LIMITED	Flat No. A-3, A Wing, Neeraj Heights Apartment Thakur Residency, Vishwas Lawns, Savarka, R Nagar, Nasik, Nashik, Maharashtra	FLAT NO. A-3, A WING, NEERAJ HEIGHTS APARTMENT THAKUR RESIDENCY, VISHWAS LAWNS, SAVARKA, R NAGAR, NASIK, Maharashtra	all_current_passes	no_key_intersection_or_cap
S1-767346210	S3-11968071	S3	India	Hsr Tech Private Limited	Fluxpyrax formerly known as Hsr Tech Private Limited	Flat No. A-3, A Wing, Neeraj Heights Apartment Thakur Residency, Vishwas Lawns, Savarka, R Nagar, Nasik, Nashik, Maharashtra	Flat No. A-3, A Wing, Neeraj Heights Apartment Thakur Residency, Vishwas Lawns, Savarka, R Nagar, Nasik, Nashik, Maharashtra	all_current_passes	no_key_intersection_or_cap
S1-201142969	S2-561956739	S2	US	Jelene Wyatt Columbus	The Jelene Wyatt (Columbus)	9204 Wildwood Drive, Highland, IN	920 WILDWOOD DR, PMB 2369, HIGHLAND, IN	all_current_passes	no_key_intersection_or_cap
S1-280289141	S2-124806768	S2	US	Womens Health Anchor Physicians LLC	Womens Health Anchor	79 Scripps Drive, Unit STE 208, Sacramento, CA	SCRIPPS DR, SACRAMENTO, CA	all_current_passes	no_key_intersection_or_cap
S1-591847195	S2-240339419	S2	US	Ridgeline	ridgeline.com	825 Myrtle Street, Staunton, IL	IL, STAUNTON, 525 MYRTLE STREET	all_current_passes	no_key_intersection_or_cap
S1-591847195	S3-659519980	S3	US	Ridgeline	Rngdbctrline	825 Myrtle Street, Staunton, IL	25 Myrtle Street, Staunton, Illinois	all_current_passes	no_key_intersection_or_cap
S1-128229303	S2-61942551	S2	India	Sapphire Pandit Private Limited	private sapphire pandit limited	10, Kastur Kunj, Cts No. 2745 To 2755, Haveli, Pune, Maharashtra	#104 10, NULL, HAVELI, PUNE, महाराष्ट्र	all_current_passes	no_key_intersection_or_cap
S1-946505145	S3-169177470	S3	US	Chiropractic Physicians Inc	Chiropracticphysicians.Com	328 Thoreau Boulevard, Ofallon, MO	Missouri, 328-B Thoreau Boulevard, Ofallon	all_current_passes	no_key_intersection_or_cap
S1-471100859	S3-572181949	S3	India	KLJ Mahendra Private Limited	PRIVATE KLJ MAHENDRA LIMITED	4F Mile Stone Shopping, Deesa, Gujarat, Banaskantha, Center, Nr. Highway	Center, Nr. Highway, H.no 4F Mile Stone Shopping, Deesa, Banaskantha, GJ	all_current_passes	no_key_intersection_or_cap
S1-165422067	S2-595759579	S2	India	Jrv Agro Limited	Jrv-Limited Center	Rahanja, Bhadrak, Balasore, Orissa		all_current_passes	no_key_intersection_or_cap
S1-165422067	S3-815943358	S3	India	Jrv Agro Limited	#jrvagro	Rahanja, Bhadrak, Balasore, Orissa	Rahanja, Bhubaneswar Hq Region, Bhadrak, OD	all_current_passes	no_key_intersection_or_cap
S1-93988423	S2-194451174	S2	India	Foods Camellia Commotrade Private Limited	FOODS CEERLNLIA COMMOTRADE PRIVATE LIMITED	1016 Plot No 20 B Bhoite Nagar, Near Dugadha Cooperative Housing Society, Saneguruji, Vasahat, Kolhapur, Maharashtra	10-16 PLOT NO 20 B BHOITE NAGAR, NEAR DUGADHA COOPERATIVE HOUSING SOCIETY, SANEGURUJI, VASAHAT, KOLHAPUR, महाराष्ट्र	all_current_passes	no_key_intersection_or_cap
S1-93988423	S3-393646273	S3	India	Foods Camellia Commotrade Private Limited	foodscamelliacommotrade.com	1016 Plot No 20 B Bhoite Nagar, Near Dugadha Cooperative Housing Society, Saneguruji, Vasahat, Kolhapur, Maharashtra	Door No 1016 Plot No 20 B Bhoite Nagar, Kolhapur, महाराष्ट्र	all_current_passes	no_key_intersection_or_cap
S1-995945998	S3-745989815	S3	US	Willcutt's Keystone Systems	Service Keystone Willcutt's	4915 Sutherland Drive, Frederick, MD	4915-4917 Sutherland Drive, Frederick, Maryland	all_current_passes	no_key_intersection_or_cap
S1-675065181	S3-673673463	S3	India	Bombay Infra Private Limited	bombayinfra.com	No. 3034, Windmills Of Your Mind, 5B Road, Epip Zone Whitefield Bengaluru, Bangalore South, Bangalore, Karnataka	H.no 30-34, Bangalore South, Bangalore, ಕರ್ನಾಟಕ	all_current_passes	no_key_intersection_or_cap
S1-675065181	S3-884621418	S3	India	Bombay Infra Private Limited	ಬಾಂಬೆ ಇನ್‌ಫ್ರಾ ಪ್ರೈವೇಟ್ ಲಿಮಿಟೆಡ್	No. 3034, Windmills Of Your Mind, 5B Road, Epip Zone Whitefield Bengaluru, Bangalore South, Bangalore, Karnataka	KA, Door No 30-34, Bangalore South, Bangalore	all_current_passes	no_key_intersection_or_cap
S1-186971947	S2-83170393	S2	US	Stagner Sterling End PLLC	PLLC Stagner Steoing End	IA, 6801 Brookview Drive, Urbandale	6801 Brookview Dr, URBANDALE, IA	all_current_passes	no_key_intersection_or_cap
S1-589097396	S3-442944391	S3	US	Plumbers Union Local No 697	The Plumbers Union Local No  697	Buda, 596 Loop 4, Unit STE 503, TX	# STE 503, 624 Loop 4, Texas, Buda	all_current_passes	no_key_intersection_or_cap
S1-589097396	S3-513081652	S3	US	Plumbers Union Local No 697	Deltasol D.B.A. Plumbers Union Local No 697	Buda, 596 Loop 4, Unit STE 503, TX	596 Loop 4, Buda, Unit STE 503, TX	all_current_passes	no_key_intersection_or_cap
S1-942355854	S2-592841671	S2	India	Ss Investment Private Limited	एसएस इन्वेस्टमेंट प्राइवेट लिमिटेड	C/O. Shakuntala Devi, Akhlour, Keri Road, Muzaffarnagar, Uttar Pradesh	MUZAFFARNAGAR, Uttar Pradesh, C/O. SHAKUNTALA DEVI, MUZAFFARNAGAR	all_current_passes	no_key_intersection_or_cap
S1-942355854	S2-181812960	S2	India	Ss Investment Private Limited	Ss Investment Private Ltd	C/O. Shakuntala Devi, Akhlour, Keri Road, Muzaffarnagar, Uttar Pradesh	C/O. SHAKUNTALA DEVI, AKHLOUR, KERI ROAD, MUZAFFARNAGAR, Uttar Pradesh	all_current_passes	no_key_intersection_or_cap
S1-942355854	S3-205639881	S3	India	Ss Investment Private Limited	एसएस Investment Private Limited	C/O. Shakuntala Devi, Akhlour, Keri Road, Muzaffarnagar, Uttar Pradesh	C/o. Shakuntala Devi, Akhlour, Keri Road, Muzaffarnagar, उत्तर प्रदेश	all_current_passes	no_key_intersection_or_cap
S1-942355854	S3-127654078	S3	India	Ss Investment Private Limited	एसएस इन्वेस्टमेंट प्राइवेट लिमिटेड	C/O. Shakuntala Devi, Akhlour, Keri Road, Muzaffarnagar, Uttar Pradesh	C/o. Shakuntala Devi, Akhlour, Keri Road, Muzaffarnagar, UP	all_current_passes	no_key_intersection_or_cap
S1-942355854	S3-599699469	S3	India	Ss Investment Private Limited	Ss Private Investment Limited - 1764054259	C/O. Shakuntala Devi, Akhlour, Keri Road, Muzaffarnagar, Uttar Pradesh	UP, C/o. Shakuntala Devi, Akhlour, Keri Road, Muzaffarnagar	all_current_passes	no_key_intersection_or_cap
S1-554537015	S2-117103592	S2	India	South West Delhi Media Pvt Ltd	South South West Delhi Media Ltd Pvt	Plot No 59, Kh No-141/17, First Floor Baba Haridass, South West Delhi, Delhi	DOOR NO 59 , KH NO-141/17, FIRST FLOOR BABA HARIDASS, SOUTH WEST DELHI, Delhi	all_current_passes	no_key_intersection_or_cap
S1-554537015	S3-819327230	S3	India	South West Delhi Media Pvt Ltd	Ltd South De1hi Media Pvt [Center]	Plot No 59, Kh No-141/17, First Floor Baba Haridass, South West Delhi, Delhi	59, Kh No-141/17, First Floor Baba Haridass, South West Delhi, DL	all_current_passes	no_key_intersection_or_cap
S1-554537015	S3-749084205	S3	India	South West Delhi Media Pvt Ltd	Synkor	Plot No 59, Kh No-141/17, First Floor Baba Haridass, South West Delhi, Delhi	Plot No 59, Kh No-141/17, First Floor Baba Haridass, South West Delhi, Delhi	all_current_passes	no_key_intersection_or_cap
S1-501516412	S2-616276392	S2	India	Shree Technologies Pvt. Ltd.	Shree Ltd. Pvt. Technologies	127, Shiv Vatika, Lasudiya Mori, Indore, Madhya Pradesh		all_current_passes	no_key_intersection_or_cap
S1-190904170	S3-762811033	S3	US	Drayance Myers LLC	Drayance LLC Services	259 Crystal Road, Boiling Spring Lakes, NC	259A Crystal Road, PO Box 3738, Southport, North Carolina	all_current_passes	no_key_intersection_or_cap
S1-264081693	S2-276749578	S2	India	Chandriya Products Private Limited	Chandriya Private Limited Center	Flat No 89 Block B, Pkt 3, Bindapur, Uttam Nagar, New Delhi, Delhi	दिल्ली, #89 BLOCK B, PKT 3, BINDAPUR, UTTAM NAGAR, NEW DELHI	all_current_passes	no_key_intersection_or_cap
S1-264081693	S3-944226718	S3	India	Chandriya Products Private Limited	Chandriya Pmroeducats Private Limited	Flat No 89 Block B, Pkt 3, Bindapur, Uttam Nagar, New Delhi, Delhi	H.no G-89 Block B, Pkt 3, Bindapur, Uttam Nagar, New Delhi, DL	all_current_passes	no_key_intersection_or_cap
S1-746553233	S2-732070061	S2	India	India Silverleaf Industries Private Limited	silverleafindindia.com	51/32 Basement Old Rajinder Nagar, New Delhi, Delhi	DOOR NO 51/32 BASEMENT OLD RAJINDER NAGAR, NEW DELHI, दिल्ली	all_current_passes	no_key_intersection_or_cap
S1-348128308	S3-103729535	S3	US	Physical Therapy Delta Associates Inc	Physical Therapy Delta Associates Associates Inc Foundation	Gastonia, NC, 210 King Street	Gastonia, King Street, North Carolina	all_current_passes	no_key_intersection_or_cap
S1-348128308	S3-233425165	S3	US	Physical Therapy Delta Associates Inc	Physical Therapy  Delta Adsoclites Inc	Gastonia, NC, 210 King Street	210 King St, Gastonia, North Carolina	all_current_passes	no_key_intersection_or_cap
S1-230252069	S3-679306451	S3	US	Atchley Communications LLC	Kelosollum	212 Equestrian Drive, Waxahachie, TX	Texas, ##212 Equestrian Dr, Waxahachie	all_current_passes	no_key_intersection_or_cap
S1-719506631	S3-345028717	S3	India	Balaji Business Pvt Ltd	Balaji Pvt Ltd  Service	7, Prabhu Mansion, Apt G2 3Rd Cross, Ist Main, Basaveshwar Nagar, Bengaluru, Bangalore, Karnataka	7, Bengaluru, Bangalore, KA	all_current_passes	no_key_intersection_or_cap
S1-443057900	S3-41522911	S3	India	ZA Ma Private Limited	Private ZA Ma Límited	Flat No-64-D, Ii-3, Road F Pkt I Sector-10, Cate Sfs Dwarka, Delhi, South West Delhi, Delhi	Flat No-64-d, Ii-3, Road F Pkt I Sector-10, Cate Sfs Dwarka, Delhi, South West Delhi, दिल्ली	all_current_passes	no_key_intersection_or_cap
S1-443057900	S3-421267605	S3	India	ZA Ma Private Limited	ZA Ma Private Ltd	Flat No-64-D, Ii-3, Road F Pkt I Sector-10, Cate Sfs Dwarka, Delhi, South West Delhi, Delhi	Flat No-64-d, Delhi, South West Delhi, दिल्ली	all_current_passes	no_key_intersection_or_cap
S1-443057900	S3-80466589	S3	India	ZA Ma Private Limited	Yumaflux	Flat No-64-D, Ii-3, Road F Pkt I Sector-10, Cate Sfs Dwarka, Delhi, South West Delhi, Delhi	Flat No-64-d, Ii-3, Road F Pkt I Sector-10, Cate Sfs Dwarka, Delhi, South West Delhi, DL	all_current_passes	no_key_intersection_or_cap
S1-443057900	S3-379425794	S3	India	ZA Ma Private Limited	Fluxdeltakelo DBA ZA Ma Private Limited	Flat No-64-D, Ii-3, Road F Pkt I Sector-10, Cate Sfs Dwarka, Delhi, South West Delhi, Delhi	Flat No-64-D, Ii-3, Road F Pkt I Sector-10, Cate Sfs Dwarka, Delhi, South West Delhi, Delhi	all_current_passes	no_key_intersection_or_cap
S1-888913228	S2-432158450	S2	India	Royal Classic Infrastructure Private Limited	रॉयल क्लासिक इंफ्रास्ट्रक्चर प्राइवेट लिमिटेड	House No. 380, Ground Floor Sector-29, Noida, Noida, Gautam Buddha Nagar, Uttar Pradesh	HOUSE NO. 380., GROUND FLOOR SECTOR-29, NOIDA, उत्तर प्रदेश, NOIDA, GAUTAM BUDDHA NAGAR	all_current_passes	no_key_intersection_or_cap
S1-545594796	S2-2118826	S2	India	Apex Care Private Limited	ఏపెక్స్ కేర్ ప్రైవేట్ లిమిటెడ్	D.No. 26-3/46, Flat No. 502, Kanishka Heights, Rtc Colony, Madhurwada, Vishakhapatnam, Andhra Pradesh	3-26-3/46, FLAT NO. 502, KANISHKA HEIGHTS, RTC COLONY, MADHURWADA, VISHAKHAPATNAM, Andhra Pradesh	all_current_passes	no_key_intersection_or_cap
S1-545594796	S3-695941589	S3	India	Apex Care Private Limited	ఏపెక్స్ కేర్ ప్రైవేట్ లిమిటెడ్	D.No. 26-3/46, Flat No. 502, Kanishka Heights, Rtc Colony, Madhurwada, Vishakhapatnam, Andhra Pradesh	D.no. 26-3/46, Flat No. 502, Kanishka Heights, Rtc Colony, Madhurwada, Vishakhapatnam, AP	all_current_passes	no_key_intersection_or_cap
S1-337556084	S2-587027861	S2	India	Lakshmi Mercantile Private Limited	Shri Lakshmi Mercantile	Coimbatore, Appusamy Layout, Puliyakulam, No. 74, Tamil Nadu	NO. 2-74 , APPUSAMY LAYOUT, PULIYAKULAM, COIMBATORE, தமிழ்நாடு	all_current_passes	no_key_intersection_or_cap
S1-657676451	S2-368470049	S2	US	Cornerstone Galata, LLC	CORNERSTONE  GBATALTA, LLC	1635 Henry Avenue, Canton, OH	HENRY AVE, CANTON, OH	all_current_passes	no_key_intersection_or_cap
S1-664510228	S2-96840154	S2	India	Nagesh Healthcare Pvt Ltd	Pvt Nagesh Healthcare Ltd	B-10/96A Sec 34 Noida, Gautam Buddha Nagar, Noida, Gautam Buddha Nagar, Uttar Pradesh	B-A-10/96A SEC 34 NOIDA, GAUTAM BUDDHA NAGAR, Uttar Pradesh	all_current_passes	no_key_intersection_or_cap
S1-664510228	S3-530577947	S3	India	Nagesh Healthcare Pvt Ltd	Pvt Nagesh Healthcare Ltd.	B-10/96A Sec 34 Noida, Gautam Buddha Nagar, Noida, Gautam Buddha Nagar, Uttar Pradesh	No 650 B-10/96a Sec 34 Noida, Noida, Gautam Buddha Nagar, UP	all_current_passes	no_key_intersection_or_cap
S1-924020849	S3-792645063	S3	US	Corrine Ebanks Secure Mountain LLC	corrineebankssecure.com	337 Sanford Street, Painesville City, OH	0337 Sanford St, Painesville City, Ohio	all_current_passes	no_key_intersection_or_cap
S1-451731570	S2-294221614	S2	India	International Finance Private Limited	ఇంటర్నేషనల్ ఫైనాన్స్ ప్రైవేట్ లిమిటెడ్	# 1-3-53, Hyderabad, General Bazar, Telangana, Sunderabad	DOOR NO B3/1-3-53, GENERAL BAZAR, SUNDERABAD, HYDERABAD, Telangana	all_current_passes	no_key_intersection_or_cap
S1-451731570	S3-896641674	S3	India	International Finance Private Limited	ఇంటర్నేషనల్ ఫైనాన్స్ ప్రైవేట్ లిమిటెడ్	# 1-3-53, Hyderabad, General Bazar, Telangana, Sunderabad	No #1-3-53, General Bazar, Hyderabad, Sunderabad, TG	all_current_passes	no_key_intersection_or_cap
S1-451731570	S3-882069510	S3	India	International Finance Private Limited	ఇంటర్నేషనల్ ఫైనాన్స్ ప్రైవేట్ లిమిటెడ్	# 1-3-53, Hyderabad, General Bazar, Telangana, Sunderabad	Hyderabad, తెలంగాణ, Sunderabad, H.no #1-3-53	all_current_passes	no_key_intersection_or_cap
S1-176101700	S3-67307557	S3	US	Brink Bleichroeder of Woodston	Brink Bleichr0eder Of	402 Elder Street, Woodston, KS	Elder Street, Woodston, Kansas	all_current_passes	no_key_intersection_or_cap
S1-341296633	S2-491020188	S2	India	Ss Consultants Private Limited	एसएस कंसल्टेंट्स प्राइवेट लिमिटेड	Lucknow, Uttar Pradesh, Lucknow, Diwan Ganj Road Mohan Lal Ganj	DIWAN GANJ ROAD MOHAN LAL GANJ, LUCKNOW, Uttar Pradesh	all_current_passes	no_key_intersection_or_cap
S1-397020689	S2-193662772	S2	India	Ingenuity (India) Technologies Limited	Sri Ingenuity (India) Techno1ogies Ltd	Office No. 3, Nr. Anand Corner Hotel, Anand, Gujarat	OFFICE NO. 3, NR. ANAND CORNER HOTEL, ANAND, Gujarat	all_current_passes	no_key_intersection_or_cap
S1-397020689	S2-27566110	S2	India	Ingenuity (India) Technologies Limited	Ingenuity Ingenuity Technologies-Limited Center	Office No. 3, Nr. Anand Corner Hotel, Anand, Gujarat	OFFICE NO. 3, NR. ANAND CORNER HOTEL, ANAND, Gujarat	all_current_passes	no_key_intersection_or_cap
S1-990202816	S3-514149776	S3	US	Shieh Bumrungrad Inc	The Shieh Bumrungrad Inc	OH, 8328 Marley Street, Cincinnati	8328 Marley Steet, Cincinnati, Ohio	all_current_passes	no_key_intersection_or_cap
S1-887874643	S2-754223495	S2	India	New Delhi It Private Limited	New Delhi It Picvae Limited	Flatno 414 Somduttchamber, 2, 9, Bhikaji Cama Place, New Delhi, Delhi	FLATNO B3/414 SOMDUTTCIAMBER, 2, 9, BHIKAJI CAMA PLACE, NEW DELHI, Delhi	all_current_passes	no_key_intersection_or_cap
S1-887874643	S3-345749408	S3	India	New Delhi It Private Limited	private new delhi it limited	Flatno 414 Somduttchamber, 2, 9, Bhikaji Cama Place, New Delhi, Delhi	#414 Somduttchamber, New Delhi, दिल्ली	all_current_passes	no_key_intersection_or_cap
S1-20981376	S2-917695098	S2	US	DMW Petroleum Care	DMW Petrolem Care	802 Greenridge Drive, Sterling, IL		all_current_passes	no_key_intersection_or_cap
S1-865832245	S2-405975150	S2	India	YKE Poultry Pvt Ltd	ykepoultry.com	139/28, 3Rd Main, Amarajyothi West Wing Domlur Layout, Bangalore, Karnataka	Karnataka, 141/28, 3RD MAIN, AMARAJYOTHI WEST WING DOMLUR LAYOUT, BANGALORE	all_current_passes	no_key_intersection_or_cap
S1-865832245	S3-792692872	S3	India	YKE Poultry Pvt Ltd	@ykepoultry	139/28, 3Rd Main, Amarajyothi West Wing Domlur Layout, Bangalore, Karnataka	139/2, 3Rd Main, Amarajyothi West Wing Domlur Layout, Bengaluru, Bangalore, KA	all_current_passes	no_key_intersection_or_cap
S1-321417019	S2-770143265	S2	US	Global Grid Inc	globalgrid.com	7125 Caisson Street, Unit APT D, Indianapolis, IN	7125D CAISSON STREET, INDIANAPOLIS, IN	all_current_passes	no_key_intersection_or_cap
S1-321417019	S2-725144159	S2	US	Global Grid Inc	globalgrid.com	7125 Caisson Street, Unit APT D, Indianapolis, IN	7125D CAISSON STREET, INDIANAPOLIS, IN	all_current_passes	no_key_intersection_or_cap
S1-794847790	S2-426327811	S2	US	Smith Supreme Dental LLC	5mith Supreme Dental LLC	AZ, Wmat, 412 Middle Street	WMAT, 412 MIDDLE ST, AZ	all_current_passes	no_key_intersection_or_cap
S1-95569319	S2-588481454	S2	US	Diamond Mobility Worldwide Center	MOBLIIY DIAMOND WORLDWIDE CENTER	N5980 Lambie Road, Town Of Oneida, WI	DE  PERE, WI, N5980  LAMBIE ROAD	all_current_passes	no_key_intersection_or_cap
S1-312741181	S2-305598130	S2	US	Anny Luna, DMD, DDS PC	ANNY LNU,A DMD, DDS PC	377 High Street, Unit Apartment 1, Buffalo, NY	BUFFALO, NY, 377 HIGH STREET	all_current_passes	no_key_intersection_or_cap
S1-312741181	S3-361855784	S3	US	Anny Luna, DMD, DDS PC	Annylunadmd.Com	377 High Street, Unit Apartment 1, Buffalo, NY	High St, Buffalo, New York	all_current_passes	no_key_intersection_or_cap
S1-452094061	S2-973362707	S2	US	Fairchild Fashion	THE FAIRCHILD  FASHION	608 6th Avenue, Freeman Spur, IL	608 SIXTH AVHNUE, FREEMAN SPUR, IL	all_current_passes	no_key_intersection_or_cap
S1-116627641	S3-446020100	S3	India	Real Services LLP	রিয়েল সার্ভিসেস এলএলপি	Kiran Apartment H.B.Town Rd No.3 Sodepur, North 24 Pgs, Kolkata, Kolkata, Howrah, West Bengal	Howrah, Kolkata, Kiran Apartment H.b.town Rd No.##3 Sodepur, WB	all_current_passes	no_key_intersection_or_cap
S1-269808871	S2-198112303	S2	US	Back Alley Tavern	backalley.com	4500 College Avenue, Unit 2110A, College Park, MD	450 COLLEGE AVENUE, COLLEGE PARK, MD	all_current_passes	no_key_intersection_or_cap
S1-109957372	S2-822658002	S2	India	United Business Pvt Ltd	यूनाइटेड बिजनेस प्रा. लि.	Office No 210 Sr No. 18/2A, V18, Balewadi High Street, Haveli, Pune, Maharashtra	PUNE, V18, BALEWADI HIGH STREET, HAVELI, DOOR NO 985 OFFICE NO 210 SR NO. 18/2A, Maharashtra	all_current_passes	no_key_intersection_or_cap
S1-109957372	S2-73999194	S2	India	United Business Pvt Ltd	यूनाइटेड बिजनेस प्रा. लि.	Office No 210 Sr No. 18/2A, V18, Balewadi High Street, Haveli, Pune, Maharashtra	#985 OFFICE NO 210 SR NO. 18/2A, HAVELI, PUNE, Maharashtra	all_current_passes	no_key_intersection_or_cap
S1-109957372	S2-926901224	S2	India	United Business Pvt Ltd	यूनाइटेड बिजनेस प्रा. लि.	Office No 210 Sr No. 18/2A, V18, Balewadi High Street, Haveli, Pune, Maharashtra	#985 OFFICE NO 210 SR NO. 18/2A, V18, BALEWADI HIGH STREET, HAVELI, PUNE, Maharashtra	all_current_passes	no_key_intersection_or_cap
S1-86387436	S3-609075958	S3	India	Nmp Traders Company	Nmp Triahes Company	Karnataka, Layout Tamaka Kolar, C/O C S Harish Kumar Kuda, Kolar	C/o C S Harish Kumar Kuda, Layout Tamaka Kolar, Kolar, KA	all_current_passes	no_key_intersection_or_cap
S1-86387436	S3-235914450	S3	India	Nmp Traders Company	Nmp	Karnataka, Layout Tamaka Kolar, C/O C S Harish Kumar Kuda, Kolar	C/O C S Harish Kumar Kuda, Kolar, Karnataka, Layout Tamaka Kolar	all_current_passes	no_key_intersection_or_cap
S1-409071379	S3-888501930	S3	India	KA Motels Private Limited	Pbimaie KA Motels Limited	#60, Kno-377, Ferns Residency K. Narayanapura, Bangalore, Karnataka	No ##60, Kno-377, Ferns Residency K. Narayanapura, Bengaluru, Bengaluru Urban, KA	all_current_passes	no_key_intersection_or_cap
S1-866162018	S3-414792865	S3	US	WV Recruiting LLC	Center WV LLC	13284 31, Unit Apartment 2, Savannah, NY	Savannah, New York, # Apartment 2, 13284 31	all_current_passes	no_key_intersection_or_cap
S1-19029866	S2-962056723	S2	India	Harbor Academy Private Limited	harboracademy.com	101, West Bengal, Kolkata, Howrah, N. S. Road 1St Floor, Kolkata	101, N. S. ROAD 1ST FLOOR, KOLKATA, KOLKATA, null, West Bengal	all_current_passes	no_key_intersection_or_cap
S1-632116524	S2-783561246	S2	India	Al Nursing Home Partners	Al Nursing	Shop No. 14-A, 1St Floor, Mall Plaza, Ludhiana, Punjab	DOOR NO 14-A , 1ST FLOOR, MALL PLAZA, LUDHIANA, Punjab	all_current_passes	no_key_intersection_or_cap
S1-632116524	S3-142429735	S3	India	Al Nursing Home Partners	Al Nuirdcg Home Partners	Shop No. 14-A, 1St Floor, Mall Plaza, Ludhiana, Punjab	Shop No. 4-A, 1St Floor, Mall Plaza, Ludhiana, PB	all_current_passes	no_key_intersection_or_cap
S1-632116524	S3-34054875	S3	India	Al Nursing Home Partners	Vionyla	Shop No. 14-A, 1St Floor, Mall Plaza, Ludhiana, Punjab	Shop No. 14-A, 1St Floor, Mall Plaza, Ludhiana, Punjab	all_current_passes	no_key_intersection_or_cap
S1-362359079	S3-280422934	S3	India	Sunsure Pigments Pvt Ltd	sunsurepigments.com	Karnataka, Bangalore, #36, Srinidhi, Mallikarjuna Temple Street, Basavanagudi	36, Bangalore, ಕರ್ನಾಟಕ	all_current_passes	no_key_intersection_or_cap
S1-590542187	S2-362025744	S2	India	Best Hospitality Private Limited	बेस्ट हॉस्पिटैलिटी प्राइवेट लिमिटेड	B-5A Samrat Bhawanranjeet Nagar Complex, New Delhi, Central Delhi, Delhi	G-92 B-5A SAMRAT BHAWANRANJEET NAGAR COMPLEX, NEW DELHI, CENTRAL DELHI, दिल्ली	all_current_passes	no_key_intersection_or_cap
S1-848642666	S2-785204544	S2	India	International Balaji Sales LLP	International Baei Sales LLP	Office No. 69, 1St Floor, Prabhat Center Premise Co-Op Society Ltd, Plot Number 7, Sector Number 1A, Cbd Belapur, Thane, Maharashtra	706 OFFICE NO. 69, 1ST FLOOR, PRABHAT CENTER PREMISE CO-OP SOCIETY LTD, PLOT NUMBER 7, SECTOR NUMBER 1A, CBD BELAPUR, THANE, Maharashtra	all_current_passes	no_key_intersection_or_cap
S1-63507969	S2-785456932	S2	India	New Delhi Ceramic Private Limited	Limited New Ceramic Private Partners	Office No. 306 & 307, 3Rd Floor, Dlf Place, Plot No. A-4, District Centre, New Delhi, South Delhi, Delhi	SOUTH DELHI, Delhi, OFFICE NO. 306 & 307, NEW DELHI, 3RD FLOOR, DLF PLACE, PLOT NO. A-4, DISTRICT CENTRE	all_current_passes	no_key_intersection_or_cap
S1-252756706	S2-872741534	S2	US	Perla's Beacon Bistro Inc	Synirilyra	IL, 344 Arch Street, Mount Auburn	344  ARCH STREET, MOUNT AUBURN, IL	all_current_passes	no_key_intersection_or_cap
S1-220368192	S2-623585843	S2	India	Phoenix Metals Limited	Phoenix Mtehals Limited	Flat No. 63, B-C/4, Kendriya Vihar Begunia Barahi, Kalinga Nagar, Bhubaneswar, Khordha, Orissa	FLAT NO. 63, B-C/4, KENDRIYA VIHAR BEGUNIA BARAHI, KALINGA NAGAR, BHUBANEWSAR, Odisha	all_current_passes	no_key_intersection_or_cap
S1-931126388	S2-746659034	S2	US	Summit Grand Utilities LLC	Summit Gatdn Utilities LLC	749 Bald Street, Unit APT C, Evansville, IN	BALD ST, EVANSVILLE, IN	all_current_passes	no_key_intersection_or_cap
S1-931126388	S2-933905629	S2	US	Summit Grand Utilities LLC	Summit Gd Utilities LLC	749 Bald Street, Unit APT C, Evansville, IN	49 BALD ST, EVANSVILLE, IN	all_current_passes	no_key_intersection_or_cap
S1-714260082	S3-558643316	S3	US	Fuentes, Chandal, CPA	The Fuentes, Chandal, CPA	256 46th Place, Chicago, IL	46st Pl, Chicago, Illinois	all_current_passes	no_key_intersection_or_cap
S1-76266773	S2-670007920	S2	India	Kritam Production Pvt Ltd	Kritam Pr0duction  Pvt	Office No-1 H.No.-32, Nithari Sector-31, Noida, Gautam Budh Nagar, Uttar Pardesh, Noida, Gautam Buddha Nagar, Uttar Pradesh	OFFICE NO-C-1 H.NO.-32, NITHARI SECTOR-31, NOIDA, GAUTAM BUDH NAGAR, UTTAR PARDASH, NOIDA, Uttar Pradesh	all_current_passes	no_key_intersection_or_cap
S1-707630386	S2-277562165	S2	US	Phung, Geri, MD	phunggerimd.com	12725 Lake Hardeman Road, Middleton, TN	2725 LAKE HARDEMAN RD, MIDDLETON, TN	all_current_passes	no_key_intersection_or_cap
S1-892201706	S2-184340127	S2	India	Right Services Private Limited	Right Services Private	437 Rabindra Saranip S - Jorabagan, Kolkata, Calcutta, West Bengal	NO 00437 RABINDRA SARANIP S - JOABAGAN, KOLKATA, West Bengal	all_current_passes	no_key_intersection_or_cap
S1-220638044	S3-84780898	S3	India	Dipali Composites Private Limited	Shri Dipali Composites Private	Maharashtra, Mumbai, 85/87 Old Hanuman Lane2Nd Floor Kalbadevi Road, Mumbai	85/87 Old Hanuman Lane2nd Floor Kalbadevi Road, Mumbai, महाराष्ट्र	all_current_passes	no_key_intersection_or_cap
S1-220638044	S3-4327433	S3	India	Dipali Composites Private Limited	Smt Dipali Composites Private	Maharashtra, Mumbai, 85/87 Old Hanuman Lane2Nd Floor Kalbadevi Road, Mumbai	Mumbai, MH, 85/87 Old Hanuman Lane2nd Floor Kalbadevi Road	all_current_passes	no_key_intersection_or_cap
S1-916531841	S2-645434049	S2	India	Orion Trading	Smt Orion  Trading Limited	Hyderabad, Flat No-104, Telangana, Atria 10 Apartment Jubilee Hills Road No 10, Hyderabad	NO. 37 FLAT NO-104, ATRIA 10 APARTMENT JUBILEE HILLS ROAD NO 10, HYDERABAD, Telangana	all_current_passes	no_key_intersection_or_cap
S1-494690189	S2-807974957	S2	India	Kone Maritime Pvt Ltd	Kone Pvt Ltd-Services	32Ff, Parasmani Raw House, Surat City, Surat, Gujarat	0032FF, PARASMANI RAW HOUSE, SURAT CITY, Gujarat	all_current_passes	no_key_intersection_or_cap
S1-780487368	S2-572629778	S2	US	Jeffries Charter School	Jeffries School Services	34480 Mirandesa Drive, AZ, San Tan Valley		all_current_passes	no_key_intersection_or_cap
S1-138782299	S3-698438289	S3	India	Bhavishya Brothers Private Limited	Prívate Bhavishya Brothers Limited	1176/C, 2Nd Main, Sbm Colony, Aravindanagar, Mysore, Karnataka	Door No 531 1176/C, Mysore, ಕರ್ನಾಟಕ	all_current_passes	no_key_intersection_or_cap
S1-502212007	S2-426018413	S2	US	Addia's Diner	ADDIA'S DR - 3064635401	2425 Lawrence Road, Marcellus, NY	LAWRENCE RD, MARCELLUS, NY	all_current_passes	no_key_intersection_or_cap
S1-502212007	S2-531298745	S2	US	Addia's Diner	addiasdiner.com	2425 Lawrence Road, Marcellus, NY	LAWRENCE RD, MARCELLUS, NY	all_current_passes	no_key_intersection_or_cap
S1-502212007	S3-445810680	S3	US	Addia's Diner	Addia's Dfre	2425 Lawrence Road, Marcellus, NY	02425 Lawrence Rd, N/A, Marcellus, New York	all_current_passes	no_key_intersection_or_cap
S1-502212007	S3-77335090	S3	US	Addia's Diner	The Addia's Diner	2425 Lawrence Road, Marcellus, NY	N/A, Marcellus, New York, 02425 Lawrence Road	all_current_passes	no_key_intersection_or_cap
S1-692685078	S2-600120323	S2	India	Shyam Consultants Private Limited	శ్యామ్ కన్సల్టెంట్స్ ప్రైవేట్ లిమిటెడ్	P No 8 And 11, N/P Tirumala Colony, Hyderabad, Telangana	BLOCK A-84 P NO 8 AND 11, N/P TIRUMALA COLONY, HYDERABAD, Telangana	all_current_passes	no_key_intersection_or_cap
S1-692685078	S2-866165930	S2	India	Shyam Consultants Private Limited	శ్యామ్ కన్సల్టెంట్స్ ప్రైవేట్ లిమిటెడ్	P No 8 And 11, N/P Tirumala Colony, Hyderabad, Telangana	Telangana, N/P TIRUMALA COLONY, HYDERABAD, BLOCK A-84 P NO 8 AND 11, HYDERABAD	all_current_passes	no_key_intersection_or_cap
S1-692685078	S2-111632300	S2	India	Shyam Consultants Private Limited	శ్యామ్ కన్సల్టెంట్స్ ప్రైవేట్ లిమిటెడ్	P No 8 And 11, N/P Tirumala Colony, Hyderabad, Telangana	BLOCK A-84 P NO 8 AND 11, N/P TIRUMALA COLONY, HYDERABAD, Telangana	all_current_passes	no_key_intersection_or_cap
S1-692685078	S2-597976237	S2	India	Shyam Consultants Private Limited	శ్యామ్ Consultants ప్రైవేట్ లిమిటెడ్	P No 8 And 11, N/P Tirumala Colony, Hyderabad, Telangana	N/P TIRUMALA COLONY, HYDERABAD, BLOCK A-84 P NO 8 AND 11, తెలంగాణ, HYDERABAD	all_current_passes	no_key_intersection_or_cap
S1-692685078	S3-555662776	S3	India	Shyam Consultants Private Limited	Lumhaloquo	P No 8 And 11, N/P Tirumala Colony, Hyderabad, Telangana	P No 8 And 11, N/P Tirumala Colony, Hyderabad, Telangana	all_current_passes	no_key_intersection_or_cap
S1-20948977	S2-788799289	S2	India	First Food Pvt Ltd	फर्स्ट फूड प्रा. लि.	Faizabad, Sarveshwari Nagar, Uttar Pradesh, Behind Surya Complex Naka By Pass	SARVESHWARI NAGAR, BEHIND SURYA COMPLEX NAKA BY PASS, FAIZABAD, Uttar Pradesh	all_current_passes	no_key_intersection_or_cap
S1-20948977	S3-332066871	S3	India	First Food Pvt Ltd	फर्स्ट फूड प्रा. लि.	Faizabad, Sarveshwari Nagar, Uttar Pradesh, Behind Surya Complex Naka By Pass	Sarveshwari Nagar, N/A, Faizabad, UP	all_current_passes	no_key_intersection_or_cap
S1-104808931	S2-167891721	S2	India	Apex Trading Pvt Ltd	एपेक्स ट्रेडिंग प्रा. लि.	D/1/0031 Sushant Golf City, Ansal Api, Lucknow, Uttar Pradesh	LUCKNOW, D/1/0031/1 SUSHANT GOLF CITY, ANSAL API, उत्तर प्रदेश	all_current_passes	no_key_intersection_or_cap
S1-104808931	S3-808086483	S3	India	Apex Trading Pvt Ltd	एपेक्स ट्रेडिंग प्रा. लि.	D/1/0031 Sushant Golf City, Ansal Api, Lucknow, Uttar Pradesh	Plot 274 D/1/0031 Sushant Golf City, Lucknow, UP	all_current_passes	no_key_intersection_or_cap
S1-104808931	S3-231069088	S3	India	Apex Trading Pvt Ltd	एपेक्स ट्रेडिंग प्रा. लि.	D/1/0031 Sushant Golf City, Ansal Api, Lucknow, Uttar Pradesh	Plot 274 D/1/0031 Sushant Golf City, Lucknow, उत्तर प्रदेश	all_current_passes	no_key_intersection_or_cap
S1-104808931	S3-218560630	S3	India	Apex Trading Pvt Ltd	एपेक्स ट्रेडिंग प्रा. लि.	D/1/0031 Sushant Golf City, Ansal Api, Lucknow, Uttar Pradesh	Plot 274 D/1/0031 Sushant Golf City, Lucknow, उत्तर प्रदेश	all_current_passes	no_key_intersection_or_cap
S1-104808931	S3-641854510	S3	India	Apex Trading Pvt Ltd	एपेक्स ट्रेडिंग प्रा. लि.	D/1/0031 Sushant Golf City, Ansal Api, Lucknow, Uttar Pradesh	Plot 274 D/1/0031 Sushant Golf City, Lucknow, UP	all_current_passes	no_key_intersection_or_cap
S1-536659110	S3-646499757	S3	India	Singhania Farmer	Sri Singhania Farmer Corp	No 547, 6Th Cross, Block 3Rd, Ward No 27 Vivekananda Nagara, Ramanagara, Bangalore, Karnataka		all_current_passes	no_key_intersection_or_cap
S1-532860548	S2-630893554	S2	India	Anand Enterprises Private Limited	Anand  Enterprises Privtae Limited	No 10, Pooja Apt, Right Bhusari Colony, Kothrud, Pune, Maharashtra	#010 , POOJA APT, RIGHT BHUSARI COLONY, KOTHRUD, PUNE, Maharashtra	all_current_passes	no_key_intersection_or_cap
S1-532860548	S2-102492385	S2	India	Anand Enterprises Private Limited	ANAND ENTERPRISES PRIVLTE  LIMITED	No 10, Pooja Apt, Right Bhusari Colony, Kothrud, Pune, Maharashtra	010 , POOJA APT, RIGHT BHUSARI COLONY, KOTHRUD, PUNE, Maharashtra	all_current_passes	no_key_intersection_or_cap
S1-45166110	S3-466112306	S3	US	Meo, LLC	meo.com	Cicero, 3524 Central Avenue, IL	3524 Central Avenue, Cicero, Illinois	all_current_passes	no_key_intersection_or_cap
S1-930034422	S2-709172007	S2	India	First It	फर्स्ट आईटी	A-804, Presidential Tower, L.B.S. Marg, Ghatkopar (West), Mumbai, Mumbai City, Maharashtra	MUMBAI CITY, A-804, Maharashtra	all_current_passes	no_key_intersection_or_cap
S1-604054176	S2-668688387	S2	US	Harris Peak Microelectronics	harrispeakmicroelectronics.com	IN, Indianapolis, Unit APT D, 7486 Rockleigh Avenue	ROCKLEIGH AVE, INDIANAPOLIS, IN	all_current_passes	no_key_intersection_or_cap
S1-868702713	S2-682496750	S2	India	Netaji Subhash Marg Centreprivate Private Limited	Pgrivbeete Netaji Subhash Marg Centreprivate Limited	Delhi, Netaji Subhash Marg, 36, New Delhi	BLOCK B-374 36, NETAJI SUBHASH MARG, NEW DELHI, Delhi	all_current_passes	no_key_intersection_or_cap
S1-125308073	S2-66695826	S2	India	Vasupujya Appliances Pvt Ltd	Fluxnex	Plot No. 87/C Mla Colony, Road No 12, Khairatabad, Hyderabad, Telangana	PLOT NO. 6-87/C MLA COLONY, BANGALORE, HYDERABAD, Telangana	all_current_passes	no_key_intersection_or_cap
S1-125308073	S3-695996305	S3	India	Vasupujya Appliances Pvt Ltd	Shri Vasupujya Aipilnracbes Pvt Ltd	Plot No. 87/C Mla Colony, Road No 12, Khairatabad, Hyderabad, Telangana	Door No 87/C Mla Colony, Road No 12, Khairatabad, Hyderabad, తెలంగాణ	all_current_passes	no_key_intersection_or_cap
S1-952898857	S2-132949056	S2	India	Shivam Global Private Limited	शिवम ग्लोबल प्राइवेट लिमिटेड	H.No 1311 Urban Estate, Jind, Haryana	#311 URBAN ESTATE, JIND, हरियाणा	all_current_passes	no_key_intersection_or_cap
S1-952898857	S3-182839725	S3	India	Shivam Global Private Limited	शिवम ग्लोबल Private Limited	H.No 1311 Urban Estate, Jind, Haryana	H.no C-1311 Urban Estate, Jind, हरियाणा	all_current_passes	no_key_intersection_or_cap
S1-952898857	S3-569310887	S3	India	Shivam Global Private Limited	शिवम ग्लोबल प्राइवेट लिमिटेड	H.No 1311 Urban Estate, Jind, Haryana	H.no C-1311 Urban Estate, Jind, HR	all_current_passes	no_key_intersection_or_cap
S1-242533264	S2-148185690	S2	US	Foot & Ankle Group	footanklegroup.com	225 Nautilus Drive, City Of Madison, WI	WI, MADISON, 22 NAUTILUS DR	all_current_passes	no_key_intersection_or_cap
S1-242533264	S3-639731431	S3	US	Foot & Ankle Group	Foot +  Ankle	225 Nautilus Drive, City Of Madison, WI	Madison, Wisconsin, 22 Nautilus Dr	all_current_passes	no_key_intersection_or_cap
S1-242533264	S3-689470465	S3	US	Foot & Ankle Group	Foot + Ankle LLC	225 Nautilus Drive, City Of Madison, WI	22 Nautilus Dr, City Of Madison, Wisconsin	all_current_passes	no_key_intersection_or_cap
S1-498843136	S2-952906822	S2	US	Reliable Marshall	The Reliable Marshall	21 Wayside Avenue, Framingham, MA	WAYSIDE AVENUE, FRAMINGHAM, MA	all_current_passes	no_key_intersection_or_cap
S1-498843136	S2-380803110	S2	US	Reliable Marshall	reliablemarshall.com	21 Wayside Avenue, Framingham, MA	MA, FRAMINGHAM, WAYSIDE AVENUE	all_current_passes	no_key_intersection_or_cap
S1-498843136	S3-513407796	S3	US	Reliable Marshall	reliablemarshall.com	21 Wayside Avenue, Framingham, MA	Massachusetts, Framingham, 21 Wayside Avenue	all_current_passes	no_key_intersection_or_cap
S1-56456898	S3-837708208	S3	India	Am Institute of Technology	Am Institute of Teehenogy | www.aminstitu.com	C-502, Sundram Residency B/H Billa Bongs School, Vadasr, Vadodara, Gujarat	H.no #496 C-502, Sundram Residency B/h Billa Bongs School, Vadasr, Vadodara, ગુજરાત	all_current_passes	no_key_intersection_or_cap
S1-43566134	S2-364082163	S2	India	Galaxy Tech Private Limited	ગેલેક્સી ટેક પ્રાઇવેટ લિમિટેડ	501, Swagar, C.G.Road, Ellisbridge, Ahmedabad, Gujarat	H.NO 708 501, SWAGAR, C.G.ROAD, AHMEDABAD, ELLISBRIDGE, Gujarat	all_current_passes	no_key_intersection_or_cap
S1-43566134	S3-607356407	S3	India	Galaxy Tech Private Limited	galaxytechprivate.com	501, Swagar, C.G.Road, Ellisbridge, Ahmedabad, Gujarat	Swagar, C.g.road, Ahmedabad, 184 501, Ellisbridge, GJ	all_current_passes	no_key_intersection_or_cap
S1-704886105	S2-62755657	S2	India	Sas Medical Centre Private Limited	Sri Sas Medical Centre Private	Building No Xiv/322B, Star Animal Feeds Thabore P O, Parambayam, Ernakulam, Kerala	BUILDING NO XIV/322B, STAR ANIMAL FEEDS THABORE P O, PARAMBAYAM, ERNAKULAM, Kerala	all_current_passes	no_key_intersection_or_cap
S1-704886105	S2-388864223	S2	India	Sas Medical Centre Private Limited	Yumavera	Building No Xiv/322B, Star Animal Feeds Thabore P O, Parambayam, Ernakulam, Kerala	BUILDING NO XIV/322B, ERNAKULAM, Kerala	all_current_passes	no_key_intersection_or_cap
S1-612614709	S3-147089797	S3	India	Thrissur Foods Private Limited	Thrissur Private Foods [Limited]	Building No: Xv11/618, Mupliyam Vellaram Padam, Thrissur, Kerala	KL, Thrissur, Mupliyam, Mupliyam Vellaram Padam, Building No: Xv11/618	all_current_passes	no_key_intersection_or_cap
S1-746781693	S2-403628944	S2	US	Dynamic Cargo Products LLC	DYNAMICCARGOPRODUCTS.COM	2570 82, Mandan, ND	ND, PO BOX 3183, MANDAN, 2570. 82	all_current_passes	no_key_intersection_or_cap
S1-746781693	S2-840535055	S2	US	Dynamic Cargo Products LLC	Miravera	2570 82, Mandan, ND	82, MANDAN, ND	all_current_passes	no_key_intersection_or_cap
S1-745427042	S2-214403704	S2	India	Sarasora Works Private Limited	Sarasora Private Limited Center	Flat No 401, Gulmohar Residency, Plot No. 168, Lullanagar, Ctsno- 3354, Bibwewadi, Pune, Maharashtra	FLAT NO 40 , GULMOHAR RESIDENCY, PLOT NO. 168, LULLANAGAR, CTSNO- 3354, BIBWEWADI, PUNE, Maharashtra	all_current_passes	no_key_intersection_or_cap
S1-239202876	S2-907766414	S2	India	Mumbai Global Private Limited	mumbaiglobal.com	Flat 301, 3Rd Floor, Blue Bell Chsl Ashokvan, Shiv Vallabh, Borivali (E), Mumbai, Mumbai City, Maharashtra	Maharashtra, NO 121 FLAT 301, 3RD FLOOR, BLUE BELL CHSL ASHOKVAE, SHIV VALLABH, BORIVALI (E), MUMBAI	all_current_passes	no_key_intersection_or_cap
S1-239202876	S3-601036876	S3	India	Mumbai Global Private Limited	mumbaiglobal.com	Flat 301, 3Rd Floor, Blue Bell Chsl Ashokvan, Shiv Vallabh, Borivali (E), Mumbai, Mumbai City, Maharashtra	Door No 303 Flat 301, null, Bombay, Mumbai City, MH	all_current_passes	no_key_intersection_or_cap
S1-704617575	S3-525207512	S3	US	Apex Fortune	Apex Center	116 Briarwood Drive, Streamwood, IL	00116 Briarwood Drive, Streamwood, Illinois	all_current_passes	no_key_intersection_or_cap
S1-788339543	S2-222052419	S2	India	Lakshmi Estate Limited	लक्ष्मी एस्टेट लिमिटेड	Plot No. 5628, The Orchid Crescent Dlf Phase - 4, Gurgaon, Haryana	#628, THE ORCHID CRESCENT DLF PHASE - 4, GURGAON, GURUGRAM, Haryana	all_current_passes	no_key_intersection_or_cap
S1-788339543	S3-848878605	S3	India	Lakshmi Estate Limited	लक्ष्मी एस्टेट लिमिटेड	Plot No. 5628, The Orchid Crescent Dlf Phase - 4, Gurgaon, Haryana	Gurgaon, The Orchid Crescent Dlf Phase - 4, Gurgaon, Plot No. 5628, HR	all_current_passes	no_key_intersection_or_cap
S1-69554239	S2-760742667	S2	India	Technologies Marigold Solutions Pvt. Ltd.	-- Technologies Maormigold Solutions Pvt.  Ltd.	Room No.6, Ii Floor, Jk Centre, 50-81-25 50-81-25, Seethammapeta, Visakhaptnam, Andhra Pradesh	ROOM NO.6, SEETHAMMAPETA, VISAKHAPTNAM, Andhra Pradesh	all_current_passes	no_key_intersection_or_cap
S1-69554239	S3-357034610	S3	India	Technologies Marigold Solutions Pvt. Ltd.	#technologiesmarigold	Room No.6, Ii Floor, Jk Centre, 50-81-25 50-81-25, Seethammapeta, Visakhaptnam, Andhra Pradesh	Room No.6, Ii Floor, Jk Centre, 50-81-25 50-81-25, Visakhaptnam, Seethammapeta, AP	all_current_passes	no_key_intersection_or_cap
S1-347673275	S3-985043409	S3	US	Dova Tri-State State	DTS	Oakwood, Unit 3, OH, 26240 Broadway Avenue	26240 Broadway Avenue, Unit 3, Oakwood, OH	all_current_passes	no_key_intersection_or_cap
S1-987269818	S2-501573564	S2	India	Services Kumar Management Private Limited	Services Kumar Private Limited Services	Plot No 330 Bhayla Dhanwanda Road, Bhayla, Bavla, Ahmedabad, Gujarat	330 BHAYLA DHANWANDA ROAD, BHAYLA, BAVLA, Gujarat	all_current_passes	no_key_intersection_or_cap
S1-987269818	S3-481807690	S3	India	Services Kumar Management Private Limited	Services Kuar Management Private Limited	Plot No 330 Bhayla Dhanwanda Road, Bhayla, Bavla, Ahmedabad, Gujarat	Plot No 330 Bhayla Dhanwanda Road, Bhayla, Bavla, Ahmedabad, GJ	all_current_passes	no_key_intersection_or_cap
S1-349943591	S2-564410591	S2	India	Raviora Employability Limited	Ravi0ra Employability  Limited	H.No.8-3-234/1, 2Nd Floor, L.N.Nagar, Yousufguda, Hyderabad, Telangana	H.NO.8-3-234/1, 2ND FLOOR, L.N.NAGAR, YOUSUFGUDA, HYDERABAD, Telangana	all_current_passes	no_key_intersection_or_cap
S1-349943591	S2-635832148	S2	India	Raviora Employability Limited	Raviora Emlplosyaliity Emlplosyaliity Limited	H.No.8-3-234/1, 2Nd Floor, L.N.Nagar, Yousufguda, Hyderabad, Telangana	H.NO 8-3-234/1 , 2ND FLOOR, L.N.NAGAR, YOUSUFGUDA, HYDERABAD, Telangana	all_current_passes	no_key_intersection_or_cap
S1-349943591	S3-814086248	S3	India	Raviora Employability Limited	Raviora Emmlyoabliity (Limited)	H.No.8-3-234/1, 2Nd Floor, L.N.Nagar, Yousufguda, Hyderabad, Telangana	Doro No 8-3-234/1, 2Nd Floor, L.n.nagar, Yousufguda, Hyderabad, Andhra Pradesh	all_current_passes	no_key_intersection_or_cap
S1-19017338	S2-482785363	S2	India	Fountainhead Hospital Ltd	Fountainhead Hóspita1 Ltd	F No 303, 3Rd Floor Shree Shyam Height, Plot 5 6, Jaipur, Rajasthan	F NO 303, 3RD FLOOR SHREE SHYAM HEIGHT, PLOT 5 6, JAIPUR, Rajasthan	all_current_passes	no_key_intersection_or_cap
S1-446178146	S2-445870557	S2	India	Lotus Technologies Private Limited	లోటస్ టెక్నాలజీస్ ప్రైవేట్ లిమిటెడ్	D.No:9-11-22, Ground Floor, Revenue Ward 27, Guntur, Andhra Pradesh	GUNTUR, Andhra Pradesh, D.NO:9-11-22/7, GUNTUR	all_current_passes	no_key_intersection_or_cap
S1-816685191	S2-86231082	S2	India	Mullai Affordable (India) Private Limited	Jaxxylo	Flat No. 204, Nitish Venkatesh Appt., S. No. 106/2/4-5, Baner, Pune, Maharashtra	FLAT NO. 204, PUNE, Maharashtra	all_current_passes	no_key_intersection_or_cap
S1-816685191	S2-455451039	S2	India	Mullai Affordable (India) Private Limited	Smt MULLAIAFFORDABLEINDIA.COM	Flat No. 204, Nitish Venkatesh Appt., S. No. 106/2/4-5, Baner, Pune, Maharashtra	FLAT NO. 204, NITISH VENKATESH APPT., S. NO. 106/2/4-5, BANER, PUNE, Maharashtra	all_current_passes	no_key_intersection_or_cap
S1-475972747	S3-276663208	S3	India	Maa Solutions Company	Maa 5olutions	1/89 Naktala, Kolkata, Calcutta, West Bengal	#/89 Naktala, Kolkata, Garia, পশ্চিমবঙ্গ	all_current_passes	no_key_intersection_or_cap
S1-475972747	S3-622212062	S3	India	Maa Solutions Company	Maa  Soluitans Company	1/89 Naktala, Kolkata, Calcutta, West Bengal	H.no /89 Naktala, Garia, WB, Kolkata	all_current_passes	no_key_intersection_or_cap
S1-475972747	S3-727630901	S3	India	Maa Solutions Company	Sri Maa Company-Center	1/89 Naktala, Kolkata, Calcutta, West Bengal	#/89 Naktala, Calcutta, Garia, পশ্চিমবঙ্গ	all_current_passes	no_key_intersection_or_cap
S1-798417864	S2-514625723	S2	India	Sukh Travel Pvt Ltd	Sukh Pvt Ltd Services	3604 Street No 5 Near Arora Palace Opposite Dana Mandi Chet Singh Nagar Gil, L Road, Ludhiana, Punjab		all_current_passes	no_key_intersection_or_cap
S1-798417864	S3-321578275	S3	India	Sukh Travel Pvt Ltd	Sri Sukh Travel  Ltd Pvt	3604 Street No 5 Near Arora Palace Opposite Dana Mandi Chet Singh Nagar Gil, L Road, Ludhiana, Punjab	No 3604 Street No 5 Near Arora Palace Opposite Dana Mandi Chet Singh Nagar Gil, L Road, Ludhiana, PB	all_current_passes	no_key_intersection_or_cap
S1-519724075	S3-357433449	S3	US	Brunell's Royal Vision Center LLC	Brunell's Rolayl Vision Center LLC	720 Highland Avenue, Washington Court House, OH	370 Highland Avenue, Washington Court House, Ohio	all_current_passes	no_key_intersection_or_cap
S1-8811279	S2-11316443	S2	India	Guru Developers	ಗುರು ಡೆವಲಪರ್ಸ್	G-9, 'B' Block, Sns Arcade, Old Airport Road, Bangalore, Karnataka	NO. 97 G-9, 'B' BLOCK, SNS ARCADE, OLD AIRPORT ROAD, BANGALORE, Karnataka	all_current_passes	no_key_intersection_or_cap
S1-8811279	S2-899899974	S2	India	Guru Developers	ಗುರು ಡೆವಲಪರ್ಸ್	G-9, 'B' Block, Sns Arcade, Old Airport Road, Bangalore, Karnataka	DOOR NO 97 G-9, BANGALORE, Karnataka	all_current_passes	no_key_intersection_or_cap
S1-902181206	S2-591125955	S2	India	Services Samarth Systems Private Limited	PRIVATE SERVICES SAMARTH SYSTEMS LIMITED	Krishna Bhuvan, Block No. 3, 67, Nehru Road, Vile Parle (East), Mumbai, Mumbai City, Maharashtra	Maharashtra, MUMBAI CITY, BLOCK NO. 3, 67, NEHRU ROAD, VILE PARLE (EAST), KRISHNA BHUVAN, MUMBAI	all_current_passes	no_key_intersection_or_cap
S1-902181206	S3-75467692	S3	India	Services Samarth Systems Private Limited	Private Services Samarh Systems Limited	Krishna Bhuvan, Block No. 3, 67, Nehru Road, Vile Parle (East), Mumbai, Mumbai City, Maharashtra	H.no 463 Krishna Bhuvan, Mumbai, Mumbai City, MH	all_current_passes	no_key_intersection_or_cap
S1-138445748	S3-6144610	S3	India	Munot Biotech Limited	M/s Munot Limited Center	10/47, Sahara Estate Bahar, Janki Puram, Lucknow, Uttar Pradesh	UP, Lucknow, No. 997. 10/47, Lucknow	all_current_passes	no_key_intersection_or_cap
S1-437367655	S2-352398339	S2	India	New Logistics Private Limited	न्यू लॉजिस्टिक्स प्राइवेट लिमिटेड	63/64 Gokhale Market, New Dehli, New Delhi, Delhi	H.NO 63/64 GOKHALE MARKET, NEW DELHI, NEW DEHLI, Delhi	all_current_passes	no_key_intersection_or_cap
S1-737342258	S2-990932170	S2	India	Hmt Consultancy Pvt. Ltd.	hmtconsultancy.com	C/O Sanjiv Kumar Yadav, At- Betgara, Nr-Sani Mandir Hanuman Jhora, Salugara, Siliguri, Jalpaiguri, West Bengal	C/O SANJIV KUMAR YADAV, AT- BETGARA, NR-SANI MANDIR HANUMAN JHORA, SALUGARA, SILIGURI, West Bengal	all_current_passes	no_key_intersection_or_cap
S1-737342258	S3-471141511	S3	India	Hmt Consultancy Pvt. Ltd.	hmtconsultancycom	C/O Sanjiv Kumar Yadav, At- Betgara, Nr-Sani Mandir Hanuman Jhora, Salugara, Siliguri, Jalpaiguri, West Bengal	C/o Sanjiv Kumar Yadav, At- Betgara, Nr-sani Mandir Hanuman Jhora, Salugara, Siliguri, Jalpaiguri, পশ্চিমবঙ্গ	all_current_passes	no_key_intersection_or_cap
S1-527378878	S3-164534059	S3	India	Smartedge Memorial Trust LLP	Smartedge Smartedge Memorial Trust LLP	1St Flr, Office-1001, Rathi Palace, Nr. C Station, Ring Road, Surat City, Surat, Gujarat		all_current_passes	no_key_intersection_or_cap
S1-516843244	S2-96685976	S2	US	Great Jaws	GREAT JNIWS	500 Stonebridge Way, Unit 5107, Columbia, TN		all_current_passes	no_key_intersection_or_cap
S1-516843244	S3-775017703	S3	US	Great Jaws	6reat Jaws	500 Stonebridge Way, Unit 5107, Columbia, TN	Columbia, Tennessee, 500 Stonebridge Way, N/A	all_current_passes	no_key_intersection_or_cap
S1-638557606	S2-285798805	S2	India	Dvn Wellness Private Limited	Private Dvn Wellness Ltd	No.1, Andhra Pradesh Market Committee Uravakonda Po Ananthapur Dist Ananthapur Anantapur Ap In, Ananthapur, Anantapur, Andhra Pradesh	#1, ANDHRA PRADESH MARKET COMMITTEE URAVAKONDA PO ANANTHAPUR DIST ANANTHAPUR ANANTAPUR AP IN, ANANTHAPUR, ANANTAPUR, Andhra Pradesh	all_current_passes	no_key_intersection_or_cap
S1-638557606	S3-866321342	S3	India	Dvn Wellness Private Limited	Dvn	No.1, Andhra Pradesh Market Committee Uravakonda Po Ananthapur Dist Ananthapur Anantapur Ap In, Ananthapur, Anantapur, Andhra Pradesh	No.1, Andhra Pradesh Market Committee Uravakonda Po Ananthapur Dist Ananthapur Anantapur Ap In, Ananthapur, Anantapur, Andhra Pradesh	all_current_passes	no_key_intersection_or_cap
S1-558830851	S2-855713599	S2	US	Urgent Care Pioneer Clinic PLLC	PLLC Urgent Care Poineer Clinic	521 Bedloe Way, Knoxville, TN	521 BEDLOE WAY, KNOXVILLE, TN	all_current_passes	no_key_intersection_or_cap
S1-558830851	S3-630511519	S3	US	Urgent Care Pioneer Clinic PLLC	urgentcarepioneer.com	521 Bedloe Way, Knoxville, TN	521 Bedloe Way, Knoxville, Tennessee	all_current_passes	no_key_intersection_or_cap
S1-870270273	S3-318911453	S3	US	Mickie E. Nyman, CPA	Mickie E. Ncymoam, CPA	4917 Westview Drive, Austin, TX	Westview Drive, Austin CITY, Texas	all_current_passes	no_key_intersection_or_cap
S1-279517787	S3-554378450	S3	US	Lower Ridge Wireless Inc.	Lower Rmhtcde Wireless Inc.	IL, Lisle, 6255 Lafond Circle	625 Lafond Cir, Illinois, Lisle	all_current_passes	no_key_intersection_or_cap
S1-850214905	S3-669309417	S3	India	Tejan Investment LLP	Investment -- Tejan	A1/9, New Saswati Bldg, Lokpriya Complex Bhandupeshwar Kund, Bhandup East, Mumbai, Mumbai City, Maharashtra	A1, New Saswati Bldg, Lokpriya Complex Bhandupeshwar Kund, Bhandup East, Mumbai, Mumbai City, महाराष्ट्र	all_current_passes	no_key_intersection_or_cap
S1-850214905	S3-812485327	S3	India	Tejan Investment LLP	Tejan Ivnestment LLP	A1/9, New Saswati Bldg, Lokpriya Complex Bhandupeshwar Kund, Bhandup East, Mumbai, Mumbai City, Maharashtra	Mumbai City, A1, महाराष्ट्र, Mumbai	all_current_passes	no_key_intersection_or_cap
S1-141137370	S2-72742819	S2	India	Peacock Care Ltd	PEACOCKCARE.COM #23969	66-B Ridhi Sidhi Nagar Bundi Road, Kota, Rajasthan	H.NO 66-B RIDHI SIDHI NAGAR BUNDI ROAD, KOTA, Rajasthan	all_current_passes	no_key_intersection_or_cap
S1-33657000	S3-105536115	S3	US	Donahue Solar LLC	Services Donahue LLC	2501 Evans Avenue, Unit APT B, Evansville, IN	Evans Avenue, # APT B, Evansville, Indiana	all_current_passes	no_key_intersection_or_cap
S1-524283690	S2-38575968	S2	India	Blue It Private Limited	Private Blue It Ltd	Flat No. 201, Iind Floor, Dalibagh Tilak Nagar, Lucknow, Uttar Pradesh	FLAT NO. 201, Uttar Pradesh, IIND FLOOR, DALIBAGH TILAK NAGAR, LUCKNOW	all_current_passes	no_key_intersection_or_cap
S1-524283690	S3-469391586	S3	India	Blue It Private Limited	ब्लू आईटी प्राइवेट लिमिटेड	Flat No. 201, Iind Floor, Dalibagh Tilak Nagar, Lucknow, Uttar Pradesh	Flat No. 201, Iind Floor, Dalibagh Tilak Nagar, Lucknow, Hazratganj, UP	all_current_passes	no_key_intersection_or_cap
S1-524283690	S3-817316267	S3	India	Blue It Private Limited	Blue It Private [Ltd]	Flat No. 201, Iind Floor, Dalibagh Tilak Nagar, Lucknow, Uttar Pradesh	Flat No. 201, Iind Floor, Dalibagh Tilak Nagar, Lucknow, Hazratganj, UP	all_current_passes	no_key_intersection_or_cap
S1-524283690	S3-873150773	S3	India	Blue It Private Limited	Blue It Private	Flat No. 201, Iind Floor, Dalibagh Tilak Nagar, Lucknow, Uttar Pradesh	H.no 201, Lucknow, Hazratganj, UP	all_current_passes	no_key_intersection_or_cap
S1-842499440	S2-59347754	S2	India	Vilavancode Tours Pvt Ltd	Vilavancode Pvt Ltd (Services)	Door No-15/92/3, 11, St-2, Carmel Nivas, Vilavancode, Kanyakumari, Tamil Nadu	DOOR NO-1-5/92/3, 11, ST-2, CARMLL NIVAS, VILAVANCODE, தமிழ்நாடு	all_current_passes	no_key_intersection_or_cap
S1-842499440	S2-641218694	S2	India	Vilavancode Tours Pvt Ltd	Vilavancode Pvt Tóurs Ltd	Door No-15/92/3, 11, St-2, Carmel Nivas, Vilavancode, Kanyakumari, Tamil Nadu	DOOR NO-1-5/92/3, 11, ST-2, CARMEL NIVAS, VILAVANCODE, தமிழ்நாடு	all_current_passes	no_key_intersection_or_cap
S1-842499440	S3-961599325	S3	India	Vilavancode Tours Pvt Ltd	Vilavancodetours.Com	Door No-15/92/3, 11, St-2, Carmel Nivas, Vilavancode, Kanyakumari, Tamil Nadu	Door No-d/15/92/3, 11, St-2, Carmel Nivas, Vilavancode, Kanyakumari, தமிழ்நாடு	all_current_passes	no_key_intersection_or_cap
S1-670030836	S3-884631866	S3	US	Mancinelli Diana	Mancinelli Services	2902 Gerritsen Avenue, Brooklyn, NY	New York, Brooklyn, 02902 Gerritsen Avenue	all_current_passes	no_key_intersection_or_cap
S1-670030836	S3-434205696	S3	US	Mancinelli Diana	Mancinelli Diaana	2902 Gerritsen Avenue, Brooklyn, NY	New York, 02902 Gerritsen Ave, Brooklyn	all_current_passes	no_key_intersection_or_cap
S1-670030836	S3-748004098	S3	US	Mancinelli Diana	Mancinelli Diagna	2902 Gerritsen Avenue, Brooklyn, NY	02902 Gerritsen Avenue, Brooklyn, New York	all_current_passes	no_key_intersection_or_cap
S1-464812938	S3-128952759	S3	India	Rajpura Export Private Limited	#rajpuraexport	Flat No 220 Aks2 Babat, Rajpura, Punjab, Zirakpur Rajpura, Mohali, Mohali	Flat No 220 Aks2 Babat, Zirakpur Rajpura, Mohali, Zirakpur, Mohali, ਪੰਜਾਬ	all_current_passes	no_key_intersection_or_cap
S1-464812938	S3-944401110	S3	India	Rajpura Export Private Limited	rajpuraexportprivate.com	Flat No 220 Aks2 Babat, Rajpura, Punjab, Zirakpur Rajpura, Mohali, Mohali	220 Aks2 Babat, Zirakpur Rajpura, Mohali, Zirakpur, Mohali, PB	all_current_passes	no_key_intersection_or_cap
S1-464812938	S3-813233212	S3	India	Rajpura Export Private Limited	Prliiae Rajpura Export Limited	Flat No 220 Aks2 Babat, Rajpura, Punjab, Zirakpur Rajpura, Mohali, Mohali	Flat No 220 Aks2 Babat, Zirakpur Rajpura, Mohali, Zirakpur, Rajpura, ਪੰਜਾਬ	all_current_passes	no_key_intersection_or_cap
S1-429935006	S3-780030203	S3	India	Vaayuendra Tech Private Limited	Pbrhavte Vaayuendra Tech Limited	H No. 24-65/35, Plot No. 35, Road No.1, Maruthi Nagar, Lothkunta, Secunderabad, Tirumalagiri, Hyderabad, Telangana	Plot No. 35, Road No.1, Maruthi Nagar, Lothkunta, Secunderabad, Tirumalagiri, Hyderabad, తెలంగాణ	all_current_passes	no_key_intersection_or_cap
S1-424206726	S2-369548542	S2	India	Shyam Estate	श्याम एस्टेट	Room No. 1, Sq Unit No. 5, Aarey Milk Colony Road, Jogeshwari East, Mumbai, Maharashtra	NO 768 ROOM NO. 1, SQ UNIT NO. 5, AAREY MILK COLONY ROAD, JOGESHWARI EAST, MUMBAI, Maharashtra	all_current_passes	no_key_intersection_or_cap
S1-601212223	S3-969464817	S3	India	Chennai Technologies Private Limited	Chennai Tecnnotlogies Private Limited	No.1/1525B, 4Th Street B.M.Nagar, Chennai, Tamil Nadu	No.1/1525, TN, Chennai, 4Th Street B.m.nagar	all_current_passes	no_key_intersection_or_cap
S1-601212223	S3-749048210	S3	India	Chennai Technologies Private Limited	ChénnaitechnologiesCom	No.1/1525B, 4Th Street B.M.Nagar, Chennai, Tamil Nadu	No.1/1525, 4Th Street B.m.nagar, Chennai, TN	all_current_passes	no_key_intersection_or_cap
S1-703678069	S2-153611565	S2	US	Y & P Brands, Corp	Y & P BNDO,S CORP	32 Independence Boulevard, Asheville, NC	52 INDEPENDENCE BLVD, ASHEVILLE, NC	all_current_passes	no_key_intersection_or_cap
S1-703678069	S2-215612690	S2	US	Y & P Brands, Corp	Y & P Corp Center	32 Independence Boulevard, Asheville, NC	NC, ASHEVILLE, 52 INDEPENDENCE BOULEVARD	all_current_passes	no_key_intersection_or_cap
S1-750129456	S2-714012685	S2	US	S & W Apartment	sw.com	85 El Toro Court, Fairfield, CA	FAIRFIELD, 85 EL TORO COURT, CA	all_current_passes	no_key_intersection_or_cap
S1-750129456	S3-214697466	S3	US	S & W Apartment	The S & W Apartment	85 El Toro Court, Fairfield, CA	85-89 El Toro Ct, Fairfield, California	all_current_passes	no_key_intersection_or_cap
S1-54369027	S3-618123253	S3	India	Dream Infra	Shri Dream  Infra	Doorno.10 Near Ambedkarstatue Putlur (E) Tiruvallur District, Tiruvallur District, Chennai, Tamil Nadu	Doorno.a-10 Near Ambedkarstatue Putlur (E) Tiruvallur District, Tiruvallur, Tiruvallur District, TN	all_current_passes	no_key_intersection_or_cap
S1-54369027	S3-960260294	S3	India	Dream Infra	டிரீம் இன்ஃப்ரா	Doorno.10 Near Ambedkarstatue Putlur (E) Tiruvallur District, Tiruvallur District, Chennai, Tamil Nadu	Door No A-10 Near Ambedkarstatue Putlur (E) Tiruvallur District, Tiruvallur, Tiruvallur District, TN	all_current_passes	no_key_intersection_or_cap
S1-737250181	S2-304461331	S2	India	Shakti Tech	शक्ति टेक	C/O Subhadra Mishra, Flat No.212, D-2, Vaishali, Building, Surendra Palace, Bhopal, Madhya Pradesh	C/O SUBHADRA MISHRA, BHOPAL, Madhya Pradesh	all_current_passes	no_key_intersection_or_cap
S1-417894341	S2-103504592	S2	India	Kk India Private Limited	KK PRIVATE LIMITED PARTNERS	Phulwari, Sri Dilip Kumar Singh, Gosai Tola Sadakat Ashram, Bihar, Patna	SRI DILIP KUMAR SINGH, GOSAI TOLA SADAGAT ASHRAM, PHULWARI, Bihar	all_current_passes	no_key_intersection_or_cap
S1-417894341	S2-353275710	S2	India	Kk India Private Limited	Shri Kk India  Private	Phulwari, Sri Dilip Kumar Singh, Gosai Tola Sadakat Ashram, Bihar, Patna	SRI DILIP KUMAR SINGH, GOSAI TOLA SADAKAT ASHRAM, PHULWARI, Bihar	all_current_passes	no_key_intersection_or_cap
S1-417894341	S3-702012574	S3	India	Kk India Private Limited	Kk India Limited Center	Phulwari, Sri Dilip Kumar Singh, Gosai Tola Sadakat Ashram, Bihar, Patna	Sri Dilip Kumar Singh, Gosai Tola Sadakat Ashram, Phulwari, BR	all_current_passes	no_key_intersection_or_cap
S1-417894341	S3-228839578	S3	India	Kk India Private Limited	Novibrixiri	Phulwari, Sri Dilip Kumar Singh, Gosai Tola Sadakat Ashram, Bihar, Patna	Sri Dilip Kumar Singh, Gosai Tola Sadakat Ashram, Phulwari, Patna, BR	all_current_passes	no_key_intersection_or_cap
S1-565177053	S2-503696651	S2	US	Lopez Platinum Better	The Lopez Platinum Better	AZ, 2943 Presidio De Calabasas, Flagstaff	2943 PRESIDIO DE CALABASAS, FLAGSTFF, AZ	all_current_passes	no_key_intersection_or_cap
S1-214288155	S2-188398893	S2	India	Tirupati Factory Private Limited	TIRUPATIFACTORY.COM	Westend Village, Bhusari Colony, Paud Road Near Saudamini Apartment, Kothrud, E-203, Pune, Maharashtra	E-203, WESTEND VILLAGE, BHUSARI COLONY, PAUD ROAD NEAR SAUDAMINI APARTMENT, KOTHRUD, PUNE, Maharashtra	all_current_passes	no_key_intersection_or_cap
S1-214288155	S3-858477566	S3	India	Tirupati Factory Private Limited	Pcivtate Tirupati Factory Limited	Westend Village, Bhusari Colony, Paud Road Near Saudamini Apartment, Kothrud, E-203, Pune, Maharashtra	E-203, Poona, Pune, Westend Village, Bhusari Colony, Paud Road Near Saudamini Apartment, Kothrud, MH	all_current_passes	no_key_intersection_or_cap
S1-700317756	S2-727925466	S2	US	Big Auto Body Inc	bigautobody.com	134-25 232 Street, Springfield Gardens, NY	SPRINGFIELD GARDENS, NY, 134-2 232 STREET, NULL	all_current_passes	no_key_intersection_or_cap
S1-469262153	S3-279054627	S3	India	Mrg Advertising Pvt Ltd	Mrg Pvt Ltd Ltd Services	Bldg No 01, Thane, Maharashtra, 204 C Wing, Sorbhi Complex, Bldg No 1 And 4, Chs Ltd, Mira Bhayandar Road, Opp Silver Park, S No 462, H No 02	Bldg No 01, Thane, MH	all_current_passes	no_key_intersection_or_cap
S1-469262153	S3-370441792	S3	India	Mrg Advertising Pvt Ltd	Mrg Pvt Ltd Center	Bldg No 01, Thane, Maharashtra, 204 C Wing, Sorbhi Complex, Bldg No 1 And 4, Chs Ltd, Mira Bhayandar Road, Opp Silver Park, S No 462, H No 02	Bldg No 01, 204 C Wing, Sorbhi Complex, Bldg No 1 And 4, Chs Ltd, Mira Bhayandar Road, Opp Silver Park, S No 462, H No 02, Thane, महाराष्ट्र	all_current_passes	no_key_intersection_or_cap
S1-469262153	S3-698722912	S3	India	Mrg Advertising Pvt Ltd	Mrg Pvt Ltd Services	Bldg No 01, Thane, Maharashtra, 204 C Wing, Sorbhi Complex, Bldg No 1 And 4, Chs Ltd, Mira Bhayandar Road, Opp Silver Park, S No 462, H No 02	MH, Bdlg No 01, Thane	all_current_passes	no_key_intersection_or_cap
S1-469262153	S3-589095129	S3	India	Mrg Advertising Pvt Ltd	Solcalo	Bldg No 01, Thane, Maharashtra, 204 C Wing, Sorbhi Complex, Bldg No 1 And 4, Chs Ltd, Mira Bhayandar Road, Opp Silver Park, S No 462, H No 02	Maharashtra, 204 C Wing, Sorbhi Complex, Bldg No 1 And 4, Chs Ltd, Mira Bhayandar Road, Opp Silver Park, S No 462, H No 02, Bldg No 01, Thane	all_current_passes	no_key_intersection_or_cap
S1-682917304	S3-517633508	S3	India	Varshendra Marketing Private Limited	Gilddrexsyn Sys	Business Suite Mr - 6, Vatika Business Centre, First India Place, 2Nd Floor, Sushant Lo, K, Phase I, Block B, Gurugram, Haryana	Vatika Business Centre, First India Place, 2Nd Floor, Sushant Lo, K, Phase I, Block B, Business Suite Mr - 6, Haryana, Gurugram	all_current_passes	no_key_intersection_or_cap
S1-35830140	S3-479354275	S3	India	Chitra Liability Private Limited	CL	Plot No. 124, Sector No. 1A, Gandhidham, Kachchh, Gujarat	Plot No. 124, Sector No. 1A, Gandhidham, Kachchh, Gujarat	all_current_passes	no_key_intersection_or_cap
S1-207222009	S2-854316922	S2	US	Chery and Valdez Electronics	-- Chery & Vaodsez  Electronics	1925 Richmond Dr, Louisville, KY	RICHMOND DR, LOUISVILLE, KY	all_current_passes	no_key_intersection_or_cap
S1-367609410	S2-425018900	S2	India	Mangalam Cements Pvt Ltd	Mangalam  Pvt Ltd Center	Shop No 17, C Wing, Ground Flr Meera Royale, Ambarnath, Thane, Maharashtra	17 , C WING, GROUND FLR MEERA ROYALE, AMBARNATH, Maharashtra	all_current_passes	no_key_intersection_or_cap
S1-921688362	S3-427856148	S3	India	ML Pictures Ltd	Nylanyla doing business as ML Pictures Ltd	S.No-51(P), Bld-2, Flat 510, Dwarika Dham, Pune City, Pune, Maharashtra	Bld-2, Flat 510, Dwarika Dham, Maharashtra, Pune, Pune City, S.No-51(P)	all_current_passes	no_key_intersection_or_cap
S1-489858625	S3-919013080	S3	India	Unique & Co	Mr Ueesiseu & Co	#32/1, Ranga Rao Road Shankarpuram, Bangalore, Karnataka	H.no 32/1, Bangalore, KA	all_current_passes	no_key_intersection_or_cap
S1-194528638	S2-976913054	S2	India	Bombay Software Private Limited	ବମ୍ବେ ସଫ୍ଟୱେୟାର୍ ପ୍ରାଇଭେଟ୍ ଲିମିଟେଡ୍	Khordha, Palasuni Rasulgarh, Plot No.392, Orissa, Bhubaneswar	PLOT NO.392, BHUBANESWAR, KHORDHA, Odisha	all_current_passes	no_key_intersection_or_cap
S1-59581901	S3-683386720	S3	US	Chiropractic Ridge Health P.C.	chir0practicridgehealth.com	3842 6th Avenue, Birmingham, AL	3842 Sixth Ave, PO Box 2889, Birmingham, Alabama	all_current_passes	no_key_intersection_or_cap
S1-913931707	S3-114238654	S3	India	Ard Foundation	Ard-Fountation	Palwal, Rect No. 15, Dudhola Road, Khata No. 1/1, Faridabad, Haryana	Khata No. 001/1, Palwal, Faridabad, HR	all_current_passes	no_key_intersection_or_cap
S1-66716567	S3-972876355	S3	US	Wildlife Center	Wi1dlife Centre	3306 Rose Trace Drive, Spring, TX	3306-A Rose Trace Drive, Spring, Texas	all_current_passes	no_key_intersection_or_cap
S1-526293740	S2-635592704	S2	US	Raven Associates	Raven Assiociaes	809 71st Terrace, Kansas City, MO		all_current_passes	no_key_intersection_or_cap
S1-999617853	S2-56703038	S2	India	Pioneer Bright Products Private Limited	पायोनियर ब्राइट प्रोडक्ट्स प्राइवेट लिमिटेड	28-B Sde Sector 15A, Noida, Gautam Buddha Nagar, Uttar Pradesh	A-28-B SDE SECTOR 15A, NOIDA, GAUTAM BUDDHA NAGAR, Uttar Pradesh	all_current_passes	no_key_intersection_or_cap
S1-999617853	S3-592310914	S3	India	Pioneer Bright Products Private Limited	पायोनियर ब्राइट Products प्राइवेट लिमिटेड	28-B Sde Sector 15A, Noida, Gautam Buddha Nagar, Uttar Pradesh	7-28-B Sde Sector 15A, Gautam Buddha Nagar, Noida, UP	all_current_passes	no_key_intersection_or_cap
S1-744728610	S2-387317706	S2	US	Estrada, Jannel, DO, DDS PC	estradajanneldo.com	983 Judsville School Road, Dobson, NC	983B Judsville School Rd, DOBSON TOWNSHIP, NC	all_current_passes	no_key_intersection_or_cap
S1-744728610	S2-891418896	S2	US	Estrada, Jannel, DO, DDS PC	Estrada, Jnaonel, DO, DDS PC	983 Judsville School Road, Dobson, NC		all_current_passes	no_key_intersection_or_cap
S1-995362642	S3-521343195	S3	India	Everonn Overseas Private Limited	Belotavoarc Labs	442-L, Model Town, Panipat, Haryana	Model Town, Panipat, Haryana, 442-L, Panipat	all_current_passes	no_key_intersection_or_cap
S1-75809023	S2-442570781	S2	US	Legacy Payroll Studios, LLC	Legacy Studios, LLC Cénter	145 Alliance Avenue, NC, Concord	NC, 45 ALLIANCE AVENUE, CONCORD	all_current_passes	no_key_intersection_or_cap
S1-909005675	S3-556833035	S3	India	Tirumalagiri Constructions Private Limited	Tirumalagiri Constructinos  Private Limited	Flat No - 513, Panchavati Apartments, Kukatpally, Tirumalagiri, Hyderabad, Telangana	Flat No - 513, Tirumalagiri, Hyderabad, TG	all_current_passes	no_key_intersection_or_cap
S1-118198262	S2-615813343	S2	India	Future Products Limited	FUTURE LIMITED CENTER Enterprises	Calcutta, West Bengal, Kolkata, 4/1A Dr Shyama Das Row		all_current_passes	no_key_intersection_or_cap
S1-118198262	S3-135631644	S3	India	Future Products Limited	futureproducts.com	Calcutta, West Bengal, Kolkata, 4/1A Dr Shyama Das Row	4/1A. Dr Shyama Das Row, WB, Kolkata, Calcutta	all_current_passes	no_key_intersection_or_cap
S1-621058253	S2-93492796	S2	India	Sarasraj Rubber Pvt. Ltd.	SARASRAJ RGEOBUBER PVT.-LTD.	C/O M Manasa, Nehru Nagar, Hassan, Karnataka	ಕರ್ನಾಟಕ, C/O M MANASA, NEHRU NAGAR, HASSAN	all_current_passes	no_key_intersection_or_cap
S1-621058253	S2-249491565	S2	India	Sarasraj Rubber Pvt. Ltd.	5arasraj Pvt. Ltd. [Center]	C/O M Manasa, Nehru Nagar, Hassan, Karnataka	C/O M MANASA, HASSAN, Karnataka	all_current_passes	no_key_intersection_or_cap
S1-621058253	S3-448417706	S3	India	Sarasraj Rubber Pvt. Ltd.	Sarasraj Pvt. Ltd. Services	C/O M Manasa, Nehru Nagar, Hassan, Karnataka	C/o M Manasa, Hassan, ಕರ್ನಾಟಕ	all_current_passes	no_key_intersection_or_cap
S1-707099609	S3-426574450	S3	India	Jain Logistics Private Limited	जैन लॉजिस्टिक्स प्राइवेट लिमिटेड	43 Dda Commercial Complex, Zamrudpur Kailash Colony, New Delhi, South Delhi, Delhi	Dda Commercial Complex, New Delhi, South Delhi, DL	all_current_passes	no_key_intersection_or_cap
S1-464494315	S3-642183945	S3	US	Rocky Interests LLC	Korzeph DBA: Rocky Interests LLC	1482 Arrowhead Circle, Auburn, AL	Auburn, 1482 Arrowhead Circle, AL	all_current_passes	no_key_intersection_or_cap
S1-302364466	S3-6620513	S3	India	Tejtech Tradelinks Pvt Ltd	Tejtech Tadeltbias  Pvt Ltd	Sr.No.35/4/1/1, Flat No.-4, Sita Residency Ganara, Pune, Maharashtra	Sr.no.#35/4/1/1, null, Pune, MH	all_current_passes	no_key_intersection_or_cap
S1-302364466	S3-811240667	S3	India	Tejtech Tradelinks Pvt Ltd	Evovio - 5537801104	Sr.No.35/4/1/1, Flat No.-4, Sita Residency Ganara, Pune, Maharashtra	महाराष्ट्र, null, Pune, Sr.no.#35/4/1/1, Pune	all_current_passes	no_key_intersection_or_cap
S1-434417223	S2-92015009	S2	India	All Investment Private Limited	ऑल इन्वेस्टमेंट प्राइवेट लिमिटेड	899, Sec 46, Na, Gurugram, Sadar Bazar, Gurgaon, Haryana	Haryana, GURGAON, 899, GURGAON SEC FOURTEEN, SEC 46, NA, GURUGRAM	all_current_passes	no_key_intersection_or_cap
S1-434417223	S2-354715017	S2	India	All Investment Private Limited	ऑल इन्वेस्टमेंट प्राइवेट लिमिटेड	899, Sec 46, Na, Gurugram, Sadar Bazar, Gurgaon, Haryana	899, GURGAON, GURGAON SEC FOURTEEN, हरियाणा	all_current_passes	no_key_intersection_or_cap
S1-262875473	S2-386877654	S2	India	Indo Impex	इंडो इम्पेक्स	Near Devi Sthan Gali No. 3, Patna, Bihar, Laljee Tola, Po - Gpo	PATNA, PO - GPO, LALJEE TOLA, Bihar	all_current_passes	no_key_intersection_or_cap
S1-262875473	S3-340133984	S3	India	Indo Impex	Shri Drextavo	Near Devi Sthan Gali No. 3, Patna, Bihar, Laljee Tola, Po - Gpo	Po - Gpo, Laljee Tola, Patna, Near Devi Sthan Gali No. 3, BR	all_current_passes	no_key_intersection_or_cap
S1-990433106	S2-704168572	S2	India	Universal Impex	ইউনিভার্সাল ইম্পেক্স	22 Bigha, Near Iim, Kolkata, Joka, Howrah, Kolkata, West Bengal	JOKA, 22 BIGHA, NEAR IIM, KOLKATA, KOLKATA, HOWRAH, West Bengal	all_current_passes	no_key_intersection_or_cap
S1-990433106	S2-444646621	S2	India	Universal Impex	ইউনিভার্সাল ইম্পেক্স	22 Bigha, Near Iim, Kolkata, Joka, Howrah, Kolkata, West Bengal	JOKA, 22 BIGHA, NEAR IIM, KOLKATA, KOLKATA, HOWRAH, West Bengal	all_current_passes	no_key_intersection_or_cap
S1-990433106	S3-823878280	S3	India	Universal Impex	ইউনিভার্সাল ইম্পেক্স	22 Bigha, Near Iim, Kolkata, Joka, Howrah, Kolkata, West Bengal	Hn 330 Joka, NULL, Kolkata, Howrah, WB	all_current_passes	no_key_intersection_or_cap
S1-54218952	S2-994266951	S2	US	Womens Health Physicians Corp	Womens Health Physicians Corp Commission	6414 Kerrville Rosemark Road, Millington, TN	MILLINGTON, TN, 6414 KERRVILLE ROSEMARK ROAD	all_current_passes	no_key_intersection_or_cap
S1-54218952	S3-415211745	S3	US	Womens Health Physicians Corp	Womens Health Pheicalsn Corp	6414 Kerrville Rosemark Road, Millington, TN	6414 Kerrville Rosemark Rd, Millington, Tennessee	all_current_passes	no_key_intersection_or_cap
S1-54218952	S3-729869544	S3	US	Womens Health Physicians Corp	Womens Health Ptyiiicas Corp	6414 Kerrville Rosemark Road, Millington, TN	Millington, 6414 Kerrville Rosemark Road, Tennessee	all_current_passes	no_key_intersection_or_cap
S1-54218952	S3-213622312	S3	US	Womens Health Physicians Corp	Womens Health	6414 Kerrville Rosemark Road, Millington, TN	6414 Kerrville Rosemark Rd, Millington, Tennessee	all_current_passes	no_key_intersection_or_cap
S1-367508421	S2-620771592	S2	India	Strawberry Chemicals Pvt Ltd	Strawberry Pvt Ltd Services	House No 48, Near Mohta Mill, Gaurakshan Road, Akola, Maharashtra	Maharashtra, HOUSE NO 98, NEAR MOHTA MILL, GAURAKSHAN ROAD, AKOLA	all_current_passes	no_key_intersection_or_cap
S1-367508421	S2-569638598	S2	India	Strawberry Chemicals Pvt Ltd	Strawberry Cmhicags Pvt Ltd	House No 48, Near Mohta Mill, Gaurakshan Road, Akola, Maharashtra		all_current_passes	no_key_intersection_or_cap
S1-367508421	S3-964005525	S3	India	Strawberry Chemicals Pvt Ltd	Strawberry Cheeimcals  Pvt Ltd	House No 48, Near Mohta Mill, Gaurakshan Road, Akola, Maharashtra	House No 48, Near Mohta Mill, Gaurakshan Road, Akola, MH	all_current_passes	no_key_intersection_or_cap
S1-399942607	S2-279426705	S2	US	Rosella Glassman Ampercap LLC	glassmanampercap.com	3419 Frost Lane, Bismarck, ND	3419-C FROST LN, ND, BISMARCK	all_current_passes	no_key_intersection_or_cap
S1-413863961	S3-306545614	S3	India	First Impex Private Limited	ഫസ്റ്റ് ഇംപെക്സ് പ്രൈവറ്റ് ലിമിറ്റഡ്	9/710-A3, Pullanappallil, Kottayam, Kerala	B3/9/710-a3, Pullanappallil, Kottayam, KL	all_current_passes	no_key_intersection_or_cap
S1-413863961	S3-589062160	S3	India	First Impex Private Limited	M/s First Private Impex Limited	9/710-A3, Pullanappallil, Kottayam, Kerala	B3/9/710-a3, Kottayam, Pullanappallil, KL, Kottayam	all_current_passes	no_key_intersection_or_cap
S1-743030178	S2-376234399	S2	India	Apex It Private Limited	অ্যাপেক্স আইটি প্রাইভেট লিমিটেড	1St Floor, 7/32/6/1 Barada Basak Street Baranagar, Kolkata, Parganas North, West Bengal	West Bengal, 1ST FLOOR, KOLKATA, PARGANAS NORTH	all_current_passes	no_key_intersection_or_cap
S1-743030178	S3-925535014	S3	India	Apex It Private Limited	অ্যাপেক্স আইটি প্রাইভেট লিমিটেড	1St Floor, 7/32/6/1 Barada Basak Street Baranagar, Kolkata, Parganas North, West Bengal	Door No 1St Floor, Kolkata, Parganas North, WB	all_current_passes	no_key_intersection_or_cap
S1-894328332	S2-688627620	S2	India	Seven High Exports Private Limited	सेवन हाई एक्सपोर्ट्स प्राइवेट लिमिटेड	Plot No. 179, Sector 27-28, Hisar, Hissar, Haryana	PLOT NO. ##179, HISSAR, Haryana	all_current_passes	no_key_intersection_or_cap
S1-894328332	S2-312111175	S2	India	Seven High Exports Private Limited	सेवन हाई एक्सपोर्ट्स प्राइवेट लिमिटेड	Plot No. 179, Sector 27-28, Hisar, Hissar, Haryana	Haryana, POT NO. ##179, HISAR	all_current_passes	no_key_intersection_or_cap
S1-894328332	S3-280765622	S3	India	Seven High Exports Private Limited	सेवन हाई एक्सपोर्ट्स प्राइवेट लिमिटेड	Plot No. 179, Sector 27-28, Hisar, Hissar, Haryana	Plot No. 178, Sector 27-28, Hisar, Hissar, HR	all_current_passes	no_key_intersection_or_cap
S1-894328332	S3-548409498	S3	India	Seven High Exports Private Limited	Private Seven Hihg Exports Limited	Plot No. 179, Sector 27-28, Hisar, Hissar, Haryana	Sector 27-28, Hissar, Plot No. 178, हरियाणा, Hisar	all_current_passes	no_key_intersection_or_cap
S1-235979196	S2-539506562	S2	US	Womens Health Medicine of Eden	Womens Health Mclisdine óf Eden	315 Meadowview Lane, Eden, NC	315 MEADWVIEW LN, EDEN, NC	all_current_passes	no_key_intersection_or_cap
S1-235979196	S2-421430080	S2	US	Womens Health Medicine of Eden	WOMENS HEALTH HEALTH MEDICINE OF EDEN INC	315 Meadowview Lane, Eden, NC	MEADOWVIEW LN, EDEN, NC	all_current_passes	no_key_intersection_or_cap
S1-884642317	S2-392741345	S2	India	High Logistics Private Limited	हाई लॉजिस्टिक्स प्राइवेट लिमिटेड	Office No 713, 7Thflr, Crystal Paradise The Mall Chs Ltd, Dattaji Salvi Rd, Off Veera Desai Rd, Andheri(W), Mumbai, Mumbai City, Maharashtra	MUMBAI, Maharashtra, DOOR NO 00970 OFFICE NO 713, MUMBAI CITY, 7THFLR, CRYSTAL PARADISE THE MALL CHS LTD, DATTAJI SALVI RD, OFF VEERA DESAI RD, ANDHERI(W)	all_current_passes	no_key_intersection_or_cap
S1-884642317	S2-180231684	S2	India	High Logistics Private Limited	Sri High L0gistics Private Limited	Office No 713, 7Thflr, Crystal Paradise The Mall Chs Ltd, Dattaji Salvi Rd, Off Veera Desai Rd, Andheri(W), Mumbai, Mumbai City, Maharashtra	#00970 OFFICE NO 713, 7THFLR, CRYSTAL PARADISE THE MALL CHS LTD, DATTAJI SALVI RD, OFF VEERA DESAI RD, ANDHERI(W), MUMBAI, Maharashtra	all_current_passes	no_key_intersection_or_cap
S1-884642317	S3-851132234	S3	India	High Logistics Private Limited	हाई लॉजिस्टिक्स प्राइवेट लिमिटेड	Office No 713, 7Thflr, Crystal Paradise The Mall Chs Ltd, Dattaji Salvi Rd, Off Veera Desai Rd, Andheri(W), Mumbai, Mumbai City, Maharashtra	Offce No 713, 7Thflr, Crystal Paradise The Mall Chs Ltd, Dattaji Salvi Rd, Off Veera Desai Rd, Andheri(w), Bombay, Mumbai City, महाराष्ट्र	all_current_passes	no_key_intersection_or_cap
S1-884642317	S3-405082607	S3	India	High Logistics Private Limited	Smt High Logistics Private [Limited]	Office No 713, 7Thflr, Crystal Paradise The Mall Chs Ltd, Dattaji Salvi Rd, Off Veera Desai Rd, Andheri(W), Mumbai, Mumbai City, Maharashtra	Office No 713, 7Thflr, Crystal Paradise The Mall Chs Ltd, Dattaji Salvi Rd, Off Veera Desai Rd, Andheri(w), Mumbai City, Bombay, महाराष्ट्र	all_current_passes	no_key_intersection_or_cap
S1-884642317	S3-666547767	S3	India	High Logistics Private Limited	High Private Limited Services	Office No 713, 7Thflr, Crystal Paradise The Mall Chs Ltd, Dattaji Salvi Rd, Off Veera Desai Rd, Andheri(W), Mumbai, Mumbai City, Maharashtra	Office No 713, 7Thflr, Crystal Paradise The Mall Chs Ltd, Dattaji Salvi Rd, Off Veera Desai Rd, Andheri(w), Mumbai City, Bombay, MH	all_current_passes	no_key_intersection_or_cap
S1-958314896	S3-622467613	S3	India	Sai Software Private Limited	ಸಾಯಿ ಸಾಫ್ಟ್‌ವೇರ್ ಪ್ರೈವೇಟ್ ಲಿಮಿಟೆಡ್	No. 71, Xv Cross, Malleshwarm, Bangalore-3., Bangalore, Karnataka	No 7-1, Bangalore-3., Bangalore, KA	all_current_passes	no_key_intersection_or_cap
S1-385468358	S3-983626021	S3	US	Zephyr Arrow LLC	Zephyr LLC Services	901 Nature Walk Boulevard, Huntsville, AL	Nature Walk Boulevard, Huntsville, Alabama	all_current_passes	no_key_intersection_or_cap
S1-723149744	S2-510926680	S2	India	Chitradurga Builders LLP	Chitradurga Bigilders LLP	Aisiri Nilaya, Veda Floor Mill Behind Mahaveer Nagar, Chitradurga, Karnataka	Karnataka, AISIRI NILAYA, VEDA FLOOR MILL BEHIND MAHAVEER NAGAR, CHITRADURGA	all_current_passes	no_key_intersection_or_cap
S1-915475076	S2-113135292	S2	India	International Management Pvt Ltd	इंटरनेशनल मैनेजमेंट प्रा. लि.	11/818, Manas Nagar Bara, Rewa, Madhya Pradesh	1/818, MANAS NAGAR BARA, REWA, मध्य प्रदेश	all_current_passes	no_key_intersection_or_cap
S1-915475076	S2-255262799	S2	India	International Management Pvt Ltd	International मैनेजमेंट प्रा. लि.	11/818, Manas Nagar Bara, Rewa, Madhya Pradesh	1/818, MANAS NAGAR BARA, REWA, Madhya Pradesh	all_current_passes	no_key_intersection_or_cap
S1-38141873	S2-731270477	S2	US	Dimas Holdings	Dlsm  Holdings	11902 10th Drive, Unit A, Everett, WA	WA, EVERETT, 0011902 TENTH DR	all_current_passes	no_key_intersection_or_cap
S1-38141873	S3-817257141	S3	US	Dimas Holdings	Dmfias Holdings	11902 10th Drive, Unit A, Everett, WA	11902- Tenth Drive, Everett, Washington	all_current_passes	no_key_intersection_or_cap
S1-590321576	S2-270613574	S2	India	Vision Global Pvt Ltd	विजन Global Pvt Ltd	Kota, Rajasthan, Kota, Gopal Vihar, Baran Road, 33	NO. 82 33, GOPAL VIHAR, BARAN ROAD, KOTA, Rajasthan	all_current_passes	no_key_intersection_or_cap
S1-590321576	S3-661574062	S3	India	Vision Global Pvt Ltd	Vision Pvt Ltd Services	Kota, Rajasthan, Kota, Gopal Vihar, Baran Road, 33	#180 33, Kota, राजस्थान	all_current_passes	no_key_intersection_or_cap
S1-590321576	S3-355897303	S3	India	Vision Global Pvt Ltd	विजन ग्लोबल प्रा. लि.	Kota, Rajasthan, Kota, Gopal Vihar, Baran Road, 33	Door No 180 33, Kota, RJ	all_current_passes	no_key_intersection_or_cap
S1-810313198	S3-652776476	S3	India	Bbc International School	schoolbbcinternational.com	Karnataka, Bangalore, C- 307, Bangalore, Gopalan Millennium Habitat, Itpl Main Road, Kundalahalli Post	C- 307, Gopalan Millennium Habitat, Itpl Main Road, Kundalahalli Post, Bengaluru, Bangalore, KA	all_current_passes	no_key_intersection_or_cap
S1-424137909	S3-634062856	S3	India	Roopva Network Private Limited	Private Roopva Network Limited	West Bengal, 16, Ganesh Ch. Avenue, Kolkata, Howrah	Howrah, WB, Khanturadistrict Twenty Four Parganas North, 16, Ganesh Ch. Avenue	all_current_passes	no_key_intersection_or_cap
S1-697584021	S2-632125297	S2	India	Dynamic Energy Private Limited	डायनामिक एनर्जी प्राइवेट लिमिटेड	C/O Lalwati Devi, Dilip Singh, Harnakhamaini, Arwal, Bihar	C/O LALWATI DEVI, ARWAL, Bihar	all_current_passes	no_key_intersection_or_cap
S1-929001625	S2-762072356	S2	India	Resources You Group	RESOURCESYOUGROUP.COM	E-370, Ground Floor Nirman Vihar, Delhi, Central Delhi, Delhi	DOOR NO 779 E-370, GROUND FLOOR NIRMAN VIHAR, DELHI, Delhi	all_current_passes	no_key_intersection_or_cap
S1-748067967	S2-541458752	S2	India	Life Constructions Private Limited	Private Life Constructions Limited	1549, Raj Danga Main Road Block-Ef, Plot-54, Kolkata, Howrah, West Bengal	1549, KOLKATA, HOWRAH, West Bengal	all_current_passes	no_key_intersection_or_cap
S1-748067967	S3-448377098	S3	India	Life Constructions Private Limited	লাইফ কনস্ট্রাকশনস প্রাইভেট লিমিটেড	1549, Raj Danga Main Road Block-Ef, Plot-54, Kolkata, Howrah, West Bengal	1549, Kolkata, Raj Danga Main Road Block-ef, Plot-54, Howrah, পশ্চিমবঙ্গ	all_current_passes	no_key_intersection_or_cap
S1-41369509	S2-499246395	S2	US	Dermatology Group	Dermatology Inc	5105 Ravensdale Lane, Austin, TX		all_current_passes	no_key_intersection_or_cap
S1-120596731	S2-450957300	S2	India	Parshwanath Properties Private Limited	Parshwanath Propertie Private Limited	48/2/A, G.I.D.C. Nandesari, Nandesari, Vadodara, Gujarat		all_current_passes	no_key_intersection_or_cap
S1-202230061	S3-112150989	S3	India	Laxmi Hitech Management Private Limited	लक्ष्मी हाईटेक मैनेजमेंट प्राइवेट लिमिटेड	B1, 1504, Aether Chsl, Off Vishveshwar Nagar Rd, Goregaon East, Mumbai, Maharashtra	B#1, 1504, Aether Chsl, Off Vishveshwar Nagar Rd, Goregaon East, Mumbai, महाराष्ट्र	all_current_passes	no_key_intersection_or_cap
S1-202230061	S3-411788841	S3	India	Laxmi Hitech Management Private Limited	Laxmi Hitgceh Management Private  Limited	B1, 1504, Aether Chsl, Off Vishveshwar Nagar Rd, Goregaon East, Mumbai, Maharashtra	B#1, 1504, Aether Chsl, Off Vishveshwar Nagar Rd, Goregaon East, Mumbai, महाराष्ट्र	all_current_passes	no_key_intersection_or_cap
S1-202230061	S3-685313510	S3	India	Laxmi Hitech Management Private Limited	लक्ष्मी हाईटेक मैनेजमेंट प्राइवेट लिमिटेड	B1, 1504, Aether Chsl, Off Vishveshwar Nagar Rd, Goregaon East, Mumbai, Maharashtra	B#1, 1504, Aether Chsl, Off Vishveshwar Nagar Rd, Goregaon East, Mumbai, महाराष्ट्र	all_current_passes	no_key_intersection_or_cap
S1-300087245	S2-635531762	S2	US	Almire Mitchell, DDS, DDS PC	Almire Miidcnhlb, DDS, DDS PC	Virginia Beach City, 1713 Harpers Road, VA	HARPERS RD, NULL, VIRGINIA BEACH CITY, VA	all_current_passes	no_key_intersection_or_cap
S1-300087245	S3-580232588	S3	US	Almire Mitchell, DDS, DDS PC	Amdds.Com	Virginia Beach City, 1713 Harpers Road, VA	1713b Harpers Road, Virginia Beach City, Virginia	all_current_passes	no_key_intersection_or_cap
S1-300087245	S3-18403511	S3	US	Almire Mitchell, DDS, DDS PC	Mitchell,, A1mire PC DDS DDS,	Virginia Beach City, 1713 Harpers Road, VA	1713b Harpers Road, Virginia Beach City, Virginia	all_current_passes	no_key_intersection_or_cap
S1-300087245	S3-907374780	S3	US	Almire Mitchell, DDS, DDS PC	@almiremitchell	Virginia Beach City, 1713 Harpers Road, VA	1713b Harpers Road, Virginia Beach, Virginia	all_current_passes	no_key_intersection_or_cap
S1-864861607	S2-755275021	S2	India	Prachi Immigration Pvt Ltd	LTD PRACHI PVT PARTNERS	H No- 94. Rd No-2, Chitra Takiyapar, Digha Road, Digha, Patna, Bihar	PATNA, H NO- 94.. RD NO-2, Bihar, PATNA, null	all_current_passes	no_key_intersection_or_cap
S1-864861607	S3-677324722	S3	India	Prachi Immigration Pvt Ltd	Prachi Pvt Immigration Ltd	H No- 94. Rd No-2, Chitra Takiyapar, Digha Road, Digha, Patna, Bihar		all_current_passes	no_key_intersection_or_cap
S1-682304780	S2-150379129	S2	India	Anand Engineering Limited	आनंद इंजीनियरिंग लिमिटेड	M/S Lamifab & Papers Pvt Ltd Plot No A14/2 Midc Area, Chikalthana, Aurangabad, Maharashtra	Maharashtra, CHHATRAPATI SAMBHAJI NAGAR, M/S LAMIFAB & PAPERS PVT LTD PLOT NO A14/2 MIDC AREA, AURANGABAD	all_current_passes	no_key_intersection_or_cap
S1-682304780	S3-370660180	S3	India	Anand Engineering Limited	आनंद इंजीनियरिंग लिमिटेड	M/S Lamifab & Papers Pvt Ltd Plot No A14/2 Midc Area, Chikalthana, Aurangabad, Maharashtra	MH, M/s Lamifab & Papers Pvt Ltd Plot No A14/2 Midc Area, Aurangabad, Chikalthana, Aurangabad	all_current_passes	no_key_intersection_or_cap
S1-988349519	S2-372783108	S2	US	Family Project of Brevard II	Dovaaria	NC, 625 Dvdisdi Court, Brevard	625 DVDISDI CT, BREVARD, NC	all_current_passes	no_key_intersection_or_cap
S1-819966462	S2-902931538	S2	US	R M & E Renewables P.C.	R M & Renewables P.C. Center	3451 46, NY, Hopewell	003451 46, HOPEWELL, NY	all_current_passes	no_key_intersection_or_cap
S1-819966462	S3-149143737	S3	US	R M & E Renewables P.C.	Zephorbidrex	3451 46, NY, Hopewell	3451 1/2 46, Canandaigua, New York	all_current_passes	no_key_intersection_or_cap
S1-819966462	S3-305355095	S3	US	R M & E Renewables P.C.	R M & E	3451 46, NY, Hopewell	46, Hopewell, New York	all_current_passes	no_key_intersection_or_cap
S1-436108749	S3-128071742	S3	India	Ace Consultants Private Limited	aceconsultantscom	Sf No 145/1A/A Parappalayam Road Near Amman Kovil, Mannarai Post, Tirupur, Coimbatore, Tamil Nadu	Plot 235 Sf No 145/1A/A Parappalayam Road Near Amman Kovil, Coimbatore, Tirupur, TN	all_current_passes	no_key_intersection_or_cap
S1-208172905	S2-907614095	S2	India	Zeus Services Private Limited	Zeus Services Services Private	100, Yogen Flat, 63, Suvranpuri Society, Vadodara, Gujarat	0100, YOGEN FLAT, 63, SUVRANPURI SOCIETY, VADODARA, Gujarat	all_current_passes	no_key_intersection_or_cap
S1-208172905	S3-10462883	S3	India	Zeus Services Private Limited	Private Zeus Services Limited	100, Yogen Flat, 63, Suvranpuri Society, Vadodara, Gujarat	100, Vadodara, GJ	all_current_passes	no_key_intersection_or_cap
S1-208172905	S3-562386690	S3	India	Zeus Services Private Limited	Novievo DBA Zeus Services Private Limited	100, Yogen Flat, 63, Suvranpuri Society, Vadodara, Gujarat	Yogen Flat, 63, Suvranpuri Society, Gujarat, 100, Vadodara	all_current_passes	no_key_intersection_or_cap
S1-107704460	S2-18262282	S2	India	Aditya Investment Limited	आदित्य इन्वेस्टमेंट लिमिटेड	Dhule, Maharashtra, Nardana Babhale Phata, Midc, Nardana, Tal Shindkheda, P N F-6	NO. 38 P N F-6, NARDANA BABHALE PHATA, MIDC, NARDANA, TAL SHINDKHEDA, DHULE, Maharashtra	all_current_passes	no_key_intersection_or_cap
S1-107704460	S2-173172020	S2	India	Aditya Investment Limited	आदित्य इन्वेस्टमेंट लिमिटेड	Dhule, Maharashtra, Nardana Babhale Phata, Midc, Nardana, Tal Shindkheda, P N F-6	#38 P N F-6, DHULE, महाराष्ट्र	all_current_passes	no_key_intersection_or_cap
S1-107704460	S3-571936724	S3	India	Aditya Investment Limited	आदित्य इन्वेस्टमेंट लिमिटेड	Dhule, Maharashtra, Nardana Babhale Phata, Midc, Nardana, Tal Shindkheda, P N F-6	P N F-##6, Nardana Babhale Phata, Midc, Nardana, Tal Shindkheda, Dhule, महाराष्ट्र	all_current_passes	no_key_intersection_or_cap
S1-813296641	S3-194057767	S3	US	Golden Staffing Alliance Inc	Yumaavi	Goodyear, 13168 Granada Road, AZ	Goodyear, Arizona, 13168 Granada Rd	all_current_passes	no_key_intersection_or_cap
S1-997893849	S2-668146993	S2	India	Modern Care Private Limited	ମଡର୍ନ୍ କେୟାର୍ ପ୍ରାଇଭେଟ୍ ଲିମିଟେଡ୍	Flat No- 428, 4Rth Floor Jagannath Avenu, Laxmisagar, Rasulgarh, Bhibaneswar, Khordha, Orissa	FLAT NO- D/428, 4RTH FLOOR JAGANNATH AVENU, LAXMISAGAR, RASULGARH, BHIBANESWAR, KHORDHA, Odisha	all_current_passes	no_key_intersection_or_cap
S1-997893849	S2-904179243	S2	India	Modern Care Private Limited	ମଡର୍ନ୍ କେୟାର୍ ପ୍ରାଇଭେଟ୍ ଲିମିଟେଡ୍	Flat No- 428, 4Rth Floor Jagannath Avenu, Laxmisagar, Rasulgarh, Bhibaneswar, Khordha, Orissa	KHORDHA, FLAT NO- D/428, BHIBANESWAR, Odisha, 4RTH FLOOR JAGANNATH AVENU, LAXMISAGAR, RASULGARH	all_current_passes	no_key_intersection_or_cap
S1-997893849	S3-125977285	S3	India	Modern Care Private Limited	ମଡର୍ନ୍ କେୟାର୍ ପ୍ରାଇଭେଟ୍ ଲିମିଟେଡ୍	Flat No- 428, 4Rth Floor Jagannath Avenu, Laxmisagar, Rasulgarh, Bhibaneswar, Khordha, Orissa	Flat No- 428, 4Rth Floor Jagannath Avenu, Laxmisagar, Rasulgarh, Bhubaneswar, ଓଡ଼ିଶା	all_current_passes	no_key_intersection_or_cap
S1-997893849	S3-540502200	S3	India	Modern Care Private Limited	ମଡର୍ନ୍ କେୟାର୍ ପ୍ରାଇଭେଟ୍ ଲିମିଟେଡ୍	Flat No- 428, 4Rth Floor Jagannath Avenu, Laxmisagar, Rasulgarh, Bhibaneswar, Khordha, Orissa	Flat No- 428, Khordha, OD	all_current_passes	no_key_intersection_or_cap
S1-997893849	S3-440969970	S3	India	Modern Care Private Limited	ମଡର୍ନ୍ କେୟାର୍ ପ୍ରାଇଭେଟ୍ ଲିମିଟେଡ୍	Flat No- 428, 4Rth Floor Jagannath Avenu, Laxmisagar, Rasulgarh, Bhibaneswar, Khordha, Orissa	Flat No- 428, 4Rth Floor Jagannath Avenu, Laxmisagar, Rasulgarh, Bhubaneswar, ଓଡ଼ିଶା	all_current_passes	no_key_intersection_or_cap
S1-997893849	S3-312259243	S3	India	Modern Care Private Limited	ମଡର୍ନ୍ Care Private Limited	Flat No- 428, 4Rth Floor Jagannath Avenu, Laxmisagar, Rasulgarh, Bhibaneswar, Khordha, Orissa	Flat No- 428, 4Rth Floor Jagannath Avenu, Laxmisagar, Rasulgarh, Bhubaneswar, OD	all_current_passes	no_key_intersection_or_cap
S1-154162534	S2-625638064	S2	US	Alexina Ratliff Highland Melar	The Alexina Ratliff Highland Melar	308 Crestview Street, Springfield, MO	00308 Crestview St, SPRINGFIELD, MO	all_current_passes	no_key_intersection_or_cap
S1-690686517	S3-270088910	S3	US	Kali's Legacy Appliance Inc.	Ka1i's Legacy Inc. Partners	12514 Darryl Drive, Buda, TX	Texas, 12514 Darryl Dr, Buda	all_current_passes	no_key_intersection_or_cap
S1-486106344	S2-401489406	S2	India	Arihant Trading Limited	અરિહંત ટ્રેડિંગ લિમિટેડ	Sf 203, 84 Dhananjay Society, Near Stadium, Gujarat, Pooja Upavan-Ii, Vadodara	POOJA UPAVAN-II, SF 203, 84 DHANANJAY SOCIETY, NEAR STADIUM, BARODA, VADODARA, Gujarat	all_current_passes	no_key_intersection_or_cap
S1-486106344	S3-427582449	S3	India	Arihant Trading Limited	અરિહંત ટ્રેડિંગ લિમિટેડ	Sf 203, 84 Dhananjay Society, Near Stadium, Gujarat, Pooja Upavan-Ii, Vadodara	Pooja Upavan-ii, Vadodara, ગુજરાત	all_current_passes	no_key_intersection_or_cap
S1-859837268	S2-770252334	S2	India	Vismaya Services Private Limited	Smt PRIVATEVISMAYASERVICES.COM	265, Gulmohar Enclave, New Delhi, Delhi	265, NEW DELHI, GULMOHAR ENCLAVE, Delhi	all_current_passes	no_key_intersection_or_cap
S1-818079935	S3-188938072	S3	US	Santos Dynamic Bitcoin LLC	Dovaavivera F/K/A Santos Dynamic Bitcoin LLC	Oyster Bay, NY, 123 Cabot Lane	123 Cabot Lane, Oyster Bay, NY	all_current_passes	no_key_intersection_or_cap
S1-993089857	S2-13865067	S2	US	Preferred Packaging Studios LLC	preferredpackagingstudios.com	5422 Beech Ridge Drive, Fairfax County, VA	5422-5426 BEECH RIDGE DR, FAIRFAX COUNTY, VA	all_current_passes	no_key_intersection_or_cap
S1-885430293	S3-665945335	S3	US	Schroeder Alliancebernstein Inc	Arcxylo Sys Formerly Schroeder Alliancebernstein Inc	Columbus, 711 Stimmel Road, OH	711 Stimmel Road, Columbus, OH	all_current_passes	no_key_intersection_or_cap
S1-45969321	S3-445341403	S3	US	Surgical Physicians	The Surgical Physicians	Springfield, MO, 5814 Applewood Avenue	05814 Applewood Avenue, Springfield, Missouri	all_current_passes	no_key_intersection_or_cap
S1-221841305	S3-746290232	S3	India	Pioneer Shree Technology Private Limited	Pioneer Sbge Technology Private Limited	First Floor, Plot Number- 816/1 At- Rakanpur, Taluka- Kalol, Rakanpur, Gandhi Nagar, Gujarat, Gandhinagar		all_current_passes	no_key_intersection_or_cap
S1-593181220	S2-203900874	S2	India	Vision Technology Private Limited	विजन टेक्नोलॉजी प्राइवेट लिमिटेड	C/O Preeti Sumant Karanje, A-Juve P-Dalepal-Rajapur, Dist- Ratnagiri, Juve, Ratnagiri, Maharashtra	RATNAGIRI, 2-70 C/O PREETI SUMANT KARANJE, Maharashtra, RATNAGIRI	all_current_passes	no_key_intersection_or_cap
S1-593181220	S3-685394269	S3	India	Vision Technology Private Limited	विजन टेक्नोलॉजी प्राइवेट लिमिटेड	C/O Preeti Sumant Karanje, A-Juve P-Dalepal-Rajapur, Dist- Ratnagiri, Juve, Ratnagiri, Maharashtra	C/o Preeti Sumant Karanje, Ratnagiri, MH	all_current_passes	no_key_intersection_or_cap
S1-794268540	S2-517853559	S2	India	Vision International Private Limited	विजन इंटरनेशनल प्राइवेट लिमिटेड	Allahabad, 9/257 Awas Vikas Colony, Uttar Pradesh, Allahabad, Awas Vikas 120-Prayagraj	AWAS VIKAS 120-PRAYAGRAJ, Uttar Pradesh, ALLAHABAD, NO 9/257 AWAS VIKAS COLONY, ALLAHABAD	all_current_passes	no_key_intersection_or_cap
S1-794268540	S2-759678463	S2	India	Vision International Private Limited	विजन इंटरनेशनल प्राइवेट लिमिटेड	Allahabad, 9/257 Awas Vikas Colony, Uttar Pradesh, Allahabad, Awas Vikas 120-Prayagraj	9/257 AWAS VIKAS COLONY, Uttar Pradesh, ALLAHABAD	all_current_passes	no_key_intersection_or_cap
S1-794268540	S3-777969591	S3	India	Vision International Private Limited	विजन इंटरनेशनल प्राइवेट लिमिटेड	Allahabad, 9/257 Awas Vikas Colony, Uttar Pradesh, Allahabad, Awas Vikas 120-Prayagraj	9/257- Awas Vikas Colony, Awas Vikas 120-Prayagraj, Allahabad, UP	all_current_passes	no_key_intersection_or_cap
S1-794268540	S3-178837903	S3	India	Vision International Private Limited	Umbradova doing business as Vision International Private Limited	Allahabad, 9/257 Awas Vikas Colony, Uttar Pradesh, Allahabad, Awas Vikas 120-Prayagraj	9/257 Awas Vikas Colony, Awas Vikas 120-Prayagraj, Allahabad, Uttar Pradesh	all_current_passes	no_key_intersection_or_cap
S1-233284038	S3-168143551	S3	US	NEX Alphabet Inc	NEX Aflphabbet Inc	6634 Kingfisher Lane, Beasley, TX	006634 Kingfisher Ln, Beasley, Texas	all_current_passes	no_key_intersection_or_cap
S1-814449478	S3-648109197	S3	India	Waterlink Seva Samiti	Shri WATERLINK SEVA SAMITI	S-3 Jethuli Kacchidargah Fatwah, Patna, Bihar	Patna, BR, Patna, S-3 Jetuhli Kacchidargah Fatwah	all_current_passes	no_key_intersection_or_cap
S1-906485020	S3-128699941	S3	US	Commercial Network Laboratories LLC	Commercial Laboratories LLC Center	2407 Carlisle Avenue, Henrico County, VA	Carlisle Avenue, Henrico County, Virginia	all_current_passes	no_key_intersection_or_cap
S1-40982538	S2-914551249	S2	India	Bombay Infrastructure Private Limited	बॉम्बे इंफ्रास्ट्रक्चर प्राइवेट लिमिटेड	Central Delhi, Delhi, New Delhi, Indraprakash Building Barakhamba Road, 602	C-602, NEW DELHI ZONE, CENTRAL DELHI, Delhi	all_current_passes	no_key_intersection_or_cap
S1-40982538	S3-576507172	S3	India	Bombay Infrastructure Private Limited	बॉम्बे इंफ्रास्ट्रक्चर प्राइवेट लिमिटेड	Central Delhi, Delhi, New Delhi, Indraprakash Building Barakhamba Road, 602	Door No 749 602, Indraprakash Building Barakhamba Road, Central, Central Delhi, DL	all_current_passes	no_key_intersection_or_cap
S1-40982538	S3-864935842	S3	India	Bombay Infrastructure Private Limited	Fayeveo Co	Central Delhi, Delhi, New Delhi, Indraprakash Building Barakhamba Road, 602	602, Indraprakash Building Barakhamba Road, New Delhi, Central Delhi, Delhi	all_current_passes	no_key_intersection_or_cap
S1-732689177	S3-316372802	S3	India	Morph Trading Clinic	morphtradingclinic.com	Flat No 6 Iiird Floor, Hoshbanoo Mansion Near Bpl Gallery Gokhale Road Naupada, Thane, Maharashtra	Flat No 6 Iiird Floor, Hoshbanoo Mansion Near Bpl Gallery Gokhale Road Naupada, Thane, MH	all_current_passes	no_key_intersection_or_cap
S1-427995039	S3-688296069	S3	US	HF Tax Inc	hftax.com	Durham, CT, 404 R Powder Hill Road	404 R Poider Hill Rd, Durham, Connecticut	all_current_passes	no_key_intersection_or_cap
S1-242562660	S3-492010161	S3	US	The Dent Pizza LP	Rizaveo DBA The Dent Pizza LP	6857 130th Street, Parma Heights, OH	OH, Parma Heights, 6857 130th Street	all_current_passes	no_key_intersection_or_cap
S1-786762737	S2-339297159	S2	India	Ss Services Private Limited	एसएस सर्विसेज प्राइवेट लिमिटेड	Midc Road No 20 Marol, 1St Floor 101 D 5 Marol, Maharashtra, Mumbai	Maharashtra, MUMBAI, #1ST FLOOR 101 D 5 MAROL, MIDC ROAD NO 20 MAROL, MUMBAI	all_current_passes	no_key_intersection_or_cap
S1-786762737	S2-553652526	S2	India	Ss Services Private Limited	Sri SS SS SERVICES PRIVATE LIMITED	Midc Road No 20 Marol, 1St Floor 101 D 5 Marol, Maharashtra, Mumbai	महाराष्ट्र, DOOR NO 1ST FLOOR 101 D 5 MAROL, MIDC ROAD NO 20 MAROL, MUMBAI	all_current_passes	no_key_intersection_or_cap
S1-786762737	S3-228074550	S3	India	Ss Services Private Limited	5s Services Private-Limited	Midc Road No 20 Marol, 1St Floor 101 D 5 Marol, Maharashtra, Mumbai	1St Floor 101 D 5 Marol, Midc Road No 20 Marol, Mumbai, null, MH	all_current_passes	no_key_intersection_or_cap
S1-679154692	S2-718607965	S2	US	Pediatric Dental Partners of Trezevant	pediatricdentalpartners.com	Trezevant, 870 Newsome Road, TN	TN, 00870 NEWSOME ROAD, TREZEVANT	all_current_passes	no_key_intersection_or_cap
S1-679154692	S2-583105633	S2	US	Pediatric Dental Partners of Trezevant	Pediatric Dental Partners	Trezevant, 870 Newsome Road, TN	00870 NEWSOME ROAD, TREZEVANT, TN	all_current_passes	no_key_intersection_or_cap
S1-679154692	S3-403311739	S3	US	Pediatric Dental Partners of Trezevant	pediatricdentalpartners.com	Trezevant, 870 Newsome Road, TN	870-874 Newsome Road, Treevant, Tennessee	all_current_passes	no_key_intersection_or_cap
S1-679154692	S3-958913160	S3	US	Pediatric Dental Partners of Trezevant	Pediatric Dental Pass of Trezevant	Trezevant, 870 Newsome Road, TN	870-874 Newsome Rd, Treevant, Tennessee	all_current_passes	no_key_intersection_or_cap
S1-817588191	S3-612625068	S3	India	Aditya Solutions Private Limited	ಆದಿತ್ಯ ಸೊಲ್ಯೂಷನ್ಸ್ ಪ್ರೈವೇಟ್ ಲಿಮಿಟೆಡ್	No.231, 5Th A Main, 2Nd Block Kalyan Nagar Bengaluru, Bengaluru, Bangalore, Karnataka	KA, Bengaluru, Kalyannagar, No.231, 5Th A Main, 2Nd Block Kalyan Nagar Bengaluru	all_current_passes	no_key_intersection_or_cap
S1-473531106	S2-622605542	S2	India	OW Unani Private Limited	ECTONYLA	8/739, Maranalloor, Moolakonam, Koovalassery, Neyyattinkara, Thiruvananthapuram, Trivandrum, Kerala	HN 496. 8/739, MARANALLOOR, MOOLAKONAM, KOOVALASSERY, NEYYATTINKARA, TRIVANDRUM, THIRUVANANTHAPURAM, കേരളം	all_current_passes	no_key_intersection_or_cap
S1-473531106	S2-551182677	S2	India	OW Unani Private Limited	OW Unani Private Ltd Ltd	8/739, Maranalloor, Moolakonam, Koovalassery, Neyyattinkara, Thiruvananthapuram, Trivandrum, Kerala	HN 496. 8/739, MARANALLOOR, MOOLAKONAM, KOOVALASSERY, NEYYATTINKARA, THIRUVANANTHAPURAM, കേരളം	all_current_passes	no_key_intersection_or_cap
S1-726579617	S2-35200360	S2	US	Cardiology Modern Specialists LLC	Cardiology  Specialists LLC Center	MD, 15912 Maple Ridge Court, Rockville	15911 MAPLE RIDGE COURT, ROCKVILLE, MD	all_current_passes	no_key_intersection_or_cap
S1-726579617	S3-553793728	S3	US	Cardiology Modern Specialists LLC	Cardio1ogy Modern LLC Specialists	MD, 15912 Maple Ridge Court, Rockville	015912 Maple Ridge Court, Rockville, Maryland	all_current_passes	no_key_intersection_or_cap
S1-605807268	S2-246072187	S2	India	HK Projects Pvt. Ltd.	PVT. HK PROJECTS LTD.	Rajkot, Clf Bunglow No-11 Dr.Rajendra Prasad Road, Rajkot, Near Choudhary H, Igh School, Gujarat	CLF BUNGLOW NO-11 DR.RAJENDRA PRASAD ROAD, RAJKOT, TRIKON BAUG, Gujarat	all_current_passes	no_key_intersection_or_cap
S1-254228362	S2-485738854	S2	India	Smart & Co Group	Stdrt & C0 Group	29/A Patwa Chawl 2Nd Floor80-80B Sheikh Memon St, Mumbai, Maharashtra	0029/A PATWA CHAWL 2ND FLOOR80-80B SHEIKH MEMON ST, MUMBAI, महाराष्ट्र	all_current_passes	no_key_intersection_or_cap
S1-222203294	S3-615057213	S3	India	Systems P&s Ventures Private Limited	Praviae Systems Pands Ventures Limited	Kh.No.117/12/2 & 118/16/1, 2Nd Floor Street No. 111, Blk-B, Sant Nagar, Village-Burari, New Delhi, North West, Delhi	Hn 882 Kh.no.117/12/2 & 118/16/1, दिल्ली, New Delhi, North West	all_current_passes	no_key_intersection_or_cap
S1-222203294	S3-117346864	S3	India	Systems P&s Ventures Private Limited	Prívate Systems P&s Ventures Limited	Kh.No.117/12/2 & 118/16/1, 2Nd Floor Street No. 111, Blk-B, Sant Nagar, Village-Burari, New Delhi, North West, Delhi	Hn 882 Kh.no.117/12/2 & 118/16/1, New Delhi, North West, DL	all_current_passes	no_key_intersection_or_cap
S1-85965426	S3-908442241	S3	India	Innovations (India) India Private Limited	Shri Innovations (India)-India Private	Shop No 15, 16, 17 Shanti Tower Iind Floor, Near Chang Gate, Beawar, Ajmer, Rajasthan		all_current_passes	no_key_intersection_or_cap
S1-519656611	S2-891374903	S2	US	713 Sunset Blvd Associates	713 Blvd Associates Center	1405 W Broadway, Unit 228, Louisville, KY	LOUISVILLE, 405 W BROADWAY, KY, PO BOX 999	all_current_passes	no_key_intersection_or_cap
S1-141265210	S2-661128680	S2	US	Physical Therapy Group	PHYSICAL PHYSICAL THERAPY	Maynard, Unit 6, 2 Oakridge Drive, MA	2 OAKRIDGE DRIVE, MA, MAYNARD	all_current_passes	no_key_intersection_or_cap
S1-141265210	S3-719335472	S3	US	Physical Therapy Group	Physical  Therapy	Maynard, Unit 6, 2 Oakridge Drive, MA	2 Oakridge Drive, Unit 6, Maynard, Massachusetts	all_current_passes	no_key_intersection_or_cap
S1-141265210	S3-586411589	S3	US	Physical Therapy Group	physicaltherapy.com	Maynard, Unit 6, 2 Oakridge Drive, MA	2 Oakridge Drive, # 6, Maynard, Massachusetts	all_current_passes	no_key_intersection_or_cap
S1-141265210	S3-624349296	S3	US	Physical Therapy Group	Umbrasol fka Physical Therapy Group	Maynard, Unit 6, 2 Oakridge Drive, MA	2 Oakridge Drive, Unit 6, Maynard, MA	all_current_passes	no_key_intersection_or_cap
S1-565544874	S2-29149657	S2	US	Dolley's Boutique	dolleysboutique.com	5140 155th Street, Urbandale, IA	URBANDALE, IA, 5140  155nd St	all_current_passes	no_key_intersection_or_cap
S1-445941109	S2-452480917	S2	India	Black Logistics Limited	ब्लैक लॉजिस्टिक्स लिमिटेड	Haryana, C/Oraj Rani, Kurukshetra, Shop No63, Near Sangam Palace Professorcolony, Ambala Road, Teh-Pehowa	HN 52 C/ORAJ RANI, KURUKSHETRA, हरियाणा	all_current_passes	no_key_intersection_or_cap
S1-445941109	S2-364329044	S2	India	Black Logistics Limited	ब्लैक लॉजिस्टिक्स लिमिटेड	Haryana, C/Oraj Rani, Kurukshetra, Shop No63, Near Sangam Palace Professorcolony, Ambala Road, Teh-Pehowa	HN 52 C/ORAJ RANI, SHOP NO63, NEAR SANGAM PALACE PROFESSORCOLONY, AMBALA ROAD, TEH-PEHOWA, KURUKSHETRA, Haryana	all_current_passes	no_key_intersection_or_cap
S1-445941109	S3-257163653	S3	India	Black Logistics Limited	ब्लैक लॉजिस्टिक्स लिमिटेड	Haryana, C/Oraj Rani, Kurukshetra, Shop No63, Near Sangam Palace Professorcolony, Ambala Road, Teh-Pehowa	C/oraj Rani, Kurukshetra, हरियाणा, Kurukshetra	all_current_passes	no_key_intersection_or_cap
S1-764841479	S3-297941196	S3	US	Internal Medicine Precision Health Inc	Internal Medicine Health Inc  Services	10535 45th Place, Yuma, AZ	010535 45th Pl, YMUA CITY, Arizona	all_current_passes	no_key_intersection_or_cap
S1-8068264	S2-754222017	S2	India	Tech Constructions Pvt Ltd	टेक कंस्ट्रक्शंस प्रा. लि.	Ground Floor, 1 Village Sarai Khawaja, Faridabad, Haryana	0238 GROUND FLOOR, 1 VILLAGE SARAI KHAWAJA, FARIDABAD, Haryana	all_current_passes	no_key_intersection_or_cap
S1-8068264	S2-989507234	S2	India	Tech Constructions Pvt Ltd	टेक कंस्ट्रक्शंस प्रा. लि.	Ground Floor, 1 Village Sarai Khawaja, Faridabad, Haryana	H.NO 0238 GROUND FLOOR, 1 VILLAGE SARAI KHAWAJA, FARIDABAD, Haryana	all_current_passes	no_key_intersection_or_cap
S1-8068264	S3-26009326	S3	India	Tech Constructions Pvt Ltd	टेक कंस्ट्रक्शंस प्रा. लि.	Ground Floor, 1 Village Sarai Khawaja, Faridabad, Haryana	Ground Floor, 1 Village Sarai Khawaja, Faridabad, हरियाणा	all_current_passes	no_key_intersection_or_cap
S1-8068264	S3-686309097	S3	India	Tech Constructions Pvt Ltd	टेक कंस्ट्रक्शंस प्रा. लि.	Ground Floor, 1 Village Sarai Khawaja, Faridabad, Haryana	Ground Floor, 1 Village Sarai Khawaja, Faridabad, HR	all_current_passes	no_key_intersection_or_cap
S1-8068264	S3-159665542	S3	India	Tech Constructions Pvt Ltd	टेक कंस्ट्रक्शंस प्रा. लि.	Ground Floor, 1 Village Sarai Khawaja, Faridabad, Haryana	Ground Floor, 1 Village Sarai Khawaja, Faridabad, HR	all_current_passes	no_key_intersection_or_cap
S1-745858308	S2-392159608	S2	US	Napoles Apex Ishares LLC	The-Napoles Apex Ishares LLC	160 Main Street, Unit Apartment 101, Foley, MN	160-162 MAIN STREET, FOLEY, MN	all_current_passes	no_key_intersection_or_cap
S1-472382232	S2-368505524	S2	US	Atwood Thunder Inc	atwoodthunder.com	1500 Sandoz Road, Unit 24, Newberg, OR	001500 SANDOZ ROAD, NEWBERG, OR	all_current_passes	no_key_intersection_or_cap
S1-472382232	S2-671720857	S2	US	Atwood Thunder Inc	Atwood Thaubner Inc	1500 Sandoz Road, Unit 24, Newberg, OR	001500 SANDOZ RD, NEWBERG, OR	all_current_passes	no_key_intersection_or_cap
S1-78304820	S2-988183501	S2	US	Prime National Computing Inc	primenational.com	Unit LOT 51, IN, Muncie, 9500 Wheeling Avenue	IN, MUNCIE, 9500  WHEELING AVENUE	all_current_passes	no_key_intersection_or_cap
S1-78304820	S2-805770527	S2	US	Prime National Computing Inc	primenationalcomputing.com	Unit LOT 51, IN, Muncie, 9500 Wheeling Avenue	IN, MUNCIE, 9500  WHEELING AVE	all_current_passes	no_key_intersection_or_cap
S1-152605010	S3-731076910	S3	India	Trading Grover Services Private Limited	Trading Ggve Services Private Limited	Rohini, Delhi, 1324, Neelkanth Apartments, Sector-13, Plot No-49, Delhi	1324, Rohini, दिल्ली	all_current_passes	no_key_intersection_or_cap
S1-915298960	S3-791453600	S3	India	Zeromile (India) Traders Private Limited	#Zeromileindia	Flat No 502/B, Versova Samarth Darshan Chs, 1B, New Mhada Complex, Lokhandwala, Andh, Eri W, Mumbai, Mumbai City, Maharashtra	Mumbai, महाराष्ट्र, Versova Samarth Darshan Chs, 1B, New Mhada Complex, Lokhandwala, Andh, Eri W, Mumbai City, No 502/B	all_current_passes	no_key_intersection_or_cap
S1-915298960	S3-951980255	S3	India	Zeromile (India) Traders Private Limited	Novilumonyx	Flat No 502/B, Versova Samarth Darshan Chs, 1B, New Mhada Complex, Lokhandwala, Andh, Eri W, Mumbai, Mumbai City, Maharashtra	Flat No 502/B, महाराष्ट्र, Mumbai, Mumbai City	all_current_passes	no_key_intersection_or_cap
S1-595046905	S2-156021506	S2	India	Digital Finance Private Limited	डिजिटल फाइनेंस प्राइवेट लिमिटेड	Delhi, Kamal Vihar Karawal Nagar, North East, A-122, Delhi	876 A-122, KAMAL VIHAR KARAWAL NAGAR, DELHI, NORTH EAST, Delhi	all_current_passes	no_key_intersection_or_cap
S1-94411349	S3-469305796	S3	US	Unified Ethereum P.C.	Unified P.C. Center	4311 Kenston Place, Missouri City, TX		all_current_passes	no_key_intersection_or_cap
S1-173089268	S2-203764257	S2	India	He Properties Pvt. Ltd.	He Probpeiges Pvt. Ltd.	1St Flr, Marry Villa, Kirol Village, Ghatkoper Nr Fatima High School, Vidyavihar (W), Mumbai, Mumbai City, Maharashtra		all_current_passes	no_key_intersection_or_cap
S1-167644336	S3-998615527	S3	US	Gallagher and Chapman Group	gállagherchapmangroup.com	200 Claremont Street, Babylon, NY	DEER PARK, 200 Claremont St, New York	all_current_passes	no_key_intersection_or_cap
S1-861271386	S3-375877393	S3	US	Surgical Peak Care PC	Surgica1 Peak Cáre PC	33 Bond Street, Needham, MA	Bond Street, Needham, Massachusetts	all_current_passes	no_key_intersection_or_cap
S1-568176449	S3-2357671	S3	India	Ziva Brothers Limited	Ziva Br0thers Limited	Saidapet, Kanchipuram, No.134 B, 1St Main Road, Royala Nagar, Ramapuram, Tamil Nadu	No.134 B, N/A, Saidapet, Kanchipuram, TN	all_current_passes	no_key_intersection_or_cap
S1-98996784	S3-434682538	S3	US	Ashmore Beauty Inc	Ashmore Inc Partners	96 New York Avenue, West Union, WV	97 New York Avenue, West Union, West Virginia	all_current_passes	no_key_intersection_or_cap
S1-345464692	S3-56482890	S3	India	Que Institute	Que-Inst	B-4/3, Model Town Part-I, Delhi, South Delhi, Delhi	B-04/3, Delhi, South Delhi, DL	all_current_passes	no_key_intersection_or_cap
S1-765692781	S2-767892261	S2	US	VF Equitable LLC	The VF Equitable [LLC]	4142 530, Unit 24J, Millcreek, UT	UT, MILLCREEK, 4142 530	all_current_passes	no_key_intersection_or_cap
S1-8731441	S3-899423032	S3	India	Bombay Foods Private Limited	বোম্বে ফুডস প্রাইভেট লিমিটেড	Dhanshree Tower 70, Diamond Harbour Road, Kolkata, Kolkata, Howrah, West Bengal	Howrah, WB, Kolkata, Dhanshree Tower 70	all_current_passes	no_key_intersection_or_cap
S1-88136506	S2-462782452	S2	India	Jaipur Trading Private Limited	Prnivate Jaipur Trading Limited	Plot No. 7, Ashutosh Appartment, Air Force Road 2-Shivam Society, Street-2, Jamangar, Gujarat	PLOT NO. 7, ASHUTOSH APPARTMENT, AIR FORCE ROAD 2-SHIVAM SOCIETY, STREET-2, BAGALKOT, ગુજરાત	all_current_passes	no_key_intersection_or_cap
S1-815768261	S3-974510078	S3	US	Clean Automation Holdings	Clean Autnamrthion [Holdings]	718 Torrington Drive, Naperville, IL	71 Torrington Dr, Naperville, Illinois	all_current_passes	no_key_intersection_or_cap
S1-122877827	S2-273839257	S2	India	Studio Foundation of Hyderabad Pvt Ltd	Studio Fmoundhation of Hyderabad Pvt Ltd	22-4-196 Rangeli Khidki Alijah Kotla, Yakutpura, Hyderabad, Telangana		all_current_passes	no_key_intersection_or_cap
S1-290900198	S3-582871876	S3	India	First Floor East Of Kailash Financial Private Limited	Yumadovabelo	F-11, First Floor East Of Kailash, New Delhi, Delhi	Block B-66 F-11, First Floor East Of Kailash, New Delhi, दिल्ली	all_current_passes	no_key_intersection_or_cap
S1-199799418	S2-779956987	S2	US	Esquivel, Lazaro & Bryant Inc.	el.com	933 Turner Road, Huntington, WV	933 1/2 TURNER ROAD, HUNTINGTON, WV	all_current_passes	no_key_intersection_or_cap
S1-197300189	S2-717789741	S2	India	Tushita & Brothers Private Limited	TUSHITA & LIMITED PRIVATE BROTHERS	Palapparambil House Kummanodu, Pattimattom P O, Ernakulam, Kerala	Kerala, PALAPPARAMBIL HOUSE KUMMANODU, PATTIMATTOM P O	all_current_passes	no_key_intersection_or_cap
S1-906586605	S2-266923289	S2	India	Dhruthi Law Chambers Pvt Ltd	Dhruthi Dhruthi Law Chambers Pvt Ltd	B-5, Sector - 64, Noida, Gautam Buddha Nagar, Uttar Pradesh	NO. 00922 B-5, SECTOR - 64, NOIDA, उत्तर प्रदेश	all_current_passes	no_key_intersection_or_cap
S1-662480520	S2-184643314	S2	US	Foot & Ankle Pacific Group	Foot & Ankle Pacific LLC	7501 Trafalgar Circle, Unit 105, Hanover, MD	7501-7503 TRAFALGAR CIR, HANOVER, MD	all_current_passes	no_key_intersection_or_cap
S1-662480520	S3-164902383	S3	US	Foot & Ankle Pacific Group	Foot & Ankle	7501 Trafalgar Circle, Unit 105, Hanover, MD	Maryland, 750 Trafalgar Circle, Unit 105, Hanover Township	all_current_passes	no_key_intersection_or_cap
S1-887114210	S2-486799995	S2	US	Urgent Care Gulf Associates LLC	URGENT CARE GULF LLC CENTER	6169 Parkview Crossing, Dublin, OH	##6169 PARKVIEW XING, DUBLIN, OH	all_current_passes	no_key_intersection_or_cap
S1-887114210	S3-107081286	S3	US	Urgent Care Gulf Associates LLC	Urgent Care 6ulf Associates L.L.C.	6169 Parkview Crossing, Dublin, OH	Dublin, Ohio, 6169 Parkview Crossing	all_current_passes	no_key_intersection_or_cap
S1-578581390	S2-72374918	S2	US	Platinum Amc LLC	Plaaogtinm Amc  LLC	Lakebay, WA, 8016 Silver Bow Road	WA, 8016 SILVER BOW RD, LAKEBAY, null	all_current_passes	no_key_intersection_or_cap
S1-739295730	S2-539346910	S2	India	Omega Trading Private Limited	Omega Private Trading Limited	H. No. 2-10-765, Bank Colony Waddepally 'X' Road, Subedari, Hanamkonda, Telangana	2-10-765 , BANK COLONY WADDEPALLY 'X' ROAD, SUBEDARI, Telangana	all_current_passes	no_key_intersection_or_cap
S1-739295730	S2-450293856	S2	India	Omega Trading Private Limited	Omega Private  Limited Services	H. No. 2-10-765, Bank Colony Waddepally 'X' Road, Subedari, Hanamkonda, Telangana	H. NO. 2-10-765, BANK COLONY WADDEPALLY 'X' ROAD, SUBEDARI, Telangana	all_current_passes	no_key_intersection_or_cap
S1-739295730	S3-275366329	S3	India	Omega Trading Private Limited	Drexmira	H. No. 2-10-765, Bank Colony Waddepally 'X' Road, Subedari, Hanamkonda, Telangana	H. No. 2-10-765, Bank Colony Waddepally 'X' Road, Subedari, Hanamkonda, TG	all_current_passes	no_key_intersection_or_cap
S1-653225604	S2-549206831	S2	India	Sree Software Private Limited	श्री सॉफ्टवेयर प्राइवेट लिमिटेड	B-8, Ansal Chamber-1, 3 Bhikaji Cama Place, New Delhi, South West Delhi, Delhi	B-08, ANSAL CHAMBER-1, 3 BHIKAJI CAMA PLACE, NEW DELHI, SOUTH WEST DELHI, Delhi	all_current_passes	no_key_intersection_or_cap
S1-653225604	S2-386298813	S2	India	Sree Software Private Limited	श्री सॉफ्टवेयर प्राइवेट लिमिटेड	B-8, Ansal Chamber-1, 3 Bhikaji Cama Place, New Delhi, South West Delhi, Delhi	B-08, SOUTH WEST DELHI, Delhi, ANSAL CHAMBER-1, 3 BHIKAJI CAMA PLACE, NEW DELHI	all_current_passes	no_key_intersection_or_cap
S1-949966743	S2-201880024	S2	US	Interstate Platforms LLC	Zetaonyxsyn	1076 Laurie Lane, Cedar City, UT	CEDAR CITY, LAURIE LN, UT	all_current_passes	no_key_intersection_or_cap
S1-949966743	S3-423700024	S3	US	Interstate Platforms LLC	Interstate Plttforms LLC	1076 Laurie Lane, Cedar City, UT	001076 Laurie Ln, Cedar Citycdp, Utah	all_current_passes	no_key_intersection_or_cap
S1-949966743	S3-269983516	S3	US	Interstate Platforms LLC	Lnterstate Platforms LLC	1076 Laurie Lane, Cedar City, UT	001076 Laurie Lane, Cedar Citycdp, Utah	all_current_passes	no_key_intersection_or_cap
S1-908063079	S2-689931902	S2	India	Real Good Services Limited	રિયલ ગુડ સર્વિસીસ લિમિટેડ	6, Amravati Society, Opp. Reliance Petrol Pump, Gotri Road, Vadodara, Gujarat	6, VADODARA, ગુજરાત, VADODARA	all_current_passes	no_key_intersection_or_cap
S1-908063079	S3-89723256	S3	India	Real Good Services Limited	રિયલ ગુડ સર્વિસીસ લિમિટેડ	6, Amravati Society, Opp. Reliance Petrol Pump, Gotri Road, Vadodara, Gujarat	1, Vadodara, GJ	all_current_passes	no_key_intersection_or_cap
S1-798132216	S3-380223548	S3	US	Negrete, Hines & Flores Morgan	negretehinesflores.com	Chelsea, MA, Unit 1, 31 Crescent Avenue	Massachusetts, Chelsea, 31 Crescent Ave	all_current_passes	no_key_intersection_or_cap
S1-638252846	S2-171179881	S2	India	Apex Technology Limited	एपेक्स टेक्नोलॉजी लिमिटेड	Indore, Madhya Pradesh, Survey No. 101/5 Village Lasudiya Mori, Indore	DOOR NO 101/5 VILLAGE LASDIYA MORI, NULL, INDORE, Madhya Pradesh	all_current_passes	no_key_intersection_or_cap
S1-638252846	S2-748021495	S2	India	Apex Technology Limited	एपेक्स टेक्नोलॉजी लिमिटेड	Indore, Madhya Pradesh, Survey No. 101/5 Village Lasudiya Mori, Indore	DOOR NO 101/5 VILLAGE LASUDIYA MORI, NULL, INDORE, मध्य प्रदेश	all_current_passes	no_key_intersection_or_cap
S1-126147054	S3-537129827	S3	US	Eilers Platinum Light LLC	Eilers Pglirtum Light LLC	4813 Eldridge Road, Chattanooga, TN	4813c Eldridge Rd, Tennessee, Hixson	all_current_passes	no_key_intersection_or_cap
S1-623127360	S2-640469692	S2	US	Federal Colonial Muzero	federalcolonialmuzero.com	6018 Hickory Street, IL, Harvard	HARVARD, IL, 6018 HICKORY ST	all_current_passes	no_key_intersection_or_cap
S1-848337111	S3-772111286	S3	India	Al Tech Enterprises Limited	अल टेक एंटरप्राइजेज लिमिटेड	Mcf-67, Bhoor Colony, Old Faridabad, Faridabad, C/O Shri Chand, Haryana, Faridabad	C/o Shri Chand, Faridabad, HR	all_current_passes	no_key_intersection_or_cap
S1-848337111	S3-963548712	S3	India	Al Tech Enterprises Limited	अल टेक एंटरप्राइजेज लिमिटेड	Mcf-67, Bhoor Colony, Old Faridabad, Faridabad, C/O Shri Chand, Haryana, Faridabad	C/o Shri Chand, Faridabad, हरियाणा	all_current_passes	no_key_intersection_or_cap
S1-865359652	S2-955542197	S2	India	Ek Energy Private Limited	EKENERGY.COM	101-102, Block D, Notus It Park Sarabhai Campus, Near Genda Circle, Vadodara, Gujarat	BLOCK D, NOTUS IT PARK SARABHAI CAMPUS, NEAR GENDA CIRCLE, Gujarat, HN 261 101-102, VADODARA, BARODA	all_current_passes	no_key_intersection_or_cap
S1-19014404	S2-260436994	S2	India	Prime Infrastructure Private Limited	प्राइम इंफ्रास्ट्रक्चर प्राइवेट लिमिटेड	Industrial Area Site V, Gautam Buddha Nagar, Plot No A 2/146 Surajpur, Noida, Uttar Pradesh	H.NO 132 PLOT NO A 2/146 SURAJPUR, NOIDA, GAUTAM BUDDHA NAGAR, Uttar Pradesh	all_current_passes	no_key_intersection_or_cap
S1-271377293	S3-145883913	S3	US	Metro Northern	Verahaloxylo Co formerly Metro Northern	CA, Upland, 1550 Bison Street	1550 Bison Street, Upland, CA	all_current_passes	no_key_intersection_or_cap
S1-814995119	S3-996442942	S3	India	Anand Exports Pvt Ltd	आनंद एक्सपोर्ट्स प्रा. लि.	54 Bajaj Bhawannariman Point, Mumbai, Maharashtra	Door No 54 Bajaj Bhawannariman Point, Mumbai, MH	all_current_passes	no_key_intersection_or_cap
S1-814995119	S3-567281127	S3	India	Anand Exports Pvt Ltd	आनंद एक्सपोर्ट्स प्रा. लि.	54 Bajaj Bhawannariman Point, Mumbai, Maharashtra	Door No 54 Bajaj Bhawannariman Point, Mumbai, MH	all_current_passes	no_key_intersection_or_cap
S1-84487994	S3-890403078	S3	India	Ashapura Film Ltd	Ashapurafilm.Com	17, Iyer Fram B.T.Nagar, Gerukambakkam, Porur, Chennai-101, Porur, Chennai-101, Chennai, Tamil Nadu	17/7, Iyer Fram B.t.nagar, Gerukambakkam, Porur, Chennai-101, Porur, Chennai-101, Chennai, TN	all_current_passes	no_key_intersection_or_cap
S1-166510323	S2-663097256	S2	India	White Power Private Limited	વ્હાઇટ પાવર પ્રાઇવેટ લિમિટેડ	611, J. B. Tower, Opp. Doordarshan Kendra, Ahmadabad City, Ahmedabad, Gujarat	11, J. B. TOWER, OPP. DOORDARSHAN KENDRA, AHMEDABAD, Gujarat	all_current_passes	no_key_intersection_or_cap
S1-166510323	S2-623938316	S2	India	White Power Private Limited	વ્હાઇટ પાવર પ્રાઇવેટ લિમિટેડ	611, J. B. Tower, Opp. Doordarshan Kendra, Ahmadabad City, Ahmedabad, Gujarat	11, J. B. TOWER, OPP. DOORDARSHAN KENDRA, AHMEDABAD, Gujarat	all_current_passes	no_key_intersection_or_cap
S1-66980183	S2-586734926	S2	India	Seven Builders Private Limited	सेवन बिल्डर्स प्राइवेट लिमिटेड	Haryana, Panchkula, Khatoni 14/14, Village Uperli Kundi, Sector 20, Panchkula, Khasra No 27	KHASRA NO 27, PANCHKULA, Haryana	all_current_passes	no_key_intersection_or_cap
S1-66980183	S3-725452522	S3	India	Seven Builders Private Limited	The Seven Builders Private Limited	Haryana, Panchkula, Khatoni 14/14, Village Uperli Kundi, Sector 20, Panchkula, Khasra No 27	#27, Panchkula, हरियाणा	all_current_passes	no_key_intersection_or_cap
S1-66980183	S3-860318373	S3	India	Seven Builders Private Limited	Smt Seven Builders Private Límited (ID: 93201)	Haryana, Panchkula, Khatoni 14/14, Village Uperli Kundi, Sector 20, Panchkula, Khasra No 27	No 27, Divreportingcircle, Panchkula, HR	all_current_passes	no_key_intersection_or_cap
S1-664638595	S3-54409958	S3	US	Empire Pacific Flagstar	Empire Flagstar Flagstar Pacific	TX, Alvin, 620 Cr 99	00620 Cr 99, Alvin, Texas	all_current_passes	no_key_intersection_or_cap
S1-755152831	S2-549697297	S2	India	Classic Agro Limited	क्लासिक एग्रो लिमिटेड	H.No. 333-P, Ist Floor, Sector 27, Galleria Dlf-Iv, Gurgaon, Haryana	H.NO. 333-P, IST FLOOR, SECTOR 27, GALLERIA DLF-IV, GURGAON, Haryana	all_current_passes	no_key_intersection_or_cap
S1-755152831	S3-670229445	S3	India	Classic Agro Limited	क्लासिक एग्रो लिमिटेड	H.No. 333-P, Ist Floor, Sector 27, Galleria Dlf-Iv, Gurgaon, Haryana	H.no. 333-P, Galleria Dlf-iv, हरियाणा, Gurgaon	all_current_passes	no_key_intersection_or_cap
S1-848974405	S3-839688488	S3	India	Horizon Technologies Private Limited	hórizontechnologies.com	6 & 6/1 Gurgola Ghat Road, Howrah, West Bengal	Howrah, Door No 6 & 6/1 Gurgola Ghat Road, Howrah, WB	all_current_passes	no_key_intersection_or_cap
S1-145619099	S2-957793746	S2	India	Jai Properties Private Limited	जय प्रॉपर्टीज प्राइवेट लिमिटेड	C/O Mohd Safi Mohd Suleman, At Po Barshi Takli Taluka Barshitakli, Akola, Maharashtra	H.NO 780 C/O MOHD SAFI MOHD SULEMAN, AT PO BARSHI TAKLI TALUKA BARSHITAKLI, AKOLA, Maharashtra	all_current_passes	no_key_intersection_or_cap
S1-145619099	S2-111944280	S2	India	Jai Properties Private Limited	Jai Prophie Private Limited	C/O Mohd Safi Mohd Suleman, At Po Barshi Takli Taluka Barshitakli, Akola, Maharashtra	#780 C/O MOHD SAFI MOHD SULEMAN, AT PO BARSHI TAKLI TALUKA BARSHITAKLI, AKOLA, Maharashtra	all_current_passes	no_key_intersection_or_cap
S1-145619099	S2-723327964	S2	India	Jai Properties Private Limited	Jai Psdoeprtiis Private Limited	C/O Mohd Safi Mohd Suleman, At Po Barshi Takli Taluka Barshitakli, Akola, Maharashtra	780 C/O MOHD SAFI MOHD SULEMAN, AT PO BARSHI TAKLI TALUKA BARSHITAKLI, AKOLA, Maharashtra	all_current_passes	no_key_intersection_or_cap
S1-839300613	S3-250964149	S3	US	Congregation Ministries	cministries.com	1047 Madison Avenue, New York, NY	1047-1049 Madison Ave, New York	all_current_passes	no_key_intersection_or_cap
S1-64638510	S3-553773888	S3	US	Vision Tri-State Medicine	visiontristatemedicine.com	6421 Fianna Hills Drive, Fort Worth, TX	6421 1/2 Fianna Hills Drive, Fort Worth, Texas	all_current_passes	no_key_intersection_or_cap
S1-64638510	S3-790008302	S3	US	Vision Tri-State Medicine	Vision Trbc-State Medicine	6421 Fianna Hills Drive, Fort Worth, TX	6421 1/2 Fianna Hills Dr, Fort Worth, Texas	all_current_passes	no_key_intersection_or_cap
S1-525512001	S3-865534105	S3	US	Atlantic Trading LLC	Quonoviecto formerly known as Atlantic Trading LLC	98 Comstock Trail, East Hampton, CT	East Hampton, CT, 98 Comstock Trail	all_current_passes	no_key_intersection_or_cap
S1-695962769	S3-668397372	S3	US	WKB Fortress Inc	WKB Inc Partners	208 Minton Circle, Bedford County, VA		all_current_passes	no_key_intersection_or_cap
S1-593651034	S3-427800686	S3	India	Kritita Agrofarms Private Limited	Kritita	C/O Bharti Pandey, Madhubani, Tola- Ghusiyar, Areraj, East Champaran, Bihar	C/O Bharti Pandey, Madhubani, Tola- Ghusiyar, Areraj, East Champaran, Bihar	all_current_passes	no_key_intersection_or_cap
S1-425573756	S3-65200494	S3	India	Great Tech LLP	ग्रेट टेक एलएलपी	1St Floor Vijas House Densons Plot No C 1 Cama Industrial Estate Walbhatt Road Gao, Regaon E, Mumbai, Mumbai City, Maharashtra	No 1St/2 Floor Vijas House Densons Plot No C 1 Cama Industrial Estate Walbhatt Road Gao, Regaon E, Mumbai, Mumbai City, MH	all_current_passes	no_key_intersection_or_cap
S1-425573756	S3-231353554	S3	India	Great Tech LLP	ग्रेट टेक एलएलपी	1St Floor Vijas House Densons Plot No C 1 Cama Industrial Estate Walbhatt Road Gao, Regaon E, Mumbai, Mumbai City, Maharashtra	1St/2 Floor Vijas House Densons Plot No C 1 Cama Industrial Estate Walbhatt Road Gao, Regaon E, Mumbai City, Mumbai, MH	all_current_passes	no_key_intersection_or_cap
S1-666598267	S2-539844486	S2	US	Thompson's Accounting	thompsonsaccounting.com	2184 12th Street, Troy, NY	2184 TWELFTH ST, TROY, NY	all_current_passes	no_key_intersection_or_cap
S1-966352755	S3-304238123	S3	US	Interfaith Fellowship LLC	Interfaith Fedsfhp LLC	5613 Sterlingwoods Drive, Fuquay Varina, NC		all_current_passes	no_key_intersection_or_cap
S1-966352755	S3-342176255	S3	US	Interfaith Fellowship LLC	Tavonylavio	5613 Sterlingwoods Drive, Fuquay Varina, NC	Fuquay Varina, 5613 Sterlingwoods Drive, NC	all_current_passes	no_key_intersection_or_cap
S1-644042767	S3-192600505	S3	US	Brown and Boone Sony	Brown Brown and Boone (Sony)	401 Johnston Avenue, Rockford, IL	390-C Johnston Ave, Rockford, Illinois	all_current_passes	no_key_intersection_or_cap
S1-122129571	S2-76877801	S2	US	Metropolitan Equity Partners Inc	partnersequitymetropolitan.com	8352 143rd Street, Apple Valley, MN	8352-8354 143ST ST, SAINT PAUL, MN	all_current_passes	no_key_intersection_or_cap
S1-122129571	S3-831671026	S3	US	Metropolitan Equity Partners Inc	partnersequitymetropolitan.com	8352 143rd Street, Apple Valley, MN	8352c 143rd St, Apple Valley, Minnesota	all_current_passes	no_key_intersection_or_cap
S1-945983033	S3-733963050	S3	US	Bay Great Pharma LLC	Onyxumbra née Bay Great Pharma LLC	408 Viale Bond Street, Roswell, NM	NM, 408 Viale Bond Street, Roswell	all_current_passes	no_key_intersection_or_cap
S1-229636920	S2-952935289	S2	US	Hughes Ashford LLC	HUGHES  ATOSFIOBFRD LLC	2042 71 Street, Brooklyn, NY	NY, BROOKLYN, 2043 71 Street	all_current_passes	no_key_intersection_or_cap
S1-481488227	S2-581783718	S2	US	Eastern College	Eastern Cloege	355 Pond Field Road, West Point, TN	356 POND FIELD RD, WEST POINT, TN	all_current_passes	no_key_intersection_or_cap
S1-481488227	S3-466840897	S3	US	Eastern College	Eastern Clflge	355 Pond Field Road, West Point, TN	355A Pond Field Road, West Point, Tennessee	all_current_passes	no_key_intersection_or_cap
S1-376841393	S2-943469278	S2	India	Tirupati Surya Engineering Private Limited	తిరుపతి సూర్య ఇంజనీరింగ్ ప్రైవేట్ లిమిటెడ్	H No 8-3-319/8/3-2, Flat No 302, 3Rd Floor, Prashanthi Ram Towers, Khairatabad, Hyderabad, Telangana	H NO 008-3-319/8/3-2, HYDERABAD, Telangana	all_current_passes	no_key_intersection_or_cap
S1-376841393	S2-237482059	S2	India	Tirupati Surya Engineering Private Limited	Tirupati Sbyfa Engineering Private Limited	H No 8-3-319/8/3-2, Flat No 302, 3Rd Floor, Prashanthi Ram Towers, Khairatabad, Hyderabad, Telangana	H NO 008-3-319/8/3-2 , FLAT NO 302, 3RD FLOOR, PRASHANTHI RAM TOWERS, KHAIRATABAD, Telangana	all_current_passes	no_key_intersection_or_cap
S1-376841393	S3-77379165	S3	India	Tirupati Surya Engineering Private Limited	Tirupati 5urya Engineering Private Limited	H No 8-3-319/8/3-2, Flat No 302, 3Rd Floor, Prashanthi Ram Towers, Khairatabad, Hyderabad, Telangana	H No 8-3-319/8/3-2, Flat No 302, 3Rd Floor, Prashanthi Ram Towers, Khairatabad, Hyderabad, TG	all_current_passes	no_key_intersection_or_cap
S1-189487454	S2-424373321	S2	India	Reform Services LLP	Mr Reform Service LLP	C-120, Naraina Industrial Area New Delhi, Delhi	Delhi, C-20, NARAINA INDUSTRIAL AREA NEW DELHI	all_current_passes	no_key_intersection_or_cap
S1-31338710	S2-776368859	S2	India	Vision Hospitality Private Limited	visionhospitality.com	Pl No - 97 / 1 / 2 / 3, Sect No - 06, Pl No B - 001, Tulsi Vandan Apt, Moshi, Pune, Maharashtra	Maharashtra, PL NO - B3/97 / 1 / 2 / 3, SECT NO - 06, PL NO B - 001, TULSI VANDAN APT, MOSHI, PUNE	all_current_passes	no_key_intersection_or_cap
S1-31338710	S3-179164369	S3	India	Vision Hospitality Private Limited	विजन हॉस्पिटैलिटी प्राइवेट लिमिटेड	Pl No - 97 / 1 / 2 / 3, Sect No - 06, Pl No B - 001, Tulsi Vandan Apt, Moshi, Pune, Maharashtra	Sect No - 06, Pl No B - 001, Tulsi Vandan Apt, Moshi, Pune, MH, Pl No - 97 / 1 / 2 / 3, Poona	all_current_passes	no_key_intersection_or_cap
S1-868574189	S3-81478105	S3	India	India Ap Solar Partners	Evowex	Kolkata, Calcutta, West Bengal, 9 Lal Bazar St B-Block 3Rd Fl	H.no #9 Lal Bazar St B-bolck 3Rd Fl, Kolkata, WB	all_current_passes	no_key_intersection_or_cap
S1-43416014	S3-549455763	S3	India	Raj Consultancy Private Limited	rcprivate.com	384, Dongree Building, Lamington Road, Mumbai, Maharashtra	384, Lamington Road, Mumbai, MH	all_current_passes	no_key_intersection_or_cap
